instance_id,si_origin_city,si_destination_city,ratio,si_cost,si_unit,si_baseline_cost,si_budget,si_tolerance_allowance,si_nodes,si_node_percent,si_edges,si_edge_percent,si_build_ms,si_build_p95_ms,si_mask_bytes,si_precomputed_bytes,si_bbox_area_km2,si_boundary_risk,si_dataset_sha256,si_graph_nodes_sha256,si_graph_edges_sha256,si_routing_config_sha256,si_od_instances_sha256,ext_cost,ext_unit,ext_baseline_cost,ext_budget,ext_nodes,ext_edges,ext_node_percent,ext_edge_percent,ext_delta_nodes,ext_delta_edges,ext_marginal_from_previous,ext_occupied_grid_area_km2,ext_bbox_area_km2,ext_extent_x_min_m,ext_extent_x_max_m,ext_extent_y_min_m,ext_extent_y_max_m,ext_near_boundary_nodes,ext_near_source_gap_nodes,ext_crop_boundary_risk,ext_source_gap_risk,ext_boundary_risk,ext_boundary_sha256,ext_build_ms,ext_mask_bytes,ext_precomputed_bytes,ext_dataset_sha256,ext_graph_nodes_sha256,ext_graph_edges_sha256,ext_routing_config_sha256,ext_od_instances_sha256,si_budget_s,ext_budget_s,routing_config_sha256,od_instances_sha256,boundary_sha256,si_boundary_sha256
0,Piran,Murska_Sobota,1.0,travel_time,seconds,10653.424915220781,10653.424915220781,1.075342491522078e-06,4544,0.2046001719109719,4543,0.10321256198887858,5.561692989431322,6.258143542800099,6622513,88514776,26743.71407560996,False,7fae267d1b5f691bcdf4d543dab907175dc77b740960042b48a751bf15a2d693,923d90961262f4c4cc257099ce612a8470aa7f633416aef8d32c7ce75b0b6229,58e10b01925eabb867e4d5c253fa01fc8c347bdeca028c5810736c1c15620c74,373bc096448cdc507d5c00c27fc9560494f830151f5b976fd48b7ebb576c2024,cc4d532031d8b49a2bf7090f5ab4c8693f9b28e9449ac04ec1b81bdaf48362b1,travel_time,seconds,10653.424915220781,10653.424915220781,4544,4543,0.07711500283920333,0.039295680926336646,4544,4543,False,361.0,26743.71407560996,4601030.3587991875,4793459.995789345,2496779.4901512396,2635758.674927116,0,0,False,False,False,6c9a928b81e9f356e9963f68819f878b34687b9659b42c863c2d9c5b23b21ce4,16.238868003711104,17453565,233908488,e10a5d4bb2a927d1bdcf21a41d30971a9301a82e08656c0419ef45e3f92de7a7,7424eea357d98b54c4652062440a1d287d509f1b7250f7eabbcc5185cde923b5,37f0f75e71de97e0b045d53af23b181e034e6c3262a1a4079d582f37471bb1b8,373bc096448cdc507d5c00c27fc9560494f830151f5b976fd48b7ebb576c2024,cc4d532031d8b49a2bf7090f5ab4c8693f9b28e9449ac04ec1b81bdaf48362b1,10653.424915220781,10653.424915220781,373bc096448cdc507d5c00c27fc9560494f830151f5b976fd48b7ebb576c2024,cc4d532031d8b49a2bf7090f5ab4c8693f9b28e9449ac04ec1b81bdaf48362b1,6c9a928b81e9f356e9963f68819f878b34687b9659b42c863c2d9c5b23b21ce4,f5813a8cda35bb54b0d3123e62701165e10068f532b0aa0fda70926f2d7ddc32
0,Piran,Murska_Sobota,1.05,travel_time,seconds,10653.424915220781,11186.09616098182,1.128609616098182e-06,171784,7.73482304831743,314554,7.146362364923996,5.5987079394981265,5.720461788587272,6622513,88514776,29387.263857972153,True,7fae267d1b5f691bcdf4d543dab907175dc77b740960042b48a751bf15a2d693,923d90961262f4c4cc257099ce612a8470aa7f633416aef8d32c7ce75b0b6229,58e10b01925eabb867e4d5c253fa01fc8c347bdeca028c5810736c1c15620c74,373bc096448cdc507d5c00c27fc9560494f830151f5b976fd48b7ebb576c2024,cc4d532031d8b49a2bf7090f5ab4c8693f9b28e9449ac04ec1b81bdaf48362b1,travel_time,seconds,10653.424915220781,11186.09616098182,172098,315107,2.920628908147275,2.725587525788061,167554,310564,True,1253.0,29387.263857972153,4599927.099979267,4800438.808488789,2493109.9266330814,2639671.2625092687,0,0,False,False,False,6c9a928b81e9f356e9963f68819f878b34687b9659b42c863c2d9c5b23b21ce4,15.621265978552401,17453565,233908488,e10a5d4bb2a927d1bdcf21a41d30971a9301a82e08656c0419ef45e3f92de7a7,7424eea357d98b54c4652062440a1d287d509f1b7250f7eabbcc5185cde923b5,37f0f75e71de97e0b045d53af23b181e034e6c3262a1a4079d582f37471bb1b8,373bc096448cdc507d5c00c27fc9560494f830151f5b976fd48b7ebb576c2024,cc4d532031d8b49a2bf7090f5ab4c8693f9b28e9449ac04ec1b81bdaf48362b1,11186.09616098182,11186.09616098182,373bc096448cdc507d5c00c27fc9560494f830151f5b976fd48b7ebb576c2024,cc4d532031d8b49a2bf7090f5ab4c8693f9b28e9449ac04ec1b81bdaf48362b1,6c9a928b81e9f356e9963f68819f878b34687b9659b42c863c2d9c5b23b21ce4,f5813a8cda35bb54b0d3123e62701165e10068f532b0aa0fda70926f2d7ddc32
0,Piran,Murska_Sobota,1.1,travel_time,seconds,10653.424915220781,11718.76740674286,1.1818767406742858e-06,382217,17.2098732190352,728421,16.54901994640126,5.488779046572745,5.689731927122921,6622513,88514776,31894.078403209245,True,7fae267d1b5f691bcdf4d543dab907175dc77b740960042b48a751bf15a2d693,923d90961262f4c4cc257099ce612a8470aa7f633416aef8d32c7ce75b0b6229,58e10b01925eabb867e4d5c253fa01fc8c347bdeca028c5810736c1c15620c74,373bc096448cdc507d5c00c27fc9560494f830151f5b976fd48b7ebb576c2024,cc4d532031d8b49a2bf7090f5ab4c8693f9b28e9449ac04ec1b81bdaf48362b1,travel_time,seconds,10653.424915220781,11718.76740674286,399918,760574,6.7869009034877905,6.578752635894247,227820,445467,True,2882.0,32017.44106802265,4599863.109548703,4806046.520188272,2488656.422224009,2643942.6354489545,0,0,False,False,False,6c9a928b81e9f356e9963f68819f878b34687b9659b42c863c2d9c5b23b21ce4,15.727494959719479,17453565,233908488,e10a5d4bb2a927d1bdcf21a41d30971a9301a82e08656c0419ef45e3f92de7a7,7424eea357d98b54c4652062440a1d287d509f1b7250f7eabbcc5185cde923b5,37f0f75e71de97e0b045d53af23b181e034e6c3262a1a4079d582f37471bb1b8,373bc096448cdc507d5c00c27fc9560494f830151f5b976fd48b7ebb576c2024,cc4d532031d8b49a2bf7090f5ab4c8693f9b28e9449ac04ec1b81bdaf48362b1,11718.76740674286,11718.76740674286,373bc096448cdc507d5c00c27fc9560494f830151f5b976fd48b7ebb576c2024,cc4d532031d8b49a2bf7090f5ab4c8693f9b28e9449ac04ec1b81bdaf48362b1,6c9a928b81e9f356e9963f68819f878b34687b9659b42c863c2d9c5b23b21ce4,f5813a8cda35bb54b0d3123e62701165e10068f532b0aa0fda70926f2d7ddc32
0,Piran,Murska_Sobota,1.2,travel_time,seconds,10653.424915220781,12784.109898264936,1.2884109898264936e-06,834369,37.5686709588877,1629740,37.02611507280541,5.603318102657795,5.991457425989211,6622513,88514776,35535.962570397656,True,7fae267d1b5f691bcdf4d543dab907175dc77b740960042b48a751bf15a2d693,923d90961262f4c4cc257099ce612a8470aa7f633416aef8d32c7ce75b0b6229,58e10b01925eabb867e4d5c253fa01fc8c347bdeca028c5810736c1c15620c74,373bc096448cdc507d5c00c27fc9560494f830151f5b976fd48b7ebb576c2024,cc4d532031d8b49a2bf7090f5ab4c8693f9b28e9449ac04ec1b81bdaf48362b1,travel_time,seconds,10653.424915220781,12784.109898264936,909663,1769114,15.437646308916863,15.302341903217064,509745,1008540,True,6794.0,38913.4745114799,4597399.224283172,4818125.536366065,2475725.927304557,2652023.325400286,0,0,False,False,False,6c9a928b81e9f356e9963f68819f878b34687b9659b42c863c2d9c5b23b21ce4,15.667012077756226,17453565,233908488,e10a5d4bb2a927d1bdcf21a41d30971a9301a82e08656c0419ef45e3f92de7a7,7424eea357d98b54c4652062440a1d287d509f1b7250f7eabbcc5185cde923b5,37f0f75e71de97e0b045d53af23b181e034e6c3262a1a4079d582f37471bb1b8,373bc096448cdc507d5c00c27fc9560494f830151f5b976fd48b7ebb576c2024,cc4d532031d8b49a2bf7090f5ab4c8693f9b28e9449ac04ec1b81bdaf48362b1,12784.109898264936,12784.109898264936,373bc096448cdc507d5c00c27fc9560494f830151f5b976fd48b7ebb576c2024,cc4d532031d8b49a2bf7090f5ab4c8693f9b28e9449ac04ec1b81bdaf48362b1,6c9a928b81e9f356e9963f68819f878b34687b9659b42c863c2d9c5b23b21ce4,f5813a8cda35bb54b0d3123e62701165e10068f532b0aa0fda70926f2d7ddc32
0,Piran,Murska_Sobota,1.4,travel_time,seconds,10653.424915220781,14914.794881309093,1.5014794881309092e-06,1662188,74.84241869462029,3285970,74.65405730103353,5.5852290242910385,5.6962341303005815,6622513,88514776,39240.75357373926,True,7fae267d1b5f691bcdf4d543dab907175dc77b740960042b48a751bf15a2d693,923d90961262f4c4cc257099ce612a8470aa7f633416aef8d32c7ce75b0b6229,58e10b01925eabb867e4d5c253fa01fc8c347bdeca028c5810736c1c15620c74,373bc096448cdc507d5c00c27fc9560494f830151f5b976fd48b7ebb576c2024,cc4d532031d8b49a2bf7090f5ab4c8693f9b28e9449ac04ec1b81bdaf48362b1,travel_time,seconds,10653.424915220781,14914.794881309093,2070903,4074801,35.144738275685455,35.24589036634767,1161240,2305687,True,16117.0,55998.31855641146,4577701.614394134,4844788.661421565,2454780.87445282,2664444.0504834424,0,0,False,False,False,6c9a928b81e9f356e9963f68819f878b34687b9659b42c863c2d9c5b23b21ce4,15.525933937169611,17453565,233908488,e10a5d4bb2a927d1bdcf21a41d30971a9301a82e08656c0419ef45e3f92de7a7,7424eea357d98b54c4652062440a1d287d509f1b7250f7eabbcc5185cde923b5,37f0f75e71de97e0b045d53af23b181e034e6c3262a1a4079d582f37471bb1b8,373bc096448cdc507d5c00c27fc9560494f830151f5b976fd48b7ebb576c2024,cc4d532031d8b49a2bf7090f5ab4c8693f9b28e9449ac04ec1b81bdaf48362b1,14914.794881309093,14914.794881309093,373bc096448cdc507d5c00c27fc9560494f830151f5b976fd48b7ebb576c2024,cc4d532031d8b49a2bf7090f5ab4c8693f9b28e9449ac04ec1b81bdaf48362b1,6c9a928b81e9f356e9963f68819f878b34687b9659b42c863c2d9c5b23b21ce4,f5813a8cda35bb54b0d3123e62701165e10068f532b0aa0fda70926f2d7ddc32
0,Piran,Murska_Sobota,1.6,travel_time,seconds,10653.424915220781,17045.479864353252,1.7145479864353252e-06,1968795,88.64784231018089,3900748,88.62121830354262,5.5174840381368995,5.833087000064552,6622513,88514776,39735.058150093006,True,7fae267d1b5f691bcdf4d543dab907175dc77b740960042b48a751bf15a2d693,923d90961262f4c4cc257099ce612a8470aa7f633416aef8d32c7ce75b0b6229,58e10b01925eabb867e4d5c253fa01fc8c347bdeca028c5810736c1c15620c74,373bc096448cdc507d5c00c27fc9560494f830151f5b976fd48b7ebb576c2024,cc4d532031d8b49a2bf7090f5ab4c8693f9b28e9449ac04ec1b81bdaf48362b1,travel_time,seconds,10653.424915220781,17045.479864353252,3288510,6450357,55.808419451309106,55.79378616177901,1217607,2375556,True,28166.0,80671.42000879243,4553880.000148022,4873990.823928202,2431430.333414243,2683441.2434364217,0,0,False,False,False,6c9a928b81e9f356e9963f68819f878b34687b9659b42c863c2d9c5b23b21ce4,15.472784987650812,17453565,233908488,e10a5d4bb2a927d1bdcf21a41d30971a9301a82e08656c0419ef45e3f92de7a7,7424eea357d98b54c4652062440a1d287d509f1b7250f7eabbcc5185cde923b5,37f0f75e71de97e0b045d53af23b181e034e6c3262a1a4079d582f37471bb1b8,373bc096448cdc507d5c00c27fc9560494f830151f5b976fd48b7ebb576c2024,cc4d532031d8b49a2bf7090f5ab4c8693f9b28e9449ac04ec1b81bdaf48362b1,17045.479864353252,17045.479864353252,373bc096448cdc507d5c00c27fc9560494f830151f5b976fd48b7ebb576c2024,cc4d532031d8b49a2bf7090f5ab4c8693f9b28e9449ac04ec1b81bdaf48362b1,6c9a928b81e9f356e9963f68819f878b34687b9659b42c863c2d9c5b23b21ce4,f5813a8cda35bb54b0d3123e62701165e10068f532b0aa0fda70926f2d7ddc32
0,Piran,Murska_Sobota,2.0,travel_time,seconds,10653.424915220781,21306.849830441563,2.140684983044156e-06,2160612,97.28468015689015,4286071,97.3753838380442,5.891410051845014,5.93233029358089,6622513,88514776,42001.06479077532,True,7fae267d1b5f691bcdf4d543dab907175dc77b740960042b48a751bf15a2d693,923d90961262f4c4cc257099ce612a8470aa7f633416aef8d32c7ce75b0b6229,58e10b01925eabb867e4d5c253fa01fc8c347bdeca028c5810736c1c15620c74,373bc096448cdc507d5c00c27fc9560494f830151f5b976fd48b7ebb576c2024,cc4d532031d8b49a2bf7090f5ab4c8693f9b28e9449ac04ec1b81bdaf48362b1,travel_time,seconds,10653.424915220781,21306.849830441563,5232665,10263801,88.80215148142604,88.7790114874345,1944155,3813444,True,51152.0,126801.93196346583,4503303.542965318,4900412.238053272,2414944.602299591,2734257.5096520255,6487,0,True,False,True,6c9a928b81e9f356e9963f68819f878b34687b9659b42c863c2d9c5b23b21ce4,15.452461899258196,17453565,233908488,e10a5d4bb2a927d1bdcf21a41d30971a9301a82e08656c0419ef45e3f92de7a7,7424eea357d98b54c4652062440a1d287d509f1b7250f7eabbcc5185cde923b5,37f0f75e71de97e0b045d53af23b181e034e6c3262a1a4079d582f37471bb1b8,373bc096448cdc507d5c00c27fc9560494f830151f5b976fd48b7ebb576c2024,cc4d532031d8b49a2bf7090f5ab4c8693f9b28e9449ac04ec1b81bdaf48362b1,21306.849830441563,21306.849830441563,373bc096448cdc507d5c00c27fc9560494f830151f5b976fd48b7ebb576c2024,cc4d532031d8b49a2bf7090f5ab4c8693f9b28e9449ac04ec1b81bdaf48362b1,6c9a928b81e9f356e9963f68819f878b34687b9659b42c863c2d9c5b23b21ce4,f5813a8cda35bb54b0d3123e62701165e10068f532b0aa0fda70926f2d7ddc32
1,Koper,Murska_Sobota,1.0,travel_time,seconds,9989.522978077897,9989.522978077897,1.0089522978077898e-06,4270,0.19226292562936842,4269,0.09698754724422687,5.543814040720463,6.255413417238742,6622513,88514776,25278.877204060682,False,7fae267d1b5f691bcdf4d543dab907175dc77b740960042b48a751bf15a2d693,923d90961262f4c4cc257099ce612a8470aa7f633416aef8d32c7ce75b0b6229,58e10b01925eabb867e4d5c253fa01fc8c347bdeca028c5810736c1c15620c74,373bc096448cdc507d5c00c27fc9560494f830151f5b976fd48b7ebb576c2024,cc4d532031d8b49a2bf7090f5ab4c8693f9b28e9449ac04ec1b81bdaf48362b1,travel_time,seconds,9989.522978077897,9989.522978077897,4270,4269,0.0724650224743394,0.03692565746742926,4270,4269,False,350.0,25278.877204060682,4610839.378079584,4794320.600483993,2498977.174092525,2636750.8212962905,0,0,False,False,False,6c9a928b81e9f356e9963f68819f878b34687b9659b42c863c2d9c5b23b21ce4,16.129428055137396,17453565,233908488,e10a5d4bb2a927d1bdcf21a41d30971a9301a82e08656c0419ef45e3f92de7a7,7424eea357d98b54c4652062440a1d287d509f1b7250f7eabbcc5185cde923b5,37f0f75e71de97e0b045d53af23b181e034e6c3262a1a4079d582f37471bb1b8,373bc096448cdc507d5c00c27fc9560494f830151f5b976fd48b7ebb576c2024,cc4d532031d8b49a2bf7090f5ab4c8693f9b28e9449ac04ec1b81bdaf48362b1,9989.522978077897,9989.522978077897,373bc096448cdc507d5c00c27fc9560494f830151f5b976fd48b7ebb576c2024,cc4d532031d8b49a2bf7090f5ab4c8693f9b28e9449ac04ec1b81bdaf48362b1,6c9a928b81e9f356e9963f68819f878b34687b9659b42c863c2d9c5b23b21ce4,f5813a8cda35bb54b0d3123e62701165e10068f532b0aa0fda70926f2d7ddc32
1,Koper,Murska_Sobota,1.05,travel_time,seconds,9989.522978077897,10488.999126981793,1.0588999126981792e-06,149637,6.737622342482857,272767,6.19700217830078,5.475020967423916,5.620470875874162,6622513,88514776,27986.97169548943,True,7fae267d1b5f691bcdf4d543dab907175dc77b740960042b48a751bf15a2d693,923d90961262f4c4cc257099ce612a8470aa7f633416aef8d32c7ce75b0b6229,58e10b01925eabb867e4d5c253fa01fc8c347bdeca028c5810736c1c15620c74,373bc096448cdc507d5c00c27fc9560494f830151f5b976fd48b7ebb576c2024,cc4d532031d8b49a2bf7090f5ab4c8693f9b28e9449ac04ec1b81bdaf48362b1,travel_time,seconds,9989.522978077897,10488.999126981793,149868,273157,2.5433695522679853,2.3627317443969487,145598,268888,True,1145.0,27986.97169548943,4607466.96262945,4800668.53883653,2495653.9324359414,2640512.852559305,0,0,False,False,False,6c9a928b81e9f356e9963f68819f878b34687b9659b42c863c2d9c5b23b21ce4,15.538505045697093,17453565,233908488,e10a5d4bb2a927d1bdcf21a41d30971a9301a82e08656c0419ef45e3f92de7a7,7424eea357d98b54c4652062440a1d287d509f1b7250f7eabbcc5185cde923b5,37f0f75e71de97e0b045d53af23b181e034e6c3262a1a4079d582f37471bb1b8,373bc096448cdc507d5c00c27fc9560494f830151f5b976fd48b7ebb576c2024,cc4d532031d8b49a2bf7090f5ab4c8693f9b28e9449ac04ec1b81bdaf48362b1,10488.999126981793,10488.999126981793,373bc096448cdc507d5c00c27fc9560494f830151f5b976fd48b7ebb576c2024,cc4d532031d8b49a2bf7090f5ab4c8693f9b28e9449ac04ec1b81bdaf48362b1,6c9a928b81e9f356e9963f68819f878b34687b9659b42c863c2d9c5b23b21ce4,f5813a8cda35bb54b0d3123e62701165e10068f532b0aa0fda70926f2d7ddc32
1,Koper,Murska_Sobota,1.1,travel_time,seconds,9989.522978077897,10988.475275885688,1.1088475275885687e-06,348374,15.686043197472035,661925,15.038295200195565,5.435071070678532,5.723331950139254,6622513,88514776,30535.366935220216,True,7fae267d1b5f691bcdf4d543dab907175dc77b740960042b48a751bf15a2d693,923d90961262f4c4cc257099ce612a8470aa7f633416aef8d32c7ce75b0b6229,58e10b01925eabb867e4d5c253fa01fc8c347bdeca028c5810736c1c15620c74,373bc096448cdc507d5c00c27fc9560494f830151f5b976fd48b7ebb576c2024,cc4d532031d8b49a2bf7090f5ab4c8693f9b28e9449ac04ec1b81bdaf48362b1,travel_time,seconds,9989.522978077897,10988.475275885688,362195,686825,6.146714008218586,5.940844387460085,212327,413668,True,2619.0,30535.366935220216,4602898.319417745,4806129.036267615,2494273.788147978,2644523.5506274225,0,0,False,False,False,6c9a928b81e9f356e9963f68819f878b34687b9659b42c863c2d9c5b23b21ce4,16.00308599881828,17453565,233908488,e10a5d4bb2a927d1bdcf21a41d30971a9301a82e08656c0419ef45e3f92de7a7,7424eea357d98b54c4652062440a1d287d509f1b7250f7eabbcc5185cde923b5,37f0f75e71de97e0b045d53af23b181e034e6c3262a1a4079d582f37471bb1b8,373bc096448cdc507d5c00c27fc9560494f830151f5b976fd48b7ebb576c2024,cc4d532031d8b49a2bf7090f5ab4c8693f9b28e9449ac04ec1b81bdaf48362b1,10988.475275885688,10988.475275885688,373bc096448cdc507d5c00c27fc9560494f830151f5b976fd48b7ebb576c2024,cc4d532031d8b49a2bf7090f5ab4c8693f9b28e9449ac04ec1b81bdaf48362b1,6c9a928b81e9f356e9963f68819f878b34687b9659b42c863c2d9c5b23b21ce4,f5813a8cda35bb54b0d3123e62701165e10068f532b0aa0fda70926f2d7ddc32
1,Koper,Murska_Sobota,1.2,travel_time,seconds,9989.522978077897,11987.427573693476,1.2087427573693476e-06,774380,34.86757947280335,1510025,34.30630616712665,5.581387900747359,5.9631166397593915,6622513,88514776,35467.32375030369,True,7fae267d1b5f691bcdf4d543dab907175dc77b740960042b48a751bf15a2d693,923d90961262f4c4cc257099ce612a8470aa7f633416aef8d32c7ce75b0b6229,58e10b01925eabb867e4d5c253fa01fc8c347bdeca028c5810736c1c15620c74,373bc096448cdc507d5c00c27fc9560494f830151f5b976fd48b7ebb576c2024,cc4d532031d8b49a2bf7090f5ab4c8693f9b28e9449ac04ec1b81bdaf48362b1,travel_time,seconds,9989.522978077897,11987.427573693476,841565,1634587,14.281973451666849,14.13872093293811,479370,947762,True,6219.0,35550.42184110971,4599927.099979267,4817767.946111488,2488828.853508031,2652023.325400286,0,0,False,False,False,6c9a928b81e9f356e9963f68819f878b34687b9659b42c863c2d9c5b23b21ce4,15.278558945283294,17453565,233908488,e10a5d4bb2a927d1bdcf21a41d30971a9301a82e08656c0419ef45e3f92de7a7,7424eea357d98b54c4652062440a1d287d509f1b7250f7eabbcc5185cde923b5,37f0f75e71de97e0b045d53af23b181e034e6c3262a1a4079d582f37471bb1b8,373bc096448cdc507d5c00c27fc9560494f830151f5b976fd48b7ebb576c2024,cc4d532031d8b49a2bf7090f5ab4c8693f9b28e9449ac04ec1b81bdaf48362b1,11987.427573693476,11987.427573693476,373bc096448cdc507d5c00c27fc9560494f830151f5b976fd48b7ebb576c2024,cc4d532031d8b49a2bf7090f5ab4c8693f9b28e9449ac04ec1b81bdaf48362b1,6c9a928b81e9f356e9963f68819f878b34687b9659b42c863c2d9c5b23b21ce4,f5813a8cda35bb54b0d3123e62701165e10068f532b0aa0fda70926f2d7ddc32
1,Koper,Murska_Sobota,1.4,travel_time,seconds,9989.522978077897,13985.332169309055,1.4085332169309055e-06,1577894,71.04695943162217,3117393,70.82415105793444,5.510080954991281,5.982573865912855,6622513,88514776,39056.494859364495,True,7fae267d1b5f691bcdf4d543dab907175dc77b740960042b48a751bf15a2d693,923d90961262f4c4cc257099ce612a8470aa7f633416aef8d32c7ce75b0b6229,58e10b01925eabb867e4d5c253fa01fc8c347bdeca028c5810736c1c15620c74,373bc096448cdc507d5c00c27fc9560494f830151f5b976fd48b7ebb576c2024,cc4d532031d8b49a2bf7090f5ab4c8693f9b28e9449ac04ec1b81bdaf48362b1,travel_time,seconds,9989.522978077897,13985.332169309055,1906874,3750383,32.361046198064045,32.43976529156003,1065309,2115796,True,14689.0,47811.89820966748,4586998.226039436,4839906.256989773,2473617.6667273673,2662666.2233509254,0,0,False,False,False,6c9a928b81e9f356e9963f68819f878b34687b9659b42c863c2d9c5b23b21ce4,15.316552016884089,17453565,233908488,e10a5d4bb2a927d1bdcf21a41d30971a9301a82e08656c0419ef45e3f92de7a7,7424eea357d98b54c4652062440a1d287d509f1b7250f7eabbcc5185cde923b5,37f0f75e71de97e0b045d53af23b181e034e6c3262a1a4079d582f37471bb1b8,373bc096448cdc507d5c00c27fc9560494f830151f5b976fd48b7ebb576c2024,cc4d532031d8b49a2bf7090f5ab4c8693f9b28e9449ac04ec1b81bdaf48362b1,13985.332169309055,13985.332169309055,373bc096448cdc507d5c00c27fc9560494f830151f5b976fd48b7ebb576c2024,cc4d532031d8b49a2bf7090f5ab4c8693f9b28e9449ac04ec1b81bdaf48362b1,6c9a928b81e9f356e9963f68819f878b34687b9659b42c863c2d9c5b23b21ce4,f5813a8cda35bb54b0d3123e62701165e10068f532b0aa0fda70926f2d7ddc32
1,Koper,Murska_Sobota,1.6,travel_time,seconds,9989.522978077897,15983.236764924637,1.6083236764924637e-06,1934041,87.0829931960537,3831007,87.03677029877345,5.6760909501463175,5.80010749399662,6622513,88514776,39563.77618160176,True,7fae267d1b5f691bcdf4d543dab907175dc77b740960042b48a751bf15a2d693,923d90961262f4c4cc257099ce612a8470aa7f633416aef8d32c7ce75b0b6229,58e10b01925eabb867e4d5c253fa01fc8c347bdeca028c5810736c1c15620c74,373bc096448cdc507d5c00c27fc9560494f830151f5b976fd48b7ebb576c2024,cc4d532031d8b49a2bf7090f5ab4c8693f9b28e9449ac04ec1b81bdaf48362b1,travel_time,seconds,9989.522978077897,15983.236764924637,3034969,5960267,51.505643277265435,51.554644566976386,1128095,2209884,True,25344.0,71410.66445479676,4555720.237221022,4865327.5523655545,2451259.169458895,2681908.320695714,0,0,False,False,False,6c9a928b81e9f356e9963f68819f878b34687b9659b42c863c2d9c5b23b21ce4,15.096762916073203,17453565,233908488,e10a5d4bb2a927d1bdcf21a41d30971a9301a82e08656c0419ef45e3f92de7a7,7424eea357d98b54c4652062440a1d287d509f1b7250f7eabbcc5185cde923b5,37f0f75e71de97e0b045d53af23b181e034e6c3262a1a4079d582f37471bb1b8,373bc096448cdc507d5c00c27fc9560494f830151f5b976fd48b7ebb576c2024,cc4d532031d8b49a2bf7090f5ab4c8693f9b28e9449ac04ec1b81bdaf48362b1,15983.236764924637,15983.236764924637,373bc096448cdc507d5c00c27fc9560494f830151f5b976fd48b7ebb576c2024,cc4d532031d8b49a2bf7090f5ab4c8693f9b28e9449ac04ec1b81bdaf48362b1,6c9a928b81e9f356e9963f68819f878b34687b9659b42c863c2d9c5b23b21ce4,f5813a8cda35bb54b0d3123e62701165e10068f532b0aa0fda70926f2d7ddc32
1,Koper,Murska_Sobota,2.0,travel_time,seconds,9989.522978077897,19979.045956155795,2.0079045956155796e-06,2154029,96.98827106100768,4272803,97.0739477225988,5.68000297062099,5.818225059192628,6622513,88514776,41527.10743196172,True,7fae267d1b5f691bcdf4d543dab907175dc77b740960042b48a751bf15a2d693,923d90961262f4c4cc257099ce612a8470aa7f633416aef8d32c7ce75b0b6229,58e10b01925eabb867e4d5c253fa01fc8c347bdeca028c5810736c1c15620c74,373bc096448cdc507d5c00c27fc9560494f830151f5b976fd48b7ebb576c2024,cc4d532031d8b49a2bf7090f5ab4c8693f9b28e9449ac04ec1b81bdaf48362b1,travel_time,seconds,9989.522978077897,19979.045956155795,5052275,9909987,85.74080126968224,85.71861922433284,2017306,3949720,True,48637.0,122675.4037432533,4503622.543690348,4897712.676142147,2416209.287832567,2727496.969612465,3948,0,True,False,True,6c9a928b81e9f356e9963f68819f878b34687b9659b42c863c2d9c5b23b21ce4,15.20871790125966,17453565,233908488,e10a5d4bb2a927d1bdcf21a41d30971a9301a82e08656c0419ef45e3f92de7a7,7424eea357d98b54c4652062440a1d287d509f1b7250f7eabbcc5185cde923b5,37f0f75e71de97e0b045d53af23b181e034e6c3262a1a4079d582f37471bb1b8,373bc096448cdc507d5c00c27fc9560494f830151f5b976fd48b7ebb576c2024,cc4d532031d8b49a2bf7090f5ab4c8693f9b28e9449ac04ec1b81bdaf48362b1,19979.045956155795,19979.045956155795,373bc096448cdc507d5c00c27fc9560494f830151f5b976fd48b7ebb576c2024,cc4d532031d8b49a2bf7090f5ab4c8693f9b28e9449ac04ec1b81bdaf48362b1,6c9a928b81e9f356e9963f68819f878b34687b9659b42c863c2d9c5b23b21ce4,f5813a8cda35bb54b0d3123e62701165e10068f532b0aa0fda70926f2d7ddc32
2,Ljubljana,Slovenj_Gradec,1.0,travel_time,seconds,4671.5860457142735,4671.5860457142735,4.771586045714273e-07,2228,0.10031892231902408,2227,0.05059528407423126,5.94050798099488,6.155289430171251,6622513,88514776,2802.8058676394194,False,7fae267d1b5f691bcdf4d543dab907175dc77b740960042b48a751bf15a2d693,923d90961262f4c4cc257099ce612a8470aa7f633416aef8d32c7ce75b0b6229,58e10b01925eabb867e4d5c253fa01fc8c347bdeca028c5810736c1c15620c74,373bc096448cdc507d5c00c27fc9560494f830151f5b976fd48b7ebb576c2024,cc4d532031d8b49a2bf7090f5ab4c8693f9b28e9449ac04ec1b81bdaf48362b1,travel_time,seconds,4671.5860457142735,4671.5860457142735,2228,2227,0.03781078924422206,0.019262927894112197,2228,2227,False,129.0,2802.8058676394194,4669224.135745205,4721228.398050124,2559316.9900243925,2613212.6851734864,0,0,False,False,False,6c9a928b81e9f356e9963f68819f878b34687b9659b42c863c2d9c5b23b21ce4,16.02662296500057,17453565,233908488,e10a5d4bb2a927d1bdcf21a41d30971a9301a82e08656c0419ef45e3f92de7a7,7424eea357d98b54c4652062440a1d287d509f1b7250f7eabbcc5185cde923b5,37f0f75e71de97e0b045d53af23b181e034e6c3262a1a4079d582f37471bb1b8,373bc096448cdc507d5c00c27fc9560494f830151f5b976fd48b7ebb576c2024,cc4d532031d8b49a2bf7090f5ab4c8693f9b28e9449ac04ec1b81bdaf48362b1,4671.5860457142735,4671.5860457142735,373bc096448cdc507d5c00c27fc9560494f830151f5b976fd48b7ebb576c2024,cc4d532031d8b49a2bf7090f5ab4c8693f9b28e9449ac04ec1b81bdaf48362b1,6c9a928b81e9f356e9963f68819f878b34687b9659b42c863c2d9c5b23b21ce4,f5813a8cda35bb54b0d3123e62701165e10068f532b0aa0fda70926f2d7ddc32
2,Ljubljana,Slovenj_Gradec,1.05,travel_time,seconds,4671.5860457142735,4905.165347999988,5.005165347999988e-07,40165,1.80848721496571,71492,1.6242290296519717,5.709614953957498,5.892905383370817,6622513,88514776,3288.0359811862613,False,7fae267d1b5f691bcdf4d543dab907175dc77b740960042b48a751bf15a2d693,923d90961262f4c4cc257099ce612a8470aa7f633416aef8d32c7ce75b0b6229,58e10b01925eabb867e4d5c253fa01fc8c347bdeca028c5810736c1c15620c74,373bc096448cdc507d5c00c27fc9560494f830151f5b976fd48b7ebb576c2024,cc4d532031d8b49a2bf7090f5ab4c8693f9b28e9449ac04ec1b81bdaf48362b1,travel_time,seconds,4671.5860457142735,4905.165347999988,40165,71492,0.6816294210027734,0.6183858289204621,37937,69265,True,306.0,3288.0359811862613,4667194.68409752,4722149.599906291,2555198.7785877,2615030.295619366,0,0,False,False,False,6c9a928b81e9f356e9963f68819f878b34687b9659b42c863c2d9c5b23b21ce4,15.390512999147177,17453565,233908488,e10a5d4bb2a927d1bdcf21a41d30971a9301a82e08656c0419ef45e3f92de7a7,7424eea357d98b54c4652062440a1d287d509f1b7250f7eabbcc5185cde923b5,37f0f75e71de97e0b045d53af23b181e034e6c3262a1a4079d582f37471bb1b8,373bc096448cdc507d5c00c27fc9560494f830151f5b976fd48b7ebb576c2024,cc4d532031d8b49a2bf7090f5ab4c8693f9b28e9449ac04ec1b81bdaf48362b1,4905.165347999988,4905.165347999988,373bc096448cdc507d5c00c27fc9560494f830151f5b976fd48b7ebb576c2024,cc4d532031d8b49a2bf7090f5ab4c8693f9b28e9449ac04ec1b81bdaf48362b1,6c9a928b81e9f356e9963f68819f878b34687b9659b42c863c2d9c5b23b21ce4,f5813a8cda35bb54b0d3123e62701165e10068f532b0aa0fda70926f2d7ddc32
2,Ljubljana,Slovenj_Gradec,1.1,travel_time,seconds,4671.5860457142735,5138.744650285701,5.238744650285701e-07,90715,4.084574074582706,170157,3.865802313524458,5.706122959963977,5.720328609459102,6622513,88514776,3661.4196843589293,False,7fae267d1b5f691bcdf4d543dab907175dc77b740960042b48a751bf15a2d693,923d90961262f4c4cc257099ce612a8470aa7f633416aef8d32c7ce75b0b6229,58e10b01925eabb867e4d5c253fa01fc8c347bdeca028c5810736c1c15620c74,373bc096448cdc507d5c00c27fc9560494f830151f5b976fd48b7ebb576c2024,cc4d532031d8b49a2bf7090f5ab4c8693f9b28e9449ac04ec1b81bdaf48362b1,travel_time,seconds,4671.5860457142735,5138.744650285701,90715,170157,1.5394998861263933,1.4718105171434437,50550,98665,True,573.0,3661.4196843589293,4665317.226593781,4723938.7504926855,2554099.925922773,2616558.549323168,0,0,False,False,False,6c9a928b81e9f356e9963f68819f878b34687b9659b42c863c2d9c5b23b21ce4,15.479909023270011,17453565,233908488,e10a5d4bb2a927d1bdcf21a41d30971a9301a82e08656c0419ef45e3f92de7a7,7424eea357d98b54c4652062440a1d287d509f1b7250f7eabbcc5185cde923b5,37f0f75e71de97e0b045d53af23b181e034e6c3262a1a4079d582f37471bb1b8,373bc096448cdc507d5c00c27fc9560494f830151f5b976fd48b7ebb576c2024,cc4d532031d8b49a2bf7090f5ab4c8693f9b28e9449ac04ec1b81bdaf48362b1,5138.744650285701,5138.744650285701,373bc096448cdc507d5c00c27fc9560494f830151f5b976fd48b7ebb576c2024,cc4d532031d8b49a2bf7090f5ab4c8693f9b28e9449ac04ec1b81bdaf48362b1,6c9a928b81e9f356e9963f68819f878b34687b9659b42c863c2d9c5b23b21ce4,f5813a8cda35bb54b0d3123e62701165e10068f532b0aa0fda70926f2d7ddc32
2,Ljubljana,Slovenj_Gradec,1.2,travel_time,seconds,4671.5860457142735,5605.903254857128,5.705903254857128e-07,164570,7.410002264830248,314458,7.144181337860176,5.449109943583608,5.806951725389808,6622513,88514776,4979.056915005315,False,7fae267d1b5f691bcdf4d543dab907175dc77b740960042b48a751bf15a2d693,923d90961262f4c4cc257099ce612a8470aa7f633416aef8d32c7ce75b0b6229,58e10b01925eabb867e4d5c253fa01fc8c347bdeca028c5810736c1c15620c74,373bc096448cdc507d5c00c27fc9560494f830151f5b976fd48b7ebb576c2024,cc4d532031d8b49a2bf7090f5ab4c8693f9b28e9449ac04ec1b81bdaf48362b1,travel_time,seconds,4671.5860457142735,5605.903254857128,164570,314458,2.792873243232327,2.7199738570842986,73855,144301,True,1098.0,4979.056915005315,4660273.649640243,4731721.630773621,2550310.246714171,2619998.106833136,0,0,False,False,False,6c9a928b81e9f356e9963f68819f878b34687b9659b42c863c2d9c5b23b21ce4,15.48787101637572,17453565,233908488,e10a5d4bb2a927d1bdcf21a41d30971a9301a82e08656c0419ef45e3f92de7a7,7424eea357d98b54c4652062440a1d287d509f1b7250f7eabbcc5185cde923b5,37f0f75e71de97e0b045d53af23b181e034e6c3262a1a4079d582f37471bb1b8,373bc096448cdc507d5c00c27fc9560494f830151f5b976fd48b7ebb576c2024,cc4d532031d8b49a2bf7090f5ab4c8693f9b28e9449ac04ec1b81bdaf48362b1,5605.903254857128,5605.903254857128,373bc096448cdc507d5c00c27fc9560494f830151f5b976fd48b7ebb576c2024,cc4d532031d8b49a2bf7090f5ab4c8693f9b28e9449ac04ec1b81bdaf48362b1,6c9a928b81e9f356e9963f68819f878b34687b9659b42c863c2d9c5b23b21ce4,f5813a8cda35bb54b0d3123e62701165e10068f532b0aa0fda70926f2d7ddc32
2,Ljubljana,Slovenj_Gradec,1.4,travel_time,seconds,4671.5860457142735,6540.220463999983,6.640220463999983e-07,345928,15.575908509863268,674165,15.316376150832562,5.41216298006475,5.644041625782847,6622513,88514776,7536.892183286004,True,7fae267d1b5f691bcdf4d543dab907175dc77b740960042b48a751bf15a2d693,923d90961262f4c4cc257099ce612a8470aa7f633416aef8d32c7ce75b0b6229,58e10b01925eabb867e4d5c253fa01fc8c347bdeca028c5810736c1c15620c74,373bc096448cdc507d5c00c27fc9560494f830151f5b976fd48b7ebb576c2024,cc4d532031d8b49a2bf7090f5ab4c8693f9b28e9449ac04ec1b81bdaf48362b1,travel_time,seconds,4671.5860457142735,6540.220463999983,345928,674165,5.870651122834492,5.83133892399378,181358,359707,True,2450.0,7536.892183286004,4652016.070288422,4744806.910709886,2543631.2969514923,2624855.824599402,0,0,False,False,False,6c9a928b81e9f356e9963f68819f878b34687b9659b42c863c2d9c5b23b21ce4,15.496252104640007,17453565,233908488,e10a5d4bb2a927d1bdcf21a41d30971a9301a82e08656c0419ef45e3f92de7a7,7424eea357d98b54c4652062440a1d287d509f1b7250f7eabbcc5185cde923b5,37f0f75e71de97e0b045d53af23b181e034e6c3262a1a4079d582f37471bb1b8,373bc096448cdc507d5c00c27fc9560494f830151f5b976fd48b7ebb576c2024,cc4d532031d8b49a2bf7090f5ab4c8693f9b28e9449ac04ec1b81bdaf48362b1,6540.220463999983,6540.220463999983,373bc096448cdc507d5c00c27fc9560494f830151f5b976fd48b7ebb576c2024,cc4d532031d8b49a2bf7090f5ab4c8693f9b28e9449ac04ec1b81bdaf48362b1,6c9a928b81e9f356e9963f68819f878b34687b9659b42c863c2d9c5b23b21ce4,f5813a8cda35bb54b0d3123e62701165e10068f532b0aa0fda70926f2d7ddc32
2,Ljubljana,Slovenj_Gradec,1.6,travel_time,seconds,4671.5860457142735,7474.537673142838,7.574537673142838e-07,553355,24.915609183053668,1086959,24.694656211065258,5.401968024671078,5.679981503635645,6622513,88514776,10637.259663803132,True,7fae267d1b5f691bcdf4d543dab907175dc77b740960042b48a751bf15a2d693,923d90961262f4c4cc257099ce612a8470aa7f633416aef8d32c7ce75b0b6229,58e10b01925eabb867e4d5c253fa01fc8c347bdeca028c5810736c1c15620c74,373bc096448cdc507d5c00c27fc9560494f830151f5b976fd48b7ebb576c2024,cc4d532031d8b49a2bf7090f5ab4c8693f9b28e9449ac04ec1b81bdaf48362b1,travel_time,seconds,4671.5860457142735,7474.537673142838,562455,1105179,9.545272650071327,9.559489621502928,216527,431014,True,4076.0,11009.625336345083,4646175.842914469,4757550.558146616,2531550.376319186,2630402.483939814,0,0,False,False,False,6c9a928b81e9f356e9963f68819f878b34687b9659b42c863c2d9c5b23b21ce4,15.461751027032733,17453565,233908488,e10a5d4bb2a927d1bdcf21a41d30971a9301a82e08656c0419ef45e3f92de7a7,7424eea357d98b54c4652062440a1d287d509f1b7250f7eabbcc5185cde923b5,37f0f75e71de97e0b045d53af23b181e034e6c3262a1a4079d582f37471bb1b8,373bc096448cdc507d5c00c27fc9560494f830151f5b976fd48b7ebb576c2024,cc4d532031d8b49a2bf7090f5ab4c8693f9b28e9449ac04ec1b81bdaf48362b1,7474.537673142838,7474.537673142838,373bc096448cdc507d5c00c27fc9560494f830151f5b976fd48b7ebb576c2024,cc4d532031d8b49a2bf7090f5ab4c8693f9b28e9449ac04ec1b81bdaf48362b1,6c9a928b81e9f356e9963f68819f878b34687b9659b42c863c2d9c5b23b21ce4,f5813a8cda35bb54b0d3123e62701165e10068f532b0aa0fda70926f2d7ddc32
2,Ljubljana,Slovenj_Gradec,2.0,travel_time,seconds,4671.5860457142735,9343.172091428547,9.443172091428547e-07,1127748,50.778484743013806,2226200,50.577108848699424,5.463707027956843,5.878246098291129,6622513,88514776,17810.71565301651,True,7fae267d1b5f691bcdf4d543dab907175dc77b740960042b48a751bf15a2d693,923d90961262f4c4cc257099ce612a8470aa7f633416aef8d32c7ce75b0b6229,58e10b01925eabb867e4d5c253fa01fc8c347bdeca028c5810736c1c15620c74,373bc096448cdc507d5c00c27fc9560494f830151f5b976fd48b7ebb576c2024,cc4d532031d8b49a2bf7090f5ab4c8693f9b28e9449ac04ec1b81bdaf48362b1,travel_time,seconds,4671.5860457142735,9343.172091428547,1349581,2666216,22.903376462749755,23.06202360041681,787126,1561037,True,10232.0,22775.77520210998,4608271.650177946,4774845.373940272,2515447.111021079,2652178.0112356134,0,0,False,False,False,6c9a928b81e9f356e9963f68819f878b34687b9659b42c863c2d9c5b23b21ce4,15.425782999955118,17453565,233908488,e10a5d4bb2a927d1bdcf21a41d30971a9301a82e08656c0419ef45e3f92de7a7,7424eea357d98b54c4652062440a1d287d509f1b7250f7eabbcc5185cde923b5,37f0f75e71de97e0b045d53af23b181e034e6c3262a1a4079d582f37471bb1b8,373bc096448cdc507d5c00c27fc9560494f830151f5b976fd48b7ebb576c2024,cc4d532031d8b49a2bf7090f5ab4c8693f9b28e9449ac04ec1b81bdaf48362b1,9343.172091428547,9343.172091428547,373bc096448cdc507d5c00c27fc9560494f830151f5b976fd48b7ebb576c2024,cc4d532031d8b49a2bf7090f5ab4c8693f9b28e9449ac04ec1b81bdaf48362b1,6c9a928b81e9f356e9963f68819f878b34687b9659b42c863c2d9c5b23b21ce4,f5813a8cda35bb54b0d3123e62701165e10068f532b0aa0fda70926f2d7ddc32
3,Slovenj_Gradec,Ptuj,1.0,travel_time,seconds,4163.408134012986,4163.408134012986,4.263408134012986e-07,2032,0.09149373884751208,2031,0.04614235381893295,5.954127991572022,6.228496599942446,6622513,88514776,1070.6406391311796,False,7fae267d1b5f691bcdf4d543dab907175dc77b740960042b48a751bf15a2d693,923d90961262f4c4cc257099ce612a8470aa7f633416aef8d32c7ce75b0b6229,58e10b01925eabb867e4d5c253fa01fc8c347bdeca028c5810736c1c15620c74,373bc096448cdc507d5c00c27fc9560494f830151f5b976fd48b7ebb576c2024,cc4d532031d8b49a2bf7090f5ab4c8693f9b28e9449ac04ec1b81bdaf48362b1,travel_time,seconds,4163.408134012986,4163.408134012986,2032,2031,0.034484525917531074,0.01756758264613465,2032,2031,False,109.0,1070.6406391311796,4710959.95092113,4773093.677079185,2595942.6167923026,2613173.848610071,0,0,False,False,False,6c9a928b81e9f356e9963f68819f878b34687b9659b42c863c2d9c5b23b21ce4,16.05930703226477,17453565,233908488,e10a5d4bb2a927d1bdcf21a41d30971a9301a82e08656c0419ef45e3f92de7a7,7424eea357d98b54c4652062440a1d287d509f1b7250f7eabbcc5185cde923b5,37f0f75e71de97e0b045d53af23b181e034e6c3262a1a4079d582f37471bb1b8,373bc096448cdc507d5c00c27fc9560494f830151f5b976fd48b7ebb576c2024,cc4d532031d8b49a2bf7090f5ab4c8693f9b28e9449ac04ec1b81bdaf48362b1,4163.408134012986,4163.408134012986,373bc096448cdc507d5c00c27fc9560494f830151f5b976fd48b7ebb576c2024,cc4d532031d8b49a2bf7090f5ab4c8693f9b28e9449ac04ec1b81bdaf48362b1,6c9a928b81e9f356e9963f68819f878b34687b9659b42c863c2d9c5b23b21ce4,f5813a8cda35bb54b0d3123e62701165e10068f532b0aa0fda70926f2d7ddc32
3,Slovenj_Gradec,Ptuj,1.05,travel_time,seconds,4163.408134012986,4371.578540713635,4.4715785407136357e-07,15450,0.6956585950758177,28513,0.6477877569863295,5.811791983433068,5.877539631910622,6622513,88514776,1265.3537206443757,False,7fae267d1b5f691bcdf4d543dab907175dc77b740960042b48a751bf15a2d693,923d90961262f4c4cc257099ce612a8470aa7f633416aef8d32c7ce75b0b6229,58e10b01925eabb867e4d5c253fa01fc8c347bdeca028c5810736c1c15620c74,373bc096448cdc507d5c00c27fc9560494f830151f5b976fd48b7ebb576c2024,cc4d532031d8b49a2bf7090f5ab4c8693f9b28e9449ac04ec1b81bdaf48362b1,travel_time,seconds,4163.408134012986,4371.578540713635,15450,28513,0.2621977979457948,0.24662948497746792,13418,26482,True,217.0,1265.3537206443757,4710187.8221123675,4773657.507423884,2594861.0883865007,2614797.4361788975,0,0,False,False,False,6c9a928b81e9f356e9963f68819f878b34687b9659b42c863c2d9c5b23b21ce4,15.561621985398233,17453565,233908488,e10a5d4bb2a927d1bdcf21a41d30971a9301a82e08656c0419ef45e3f92de7a7,7424eea357d98b54c4652062440a1d287d509f1b7250f7eabbcc5185cde923b5,37f0f75e71de97e0b045d53af23b181e034e6c3262a1a4079d582f37471bb1b8,373bc096448cdc507d5c00c27fc9560494f830151f5b976fd48b7ebb576c2024,cc4d532031d8b49a2bf7090f5ab4c8693f9b28e9449ac04ec1b81bdaf48362b1,4371.578540713635,4371.578540713635,373bc096448cdc507d5c00c27fc9560494f830151f5b976fd48b7ebb576c2024,cc4d532031d8b49a2bf7090f5ab4c8693f9b28e9449ac04ec1b81bdaf48362b1,6c9a928b81e9f356e9963f68819f878b34687b9659b42c863c2d9c5b23b21ce4,f5813a8cda35bb54b0d3123e62701165e10068f532b0aa0fda70926f2d7ddc32
3,Slovenj_Gradec,Ptuj,1.1,travel_time,seconds,4163.408134012986,4579.748947414285,4.679748947414285e-07,38247,1.7221264909944856,73246,1.6640782116305086,5.807602079585195,5.83450390258804,6622513,88514776,1518.9409695339205,False,7fae267d1b5f691bcdf4d543dab907175dc77b740960042b48a751bf15a2d693,923d90961262f4c4cc257099ce612a8470aa7f633416aef8d32c7ce75b0b6229,58e10b01925eabb867e4d5c253fa01fc8c347bdeca028c5810736c1c15620c74,373bc096448cdc507d5c00c27fc9560494f830151f5b976fd48b7ebb576c2024,cc4d532031d8b49a2bf7090f5ab4c8693f9b28e9449ac04ec1b81bdaf48362b1,travel_time,seconds,4163.408134012986,4579.748947414285,38247,73246,0.6490795584487258,0.6335574389457306,22797,44733,True,386.0,1518.9409695339205,4709182.6117856605,4775235.2874542,2593394.7945214314,2616390.6982325264,0,0,False,False,False,6c9a928b81e9f356e9963f68819f878b34687b9659b42c863c2d9c5b23b21ce4,15.463217976503074,17453565,233908488,e10a5d4bb2a927d1bdcf21a41d30971a9301a82e08656c0419ef45e3f92de7a7,7424eea357d98b54c4652062440a1d287d509f1b7250f7eabbcc5185cde923b5,37f0f75e71de97e0b045d53af23b181e034e6c3262a1a4079d582f37471bb1b8,373bc096448cdc507d5c00c27fc9560494f830151f5b976fd48b7ebb576c2024,cc4d532031d8b49a2bf7090f5ab4c8693f9b28e9449ac04ec1b81bdaf48362b1,4579.748947414285,4579.748947414285,373bc096448cdc507d5c00c27fc9560494f830151f5b976fd48b7ebb576c2024,cc4d532031d8b49a2bf7090f5ab4c8693f9b28e9449ac04ec1b81bdaf48362b1,6c9a928b81e9f356e9963f68819f878b34687b9659b42c863c2d9c5b23b21ce4,f5813a8cda35bb54b0d3123e62701165e10068f532b0aa0fda70926f2d7ddc32
3,Slovenj_Gradec,Ptuj,1.2,travel_time,seconds,4163.408134012986,4996.089760815583,5.096089760815583e-07,105311,4.7417800845326505,203851,4.6312973748613,5.768631002865732,5.895412212703377,6622513,88514776,2665.7032424511744,False,7fae267d1b5f691bcdf4d543dab907175dc77b740960042b48a751bf15a2d693,923d90961262f4c4cc257099ce612a8470aa7f633416aef8d32c7ce75b0b6229,58e10b01925eabb867e4d5c253fa01fc8c347bdeca028c5810736c1c15620c74,373bc096448cdc507d5c00c27fc9560494f830151f5b976fd48b7ebb576c2024,cc4d532031d8b49a2bf7090f5ab4c8693f9b28e9449ac04ec1b81bdaf48362b1,travel_time,seconds,4163.408134012986,4996.089760815583,105311,203851,1.7872046795773202,1.7632542048238282,67064,130605,True,924.0,2665.7032424511744,4706583.08126658,4778802.630576252,2583592.1849254477,2620503.2881922494,0,0,False,False,False,6c9a928b81e9f356e9963f68819f878b34687b9659b42c863c2d9c5b23b21ce4,15.496182022616267,17453565,233908488,e10a5d4bb2a927d1bdcf21a41d30971a9301a82e08656c0419ef45e3f92de7a7,7424eea357d98b54c4652062440a1d287d509f1b7250f7eabbcc5185cde923b5,37f0f75e71de97e0b045d53af23b181e034e6c3262a1a4079d582f37471bb1b8,373bc096448cdc507d5c00c27fc9560494f830151f5b976fd48b7ebb576c2024,cc4d532031d8b49a2bf7090f5ab4c8693f9b28e9449ac04ec1b81bdaf48362b1,4996.089760815583,4996.089760815583,373bc096448cdc507d5c00c27fc9560494f830151f5b976fd48b7ebb576c2024,cc4d532031d8b49a2bf7090f5ab4c8693f9b28e9449ac04ec1b81bdaf48362b1,6c9a928b81e9f356e9963f68819f878b34687b9659b42c863c2d9c5b23b21ce4,f5813a8cda35bb54b0d3123e62701165e10068f532b0aa0fda70926f2d7ddc32
3,Slovenj_Gradec,Ptuj,1.4,travel_time,seconds,4163.408134012986,5828.77138761818,5.92877138761818e-07,304926,13.729734159358499,598404,13.595159573936362,5.792586016468704,5.976755707524717,6622513,88514776,4393.8659031292655,True,7fae267d1b5f691bcdf4d543dab907175dc77b740960042b48a751bf15a2d693,923d90961262f4c4cc257099ce612a8470aa7f633416aef8d32c7ce75b0b6229,58e10b01925eabb867e4d5c253fa01fc8c347bdeca028c5810736c1c15620c74,373bc096448cdc507d5c00c27fc9560494f830151f5b976fd48b7ebb576c2024,cc4d532031d8b49a2bf7090f5ab4c8693f9b28e9449ac04ec1b81bdaf48362b1,travel_time,seconds,4163.408134012986,5828.77138761818,306068,600410,5.1941977748656,5.1933787772357,200757,396559,True,2313.0,4393.8659031292655,4701916.2535105245,4786065.719457086,2577814.5373518937,2630029.555637566,0,0,False,False,False,6c9a928b81e9f356e9963f68819f878b34687b9659b42c863c2d9c5b23b21ce4,15.363693935796618,17453565,233908488,e10a5d4bb2a927d1bdcf21a41d30971a9301a82e08656c0419ef45e3f92de7a7,7424eea357d98b54c4652062440a1d287d509f1b7250f7eabbcc5185cde923b5,37f0f75e71de97e0b045d53af23b181e034e6c3262a1a4079d582f37471bb1b8,373bc096448cdc507d5c00c27fc9560494f830151f5b976fd48b7ebb576c2024,cc4d532031d8b49a2bf7090f5ab4c8693f9b28e9449ac04ec1b81bdaf48362b1,5828.77138761818,5828.77138761818,373bc096448cdc507d5c00c27fc9560494f830151f5b976fd48b7ebb576c2024,cc4d532031d8b49a2bf7090f5ab4c8693f9b28e9449ac04ec1b81bdaf48362b1,6c9a928b81e9f356e9963f68819f878b34687b9659b42c863c2d9c5b23b21ce4,f5813a8cda35bb54b0d3123e62701165e10068f532b0aa0fda70926f2d7ddc32
3,Slovenj_Gradec,Ptuj,1.6,travel_time,seconds,4163.408134012986,6661.453014420778,6.761453014420779e-07,503075,22.651679463933142,993440,22.56999506542627,5.728543037548661,5.827793257776648,6622513,88514776,6257.3266649154875,True,7fae267d1b5f691bcdf4d543dab907175dc77b740960042b48a751bf15a2d693,923d90961262f4c4cc257099ce612a8470aa7f633416aef8d32c7ce75b0b6229,58e10b01925eabb867e4d5c253fa01fc8c347bdeca028c5810736c1c15620c74,373bc096448cdc507d5c00c27fc9560494f830151f5b976fd48b7ebb576c2024,cc4d532031d8b49a2bf7090f5ab4c8693f9b28e9449ac04ec1b81bdaf48362b1,travel_time,seconds,4163.408134012986,6661.453014420778,556128,1098074,9.437898833397991,9.498033356263743,250060,497664,True,4092.0,7150.674042521396,4695995.4457669,4792339.960013599,2572516.7258704905,2646736.56182515,0,0,False,False,False,6c9a928b81e9f356e9963f68819f878b34687b9659b42c863c2d9c5b23b21ce4,15.262424945831299,17453565,233908488,e10a5d4bb2a927d1bdcf21a41d30971a9301a82e08656c0419ef45e3f92de7a7,7424eea357d98b54c4652062440a1d287d509f1b7250f7eabbcc5185cde923b5,37f0f75e71de97e0b045d53af23b181e034e6c3262a1a4079d582f37471bb1b8,373bc096448cdc507d5c00c27fc9560494f830151f5b976fd48b7ebb576c2024,cc4d532031d8b49a2bf7090f5ab4c8693f9b28e9449ac04ec1b81bdaf48362b1,6661.453014420778,6661.453014420778,373bc096448cdc507d5c00c27fc9560494f830151f5b976fd48b7ebb576c2024,cc4d532031d8b49a2bf7090f5ab4c8693f9b28e9449ac04ec1b81bdaf48362b1,6c9a928b81e9f356e9963f68819f878b34687b9659b42c863c2d9c5b23b21ce4,f5813a8cda35bb54b0d3123e62701165e10068f532b0aa0fda70926f2d7ddc32
3,Slovenj_Gradec,Ptuj,2.0,travel_time,seconds,4163.408134012986,8326.816268025972,8.426816268025972e-07,774891,34.89058798685408,1536291,34.90304425940045,5.7537551037967205,5.91856479877606,6622513,88514776,10038.781051797392,True,7fae267d1b5f691bcdf4d543dab907175dc77b740960042b48a751bf15a2d693,923d90961262f4c4cc257099ce612a8470aa7f633416aef8d32c7ce75b0b6229,58e10b01925eabb867e4d5c253fa01fc8c347bdeca028c5810736c1c15620c74,373bc096448cdc507d5c00c27fc9560494f830151f5b976fd48b7ebb576c2024,cc4d532031d8b49a2bf7090f5ab4c8693f9b28e9449ac04ec1b81bdaf48362b1,travel_time,seconds,4163.408134012986,8326.816268025972,1002910,1991601,17.0201160865901,17.226792302129205,446782,893527,True,7535.0,13165.556477623484,4676598.514279833,4805998.862597698,2560403.32238679,2662146.1433974644,0,0,False,False,False,6c9a928b81e9f356e9963f68819f878b34687b9659b42c863c2d9c5b23b21ce4,15.456931083463132,17453565,233908488,e10a5d4bb2a927d1bdcf21a41d30971a9301a82e08656c0419ef45e3f92de7a7,7424eea357d98b54c4652062440a1d287d509f1b7250f7eabbcc5185cde923b5,37f0f75e71de97e0b045d53af23b181e034e6c3262a1a4079d582f37471bb1b8,373bc096448cdc507d5c00c27fc9560494f830151f5b976fd48b7ebb576c2024,cc4d532031d8b49a2bf7090f5ab4c8693f9b28e9449ac04ec1b81bdaf48362b1,8326.816268025972,8326.816268025972,373bc096448cdc507d5c00c27fc9560494f830151f5b976fd48b7ebb576c2024,cc4d532031d8b49a2bf7090f5ab4c8693f9b28e9449ac04ec1b81bdaf48362b1,6c9a928b81e9f356e9963f68819f878b34687b9659b42c863c2d9c5b23b21ce4,f5813a8cda35bb54b0d3123e62701165e10068f532b0aa0fda70926f2d7ddc32
4,Novo_mesto,Murska_Sobota,1.0,travel_time,seconds,8332.083717272713,8332.083717272713,8.432083717272714e-07,3883,0.17483769091776055,3882,0.08819528189320419,5.962579045444727,6.304141599684954,6622513,88514776,7278.735670292148,False,7fae267d1b5f691bcdf4d543dab907175dc77b740960042b48a751bf15a2d693,923d90961262f4c4cc257099ce612a8470aa7f633416aef8d32c7ce75b0b6229,58e10b01925eabb867e4d5c253fa01fc8c347bdeca028c5810736c1c15620c74,373bc096448cdc507d5c00c27fc9560494f830151f5b976fd48b7ebb576c2024,cc4d532031d8b49a2bf7090f5ab4c8693f9b28e9449ac04ec1b81bdaf48362b1,travel_time,seconds,8067.340877610412,8067.340877610412,3601,3600,0.06111160326231761,0.03113899435060795,3601,3600,False,243.0,7100.940780303897,4722912.863113979,4792399.439574883,2534780.886708781,2636972.4342273027,0,0,False,False,False,6c9a928b81e9f356e9963f68819f878b34687b9659b42c863c2d9c5b23b21ce4,15.7473289873451,17453565,233908488,e10a5d4bb2a927d1bdcf21a41d30971a9301a82e08656c0419ef45e3f92de7a7,7424eea357d98b54c4652062440a1d287d509f1b7250f7eabbcc5185cde923b5,37f0f75e71de97e0b045d53af23b181e034e6c3262a1a4079d582f37471bb1b8,373bc096448cdc507d5c00c27fc9560494f830151f5b976fd48b7ebb576c2024,cc4d532031d8b49a2bf7090f5ab4c8693f9b28e9449ac04ec1b81bdaf48362b1,8332.083717272713,8067.340877610412,373bc096448cdc507d5c00c27fc9560494f830151f5b976fd48b7ebb576c2024,cc4d532031d8b49a2bf7090f5ab4c8693f9b28e9449ac04ec1b81bdaf48362b1,6c9a928b81e9f356e9963f68819f878b34687b9659b42c863c2d9c5b23b21ce4,f5813a8cda35bb54b0d3123e62701165e10068f532b0aa0fda70926f2d7ddc32
4,Novo_mesto,Murska_Sobota,1.05,travel_time,seconds,8332.083717272713,8748.68790313635,8.84868790313635e-07,155114,6.984232188776078,299096,6.795171569585214,5.784553941339254,5.864194070454687,6622513,88514776,13204.219343306379,False,7fae267d1b5f691bcdf4d543dab907175dc77b740960042b48a751bf15a2d693,923d90961262f4c4cc257099ce612a8470aa7f633416aef8d32c7ce75b0b6229,58e10b01925eabb867e4d5c253fa01fc8c347bdeca028c5810736c1c15620c74,373bc096448cdc507d5c00c27fc9560494f830151f5b976fd48b7ebb576c2024,cc4d532031d8b49a2bf7090f5ab4c8693f9b28e9449ac04ec1b81bdaf48362b1,travel_time,seconds,8067.340877610412,8470.707921490932,89298,167055,1.5154523599329182,1.444979083678003,85697,163455,True,938.0,8348.833018267234,4719168.340469945,4796996.004441226,2532171.3283809153,2639444.662723162,0,0,False,False,False,6c9a928b81e9f356e9963f68819f878b34687b9659b42c863c2d9c5b23b21ce4,15.166952973231673,17453565,233908488,e10a5d4bb2a927d1bdcf21a41d30971a9301a82e08656c0419ef45e3f92de7a7,7424eea357d98b54c4652062440a1d287d509f1b7250f7eabbcc5185cde923b5,37f0f75e71de97e0b045d53af23b181e034e6c3262a1a4079d582f37471bb1b8,373bc096448cdc507d5c00c27fc9560494f830151f5b976fd48b7ebb576c2024,cc4d532031d8b49a2bf7090f5ab4c8693f9b28e9449ac04ec1b81bdaf48362b1,8748.68790313635,8470.707921490932,373bc096448cdc507d5c00c27fc9560494f830151f5b976fd48b7ebb576c2024,cc4d532031d8b49a2bf7090f5ab4c8693f9b28e9449ac04ec1b81bdaf48362b1,6c9a928b81e9f356e9963f68819f878b34687b9659b42c863c2d9c5b23b21ce4,f5813a8cda35bb54b0d3123e62701165e10068f532b0aa0fda70926f2d7ddc32
4,Novo_mesto,Murska_Sobota,1.1,travel_time,seconds,8332.083717272713,9165.292088999986,9.265292088999987e-07,443962,19.990031144792894,868655,19.735000667939538,5.734478938393295,5.862768576480448,6622513,88514776,14916.130549780915,True,7fae267d1b5f691bcdf4d543dab907175dc77b740960042b48a751bf15a2d693,923d90961262f4c4cc257099ce612a8470aa7f633416aef8d32c7ce75b0b6229,58e10b01925eabb867e4d5c253fa01fc8c347bdeca028c5810736c1c15620c74,373bc096448cdc507d5c00c27fc9560494f830151f5b976fd48b7ebb576c2024,cc4d532031d8b49a2bf7090f5ab4c8693f9b28e9449ac04ec1b81bdaf48362b1,travel_time,seconds,8067.340877610412,8874.074965371454,397455,770914,6.7451019923977915,6.668190747445716,308157,603859,True,2994.0,14453.171317924449,4672890.527051767,4801375.469975874,2529652.735624489,2642141.958011128,0,0,False,False,False,6c9a928b81e9f356e9963f68819f878b34687b9659b42c863c2d9c5b23b21ce4,15.287359012290835,17453565,233908488,e10a5d4bb2a927d1bdcf21a41d30971a9301a82e08656c0419ef45e3f92de7a7,7424eea357d98b54c4652062440a1d287d509f1b7250f7eabbcc5185cde923b5,37f0f75e71de97e0b045d53af23b181e034e6c3262a1a4079d582f37471bb1b8,373bc096448cdc507d5c00c27fc9560494f830151f5b976fd48b7ebb576c2024,cc4d532031d8b49a2bf7090f5ab4c8693f9b28e9449ac04ec1b81bdaf48362b1,9165.292088999986,8874.074965371454,373bc096448cdc507d5c00c27fc9560494f830151f5b976fd48b7ebb576c2024,cc4d532031d8b49a2bf7090f5ab4c8693f9b28e9449ac04ec1b81bdaf48362b1,6c9a928b81e9f356e9963f68819f878b34687b9659b42c863c2d9c5b23b21ce4,f5813a8cda35bb54b0d3123e62701165e10068f532b0aa0fda70926f2d7ddc32
4,Novo_mesto,Murska_Sobota,1.2,travel_time,seconds,8332.083717272713,9998.500460727255,1.0098500460727255e-06,960581,43.251548797186025,1894780,43.04756729150063,5.7191840605810285,5.908382055349648,6622513,88514776,19167.946557715924,True,7fae267d1b5f691bcdf4d543dab907175dc77b740960042b48a751bf15a2d693,923d90961262f4c4cc257099ce612a8470aa7f633416aef8d32c7ce75b0b6229,58e10b01925eabb867e4d5c253fa01fc8c347bdeca028c5810736c1c15620c74,373bc096448cdc507d5c00c27fc9560494f830151f5b976fd48b7ebb576c2024,cc4d532031d8b49a2bf7090f5ab4c8693f9b28e9449ac04ec1b81bdaf48362b1,travel_time,seconds,8067.340877610412,9680.809053132494,1194199,2340155,20.266430298321698,20.241687034596374,796744,1569241,True,8138.0,22829.32844505535,4661524.863332791,4844788.661421565,2524100.284979674,2648671.142307408,0,0,False,False,False,6c9a928b81e9f356e9963f68819f878b34687b9659b42c863c2d9c5b23b21ce4,15.173587016761303,17453565,233908488,e10a5d4bb2a927d1bdcf21a41d30971a9301a82e08656c0419ef45e3f92de7a7,7424eea357d98b54c4652062440a1d287d509f1b7250f7eabbcc5185cde923b5,37f0f75e71de97e0b045d53af23b181e034e6c3262a1a4079d582f37471bb1b8,373bc096448cdc507d5c00c27fc9560494f830151f5b976fd48b7ebb576c2024,cc4d532031d8b49a2bf7090f5ab4c8693f9b28e9449ac04ec1b81bdaf48362b1,9998.500460727255,9680.809053132494,373bc096448cdc507d5c00c27fc9560494f830151f5b976fd48b7ebb576c2024,cc4d532031d8b49a2bf7090f5ab4c8693f9b28e9449ac04ec1b81bdaf48362b1,6c9a928b81e9f356e9963f68819f878b34687b9659b42c863c2d9c5b23b21ce4,f5813a8cda35bb54b0d3123e62701165e10068f532b0aa0fda70926f2d7ddc32
4,Novo_mesto,Murska_Sobota,1.4,travel_time,seconds,8332.083717272713,11664.917204181798,1.1764917204181799e-06,1415736,63.745560955227056,2804507,63.71568403824431,5.985834985040128,5.986338108778,6622513,88514776,24957.850444753196,True,7fae267d1b5f691bcdf4d543dab907175dc77b740960042b48a751bf15a2d693,923d90961262f4c4cc257099ce612a8470aa7f633416aef8d32c7ce75b0b6229,58e10b01925eabb867e4d5c253fa01fc8c347bdeca028c5810736c1c15620c74,373bc096448cdc507d5c00c27fc9560494f830151f5b976fd48b7ebb576c2024,cc4d532031d8b49a2bf7090f5ab4c8693f9b28e9449ac04ec1b81bdaf48362b1,travel_time,seconds,8067.340877610412,11294.277228654575,2025592,3994797,34.37577747162579,34.55387811522933,831393,1654642,True,15508.0,35052.99142839359,4647899.345559985,4863662.975026969,2493264.990781733,2655725.139950467,0,0,False,False,False,6c9a928b81e9f356e9963f68819f878b34687b9659b42c863c2d9c5b23b21ce4,15.073926071636379,17453565,233908488,e10a5d4bb2a927d1bdcf21a41d30971a9301a82e08656c0419ef45e3f92de7a7,7424eea357d98b54c4652062440a1d287d509f1b7250f7eabbcc5185cde923b5,37f0f75e71de97e0b045d53af23b181e034e6c3262a1a4079d582f37471bb1b8,373bc096448cdc507d5c00c27fc9560494f830151f5b976fd48b7ebb576c2024,cc4d532031d8b49a2bf7090f5ab4c8693f9b28e9449ac04ec1b81bdaf48362b1,11664.917204181798,11294.277228654575,373bc096448cdc507d5c00c27fc9560494f830151f5b976fd48b7ebb576c2024,cc4d532031d8b49a2bf7090f5ab4c8693f9b28e9449ac04ec1b81bdaf48362b1,6c9a928b81e9f356e9963f68819f878b34687b9659b42c863c2d9c5b23b21ce4,f5813a8cda35bb54b0d3123e62701165e10068f532b0aa0fda70926f2d7ddc32
4,Novo_mesto,Murska_Sobota,1.6,travel_time,seconds,8332.083717272713,13331.333947636342,1.3431333947636342e-06,1673801,75.36531081530737,3320363,75.43543296567881,5.979899084195495,6.000390218105167,6622513,88514776,29717.181680808535,True,7fae267d1b5f691bcdf4d543dab907175dc77b740960042b48a751bf15a2d693,923d90961262f4c4cc257099ce612a8470aa7f633416aef8d32c7ce75b0b6229,58e10b01925eabb867e4d5c253fa01fc8c347bdeca028c5810736c1c15620c74,373bc096448cdc507d5c00c27fc9560494f830151f5b976fd48b7ebb576c2024,cc4d532031d8b49a2bf7090f5ab4c8693f9b28e9449ac04ec1b81bdaf48362b1,travel_time,seconds,8067.340877610412,12907.74540417666,2524003,4989785,42.83417660896957,43.160246368263415,498411,994988,True,21292.0,45370.59544532181,4637798.538395801,4880715.917211905,2483629.078781735,2670402.8520969357,0,0,False,False,False,6c9a928b81e9f356e9963f68819f878b34687b9659b42c863c2d9c5b23b21ce4,14.939271961338818,17453565,233908488,e10a5d4bb2a927d1bdcf21a41d30971a9301a82e08656c0419ef45e3f92de7a7,7424eea357d98b54c4652062440a1d287d509f1b7250f7eabbcc5185cde923b5,37f0f75e71de97e0b045d53af23b181e034e6c3262a1a4079d582f37471bb1b8,373bc096448cdc507d5c00c27fc9560494f830151f5b976fd48b7ebb576c2024,cc4d532031d8b49a2bf7090f5ab4c8693f9b28e9449ac04ec1b81bdaf48362b1,13331.333947636342,12907.74540417666,373bc096448cdc507d5c00c27fc9560494f830151f5b976fd48b7ebb576c2024,cc4d532031d8b49a2bf7090f5ab4c8693f9b28e9449ac04ec1b81bdaf48362b1,6c9a928b81e9f356e9963f68819f878b34687b9659b42c863c2d9c5b23b21ce4,f5813a8cda35bb54b0d3123e62701165e10068f532b0aa0fda70926f2d7ddc32
4,Novo_mesto,Murska_Sobota,2.0,travel_time,seconds,8332.083717272713,16664.167434545427,1.6764167434545427e-06,2035144,91.63530199462654,4036659,91.70898465011328,5.953149986453354,6.0832630028016865,6622513,88514776,36899.96165324676,True,7fae267d1b5f691bcdf4d543dab907175dc77b740960042b48a751bf15a2d693,923d90961262f4c4cc257099ce612a8470aa7f633416aef8d32c7ce75b0b6229,58e10b01925eabb867e4d5c253fa01fc8c347bdeca028c5810736c1c15620c74,373bc096448cdc507d5c00c27fc9560494f830151f5b976fd48b7ebb576c2024,cc4d532031d8b49a2bf7090f5ab4c8693f9b28e9449ac04ec1b81bdaf48362b1,travel_time,seconds,8067.340877610412,16134.681755220823,3663165,7238188,62.16658877101019,62.60830423351063,1139162,2248403,True,34584.0,75428.79034579058,4607513.95636875,4900412.238053272,2440524.2495060046,2698049.796982703,3058,0,True,False,True,6c9a928b81e9f356e9963f68819f878b34687b9659b42c863c2d9c5b23b21ce4,15.044521889649332,17453565,233908488,e10a5d4bb2a927d1bdcf21a41d30971a9301a82e08656c0419ef45e3f92de7a7,7424eea357d98b54c4652062440a1d287d509f1b7250f7eabbcc5185cde923b5,37f0f75e71de97e0b045d53af23b181e034e6c3262a1a4079d582f37471bb1b8,373bc096448cdc507d5c00c27fc9560494f830151f5b976fd48b7ebb576c2024,cc4d532031d8b49a2bf7090f5ab4c8693f9b28e9449ac04ec1b81bdaf48362b1,16664.167434545427,16134.681755220823,373bc096448cdc507d5c00c27fc9560494f830151f5b976fd48b7ebb576c2024,cc4d532031d8b49a2bf7090f5ab4c8693f9b28e9449ac04ec1b81bdaf48362b1,6c9a928b81e9f356e9963f68819f878b34687b9659b42c863c2d9c5b23b21ce4,f5813a8cda35bb54b0d3123e62701165e10068f532b0aa0fda70926f2d7ddc32
5,Novo_mesto,Slovenj_Gradec,1.0,travel_time,seconds,6697.248371532471,6697.248371532471,6.797248371532471e-07,3127,0.14079769752764287,3126,0.07101969376562502,6.043454050086439,6.246857694350183,6622513,88514776,3708.8828881237105,False,7fae267d1b5f691bcdf4d543dab907175dc77b740960042b48a751bf15a2d693,923d90961262f4c4cc257099ce612a8470aa7f633416aef8d32c7ce75b0b6229,58e10b01925eabb867e4d5c253fa01fc8c347bdeca028c5810736c1c15620c74,373bc096448cdc507d5c00c27fc9560494f830151f5b976fd48b7ebb576c2024,cc4d532031d8b49a2bf7090f5ab4c8693f9b28e9449ac04ec1b81bdaf48362b1,travel_time,seconds,6697.248371532471,6697.248371532471,3127,3126,0.05306747664572818,0.027039026761111237,3127,3126,False,202.0,3708.8828881237105,4674183.628133625,4722077.719168273,2535763.088977251,2613202.3473074823,0,0,False,False,False,6c9a928b81e9f356e9963f68819f878b34687b9659b42c863c2d9c5b23b21ce4,15.849785995669663,17453565,233908488,e10a5d4bb2a927d1bdcf21a41d30971a9301a82e08656c0419ef45e3f92de7a7,7424eea357d98b54c4652062440a1d287d509f1b7250f7eabbcc5185cde923b5,37f0f75e71de97e0b045d53af23b181e034e6c3262a1a4079d582f37471bb1b8,373bc096448cdc507d5c00c27fc9560494f830151f5b976fd48b7ebb576c2024,cc4d532031d8b49a2bf7090f5ab4c8693f9b28e9449ac04ec1b81bdaf48362b1,6697.248371532471,6697.248371532471,373bc096448cdc507d5c00c27fc9560494f830151f5b976fd48b7ebb576c2024,cc4d532031d8b49a2bf7090f5ab4c8693f9b28e9449ac04ec1b81bdaf48362b1,6c9a928b81e9f356e9963f68819f878b34687b9659b42c863c2d9c5b23b21ce4,f5813a8cda35bb54b0d3123e62701165e10068f532b0aa0fda70926f2d7ddc32
5,Novo_mesto,Slovenj_Gradec,1.05,travel_time,seconds,6697.248371532471,7032.1107901090945,7.132110790109095e-07,68309,3.075711519160779,128769,2.9255070206352425,5.934781976975501,5.970421095844358,6622513,88514776,5569.839925834619,False,7fae267d1b5f691bcdf4d543dab907175dc77b740960042b48a751bf15a2d693,923d90961262f4c4cc257099ce612a8470aa7f633416aef8d32c7ce75b0b6229,58e10b01925eabb867e4d5c253fa01fc8c347bdeca028c5810736c1c15620c74,373bc096448cdc507d5c00c27fc9560494f830151f5b976fd48b7ebb576c2024,cc4d532031d8b49a2bf7090f5ab4c8693f9b28e9449ac04ec1b81bdaf48362b1,travel_time,seconds,6697.248371532471,7032.1107901090945,68309,128769,1.1592536815455856,1.1138158787592876,65182,125643,True,665.0,5569.839925834619,4670884.582947267,4738993.472815913,2533852.240021155,2615630.697085667,0,0,False,False,False,6c9a928b81e9f356e9963f68819f878b34687b9659b42c863c2d9c5b23b21ce4,15.393865061923862,17453565,233908488,e10a5d4bb2a927d1bdcf21a41d30971a9301a82e08656c0419ef45e3f92de7a7,7424eea357d98b54c4652062440a1d287d509f1b7250f7eabbcc5185cde923b5,37f0f75e71de97e0b045d53af23b181e034e6c3262a1a4079d582f37471bb1b8,373bc096448cdc507d5c00c27fc9560494f830151f5b976fd48b7ebb576c2024,cc4d532031d8b49a2bf7090f5ab4c8693f9b28e9449ac04ec1b81bdaf48362b1,7032.1107901090945,7032.1107901090945,373bc096448cdc507d5c00c27fc9560494f830151f5b976fd48b7ebb576c2024,cc4d532031d8b49a2bf7090f5ab4c8693f9b28e9449ac04ec1b81bdaf48362b1,6c9a928b81e9f356e9963f68819f878b34687b9659b42c863c2d9c5b23b21ce4,f5813a8cda35bb54b0d3123e62701165e10068f532b0aa0fda70926f2d7ddc32
5,Novo_mesto,Slovenj_Gradec,1.1,travel_time,seconds,6697.248371532471,7366.973208685718,7.466973208685718e-07,242171,10.904099522854748,470428,10.687668745609548,5.981785012409091,6.064377981238067,6622513,88514776,6980.020869757503,False,7fae267d1b5f691bcdf4d543dab907175dc77b740960042b48a751bf15a2d693,923d90961262f4c4cc257099ce612a8470aa7f633416aef8d32c7ce75b0b6229,58e10b01925eabb867e4d5c253fa01fc8c347bdeca028c5810736c1c15620c74,373bc096448cdc507d5c00c27fc9560494f830151f5b976fd48b7ebb576c2024,cc4d532031d8b49a2bf7090f5ab4c8693f9b28e9449ac04ec1b81bdaf48362b1,travel_time,seconds,6697.248371532471,7366.973208685718,242171,470428,4.109818959633079,4.069070787324388,173862,341659,True,1712.0,6980.020869757503,4665367.198727682,4746669.419022243,2532054.1904473575,2617906.961066274,0,0,False,False,False,6c9a928b81e9f356e9963f68819f878b34687b9659b42c863c2d9c5b23b21ce4,15.295041026547551,17453565,233908488,e10a5d4bb2a927d1bdcf21a41d30971a9301a82e08656c0419ef45e3f92de7a7,7424eea357d98b54c4652062440a1d287d509f1b7250f7eabbcc5185cde923b5,37f0f75e71de97e0b045d53af23b181e034e6c3262a1a4079d582f37471bb1b8,373bc096448cdc507d5c00c27fc9560494f830151f5b976fd48b7ebb576c2024,cc4d532031d8b49a2bf7090f5ab4c8693f9b28e9449ac04ec1b81bdaf48362b1,7366.973208685718,7366.973208685718,373bc096448cdc507d5c00c27fc9560494f830151f5b976fd48b7ebb576c2024,cc4d532031d8b49a2bf7090f5ab4c8693f9b28e9449ac04ec1b81bdaf48362b1,6c9a928b81e9f356e9963f68819f878b34687b9659b42c863c2d9c5b23b21ce4,f5813a8cda35bb54b0d3123e62701165e10068f532b0aa0fda70926f2d7ddc32
5,Novo_mesto,Slovenj_Gradec,1.2,travel_time,seconds,6697.248371532471,8036.698045838964,8.136698045838964e-07,575390,25.907766926904518,1133551,25.753181346039028,5.705913994461298,5.890208785422146,6622513,88514776,8932.79005702172,False,7fae267d1b5f691bcdf4d543dab907175dc77b740960042b48a751bf15a2d693,923d90961262f4c4cc257099ce612a8470aa7f633416aef8d32c7ce75b0b6229,58e10b01925eabb867e4d5c253fa01fc8c347bdeca028c5810736c1c15620c74,373bc096448cdc507d5c00c27fc9560494f830151f5b976fd48b7ebb576c2024,cc4d532031d8b49a2bf7090f5ab4c8693f9b28e9449ac04ec1b81bdaf48362b1,travel_time,seconds,6697.248371532471,8036.698045838964,575390,1133551,9.764789058901675,9.804899495868332,333219,663123,True,3869.0,8932.79005702172,4659327.015549868,4754189.383814182,2528122.425336191,2622288.217530335,0,0,False,False,False,6c9a928b81e9f356e9963f68819f878b34687b9659b42c863c2d9c5b23b21ce4,14.986902941018343,17453565,233908488,e10a5d4bb2a927d1bdcf21a41d30971a9301a82e08656c0419ef45e3f92de7a7,7424eea357d98b54c4652062440a1d287d509f1b7250f7eabbcc5185cde923b5,37f0f75e71de97e0b045d53af23b181e034e6c3262a1a4079d582f37471bb1b8,373bc096448cdc507d5c00c27fc9560494f830151f5b976fd48b7ebb576c2024,cc4d532031d8b49a2bf7090f5ab4c8693f9b28e9449ac04ec1b81bdaf48362b1,8036.698045838964,8036.698045838964,373bc096448cdc507d5c00c27fc9560494f830151f5b976fd48b7ebb576c2024,cc4d532031d8b49a2bf7090f5ab4c8693f9b28e9449ac04ec1b81bdaf48362b1,6c9a928b81e9f356e9963f68819f878b34687b9659b42c863c2d9c5b23b21ce4,f5813a8cda35bb54b0d3123e62701165e10068f532b0aa0fda70926f2d7ddc32
5,Novo_mesto,Slovenj_Gradec,1.4,travel_time,seconds,6697.248371532471,9376.147720145458,9.476147720145458e-07,997011,44.891862235283895,1977068,44.91707098970464,5.945187993347645,6.129420758225024,6622513,88514776,12331.427606808138,True,7fae267d1b5f691bcdf4d543dab907175dc77b740960042b48a751bf15a2d693,923d90961262f4c4cc257099ce612a8470aa7f633416aef8d32c7ce75b0b6229,58e10b01925eabb867e4d5c253fa01fc8c347bdeca028c5810736c1c15620c74,373bc096448cdc507d5c00c27fc9560494f830151f5b976fd48b7ebb576c2024,cc4d532031d8b49a2bf7090f5ab4c8693f9b28e9449ac04ec1b81bdaf48362b1,travel_time,seconds,6697.248371532471,9376.147720145458,1010549,2001464,17.149755502674758,17.31210449692922,435159,867913,True,6800.0,14395.459124068044,4647633.147180449,4779800.761278148,2520636.2457691603,2629554.4495390104,0,0,False,False,False,6c9a928b81e9f356e9963f68819f878b34687b9659b42c863c2d9c5b23b21ce4,15.084821032360196,17453565,233908488,e10a5d4bb2a927d1bdcf21a41d30971a9301a82e08656c0419ef45e3f92de7a7,7424eea357d98b54c4652062440a1d287d509f1b7250f7eabbcc5185cde923b5,37f0f75e71de97e0b045d53af23b181e034e6c3262a1a4079d582f37471bb1b8,373bc096448cdc507d5c00c27fc9560494f830151f5b976fd48b7ebb576c2024,cc4d532031d8b49a2bf7090f5ab4c8693f9b28e9449ac04ec1b81bdaf48362b1,9376.147720145458,9376.147720145458,373bc096448cdc507d5c00c27fc9560494f830151f5b976fd48b7ebb576c2024,cc4d532031d8b49a2bf7090f5ab4c8693f9b28e9449ac04ec1b81bdaf48362b1,6c9a928b81e9f356e9963f68819f878b34687b9659b42c863c2d9c5b23b21ce4,f5813a8cda35bb54b0d3123e62701165e10068f532b0aa0fda70926f2d7ddc32
5,Novo_mesto,Slovenj_Gradec,1.6,travel_time,seconds,6697.248371532471,10715.597394451954,1.0815597394451953e-06,1281163,57.68621699955469,2537723,57.6546098278897,5.583971971645951,6.081294070463628,6622513,88514776,15651.036884593783,True,7fae267d1b5f691bcdf4d543dab907175dc77b740960042b48a751bf15a2d693,923d90961262f4c4cc257099ce612a8470aa7f633416aef8d32c7ce75b0b6229,58e10b01925eabb867e4d5c253fa01fc8c347bdeca028c5810736c1c15620c74,373bc096448cdc507d5c00c27fc9560494f830151f5b976fd48b7ebb576c2024,cc4d532031d8b49a2bf7090f5ab4c8693f9b28e9449ac04ec1b81bdaf48362b1,travel_time,seconds,6697.248371532471,10715.597394451954,1608520,3177207,27.2977606441275,27.481953006586675,597971,1175743,True,11476.0,22481.806787262074,4620385.53523441,4794934.739011472,2511531.9045257187,2640331.1559733297,0,0,False,False,False,6c9a928b81e9f356e9963f68819f878b34687b9659b42c863c2d9c5b23b21ce4,15.300279017537832,17453565,233908488,e10a5d4bb2a927d1bdcf21a41d30971a9301a82e08656c0419ef45e3f92de7a7,7424eea357d98b54c4652062440a1d287d509f1b7250f7eabbcc5185cde923b5,37f0f75e71de97e0b045d53af23b181e034e6c3262a1a4079d582f37471bb1b8,373bc096448cdc507d5c00c27fc9560494f830151f5b976fd48b7ebb576c2024,cc4d532031d8b49a2bf7090f5ab4c8693f9b28e9449ac04ec1b81bdaf48362b1,10715.597394451954,10715.597394451954,373bc096448cdc507d5c00c27fc9560494f830151f5b976fd48b7ebb576c2024,cc4d532031d8b49a2bf7090f5ab4c8693f9b28e9449ac04ec1b81bdaf48362b1,6c9a928b81e9f356e9963f68819f878b34687b9659b42c863c2d9c5b23b21ce4,f5813a8cda35bb54b0d3123e62701165e10068f532b0aa0fda70926f2d7ddc32
5,Novo_mesto,Slovenj_Gradec,2.0,travel_time,seconds,6697.248371532471,13394.496743064941,1.3494496743064941e-06,1783069,80.28526054778274,3537512,80.36884802694296,6.025574984960258,6.161658535711467,6622513,88514776,26228.00784538736,True,7fae267d1b5f691bcdf4d543dab907175dc77b740960042b48a751bf15a2d693,923d90961262f4c4cc257099ce612a8470aa7f633416aef8d32c7ce75b0b6229,58e10b01925eabb867e4d5c253fa01fc8c347bdeca028c5810736c1c15620c74,373bc096448cdc507d5c00c27fc9560494f830151f5b976fd48b7ebb576c2024,cc4d532031d8b49a2bf7090f5ab4c8693f9b28e9449ac04ec1b81bdaf48362b1,travel_time,seconds,6697.248371532471,13394.496743064941,2807842,5554283,47.65113199868714,48.042996377410496,1199322,2377076,True,22522.0,42179.43204813987,4589147.227171721,4827656.641787891,2489223.1063548364,2666069.090049101,0,0,False,False,False,6c9a928b81e9f356e9963f68819f878b34687b9659b42c863c2d9c5b23b21ce4,15.199847985059023,17453565,233908488,e10a5d4bb2a927d1bdcf21a41d30971a9301a82e08656c0419ef45e3f92de7a7,7424eea357d98b54c4652062440a1d287d509f1b7250f7eabbcc5185cde923b5,37f0f75e71de97e0b045d53af23b181e034e6c3262a1a4079d582f37471bb1b8,373bc096448cdc507d5c00c27fc9560494f830151f5b976fd48b7ebb576c2024,cc4d532031d8b49a2bf7090f5ab4c8693f9b28e9449ac04ec1b81bdaf48362b1,13394.496743064941,13394.496743064941,373bc096448cdc507d5c00c27fc9560494f830151f5b976fd48b7ebb576c2024,cc4d532031d8b49a2bf7090f5ab4c8693f9b28e9449ac04ec1b81bdaf48362b1,6c9a928b81e9f356e9963f68819f878b34687b9659b42c863c2d9c5b23b21ce4,f5813a8cda35bb54b0d3123e62701165e10068f532b0aa0fda70926f2d7ddc32
6,Postojna,Kranj,1.0,travel_time,seconds,2942.107739571425,2942.107739571425,3.042107739571425e-07,1378,0.062046442978283295,1377,0.031284106946662074,5.590536980889738,6.086161639541388,6622513,88514776,1105.8635232032502,False,7fae267d1b5f691bcdf4d543dab907175dc77b740960042b48a751bf15a2d693,923d90961262f4c4cc257099ce612a8470aa7f633416aef8d32c7ce75b0b6229,58e10b01925eabb867e4d5c253fa01fc8c347bdeca028c5810736c1c15620c74,373bc096448cdc507d5c00c27fc9560494f830151f5b976fd48b7ebb576c2024,cc4d532031d8b49a2bf7090f5ab4c8693f9b28e9449ac04ec1b81bdaf48362b1,travel_time,seconds,2942.107739571425,2942.107739571425,1378,1377,0.02338566767438869,0.011910665339107541,1378,1377,False,94.0,1105.8635232032502,4647588.486958667,4667612.515960299,2525372.4143670304,2580599.238255124,0,0,False,False,False,6c9a928b81e9f356e9963f68819f878b34687b9659b42c863c2d9c5b23b21ce4,15.414189081639051,17453565,233908488,e10a5d4bb2a927d1bdcf21a41d30971a9301a82e08656c0419ef45e3f92de7a7,7424eea357d98b54c4652062440a1d287d509f1b7250f7eabbcc5185cde923b5,37f0f75e71de97e0b045d53af23b181e034e6c3262a1a4079d582f37471bb1b8,373bc096448cdc507d5c00c27fc9560494f830151f5b976fd48b7ebb576c2024,cc4d532031d8b49a2bf7090f5ab4c8693f9b28e9449ac04ec1b81bdaf48362b1,2942.107739571425,2942.107739571425,373bc096448cdc507d5c00c27fc9560494f830151f5b976fd48b7ebb576c2024,cc4d532031d8b49a2bf7090f5ab4c8693f9b28e9449ac04ec1b81bdaf48362b1,6c9a928b81e9f356e9963f68819f878b34687b9659b42c863c2d9c5b23b21ce4,f5813a8cda35bb54b0d3123e62701165e10068f532b0aa0fda70926f2d7ddc32
6,Postojna,Kranj,1.05,travel_time,seconds,2942.107739571425,3089.2131265499966,3.1892131265499967e-07,8691,0.3913248446475037,14013,0.3183617942219141,5.446386057883501,5.723709287121892,6622513,88514776,1248.7836494224207,False,7fae267d1b5f691bcdf4d543dab907175dc77b740960042b48a751bf15a2d693,923d90961262f4c4cc257099ce612a8470aa7f633416aef8d32c7ce75b0b6229,58e10b01925eabb867e4d5c253fa01fc8c347bdeca028c5810736c1c15620c74,373bc096448cdc507d5c00c27fc9560494f830151f5b976fd48b7ebb576c2024,cc4d532031d8b49a2bf7090f5ab4c8693f9b28e9449ac04ec1b81bdaf48362b1,travel_time,seconds,2942.107739571425,3089.2131265499966,8691,14013,0.14749262536873156,0.12120853550974145,7313,12636,True,131.0,1248.7836494224207,4646759.54837308,4668097.067906452,2524116.1914608157,2582641.4407274555,0,0,False,False,False,6c9a928b81e9f356e9963f68819f878b34687b9659b42c863c2d9c5b23b21ce4,15.29692707117647,17453565,233908488,e10a5d4bb2a927d1bdcf21a41d30971a9301a82e08656c0419ef45e3f92de7a7,7424eea357d98b54c4652062440a1d287d509f1b7250f7eabbcc5185cde923b5,37f0f75e71de97e0b045d53af23b181e034e6c3262a1a4079d582f37471bb1b8,373bc096448cdc507d5c00c27fc9560494f830151f5b976fd48b7ebb576c2024,cc4d532031d8b49a2bf7090f5ab4c8693f9b28e9449ac04ec1b81bdaf48362b1,3089.2131265499966,3089.2131265499966,373bc096448cdc507d5c00c27fc9560494f830151f5b976fd48b7ebb576c2024,cc4d532031d8b49a2bf7090f5ab4c8693f9b28e9449ac04ec1b81bdaf48362b1,6c9a928b81e9f356e9963f68819f878b34687b9659b42c863c2d9c5b23b21ce4,f5813a8cda35bb54b0d3123e62701165e10068f532b0aa0fda70926f2d7ddc32
6,Postojna,Kranj,1.1,travel_time,seconds,2942.107739571425,3236.318513528568,3.336318513528568e-07,25180,1.1337659174115917,45341,1.0301036260483698,5.4476429941132665,5.475237057544291,6622513,88514776,1402.2169134723467,False,7fae267d1b5f691bcdf4d543dab907175dc77b740960042b48a751bf15a2d693,923d90961262f4c4cc257099ce612a8470aa7f633416aef8d32c7ce75b0b6229,58e10b01925eabb867e4d5c253fa01fc8c347bdeca028c5810736c1c15620c74,373bc096448cdc507d5c00c27fc9560494f830151f5b976fd48b7ebb576c2024,cc4d532031d8b49a2bf7090f5ab4c8693f9b28e9449ac04ec1b81bdaf48362b1,travel_time,seconds,2942.107739571425,3236.318513528568,25180,45341,0.42732301309224036,0.39218698412525416,16489,31328,True,212.0,1402.2169134723467,4645572.622455708,4668845.3510696115,2523211.907063957,2583463.4115925073,0,0,False,False,False,6c9a928b81e9f356e9963f68819f878b34687b9659b42c863c2d9c5b23b21ce4,15.536759980022907,17453565,233908488,e10a5d4bb2a927d1bdcf21a41d30971a9301a82e08656c0419ef45e3f92de7a7,7424eea357d98b54c4652062440a1d287d509f1b7250f7eabbcc5185cde923b5,37f0f75e71de97e0b045d53af23b181e034e6c3262a1a4079d582f37471bb1b8,373bc096448cdc507d5c00c27fc9560494f830151f5b976fd48b7ebb576c2024,cc4d532031d8b49a2bf7090f5ab4c8693f9b28e9449ac04ec1b81bdaf48362b1,3236.318513528568,3236.318513528568,373bc096448cdc507d5c00c27fc9560494f830151f5b976fd48b7ebb576c2024,cc4d532031d8b49a2bf7090f5ab4c8693f9b28e9449ac04ec1b81bdaf48362b1,6c9a928b81e9f356e9963f68819f878b34687b9659b42c863c2d9c5b23b21ce4,f5813a8cda35bb54b0d3123e62701165e10068f532b0aa0fda70926f2d7ddc32
6,Postojna,Kranj,1.2,travel_time,seconds,2942.107739571425,3530.52928748571,3.63052928748571e-07,69605,3.134065793543838,130523,2.965356202613779,5.500023951753974,5.9194653877057135,6622513,88514776,1851.9070703980246,False,7fae267d1b5f691bcdf4d543dab907175dc77b740960042b48a751bf15a2d693,923d90961262f4c4cc257099ce612a8470aa7f633416aef8d32c7ce75b0b6229,58e10b01925eabb867e4d5c253fa01fc8c347bdeca028c5810736c1c15620c74,373bc096448cdc507d5c00c27fc9560494f830151f5b976fd48b7ebb576c2024,cc4d532031d8b49a2bf7090f5ab4c8693f9b28e9449ac04ec1b81bdaf48362b1,travel_time,seconds,2942.107739571425,3530.52928748571,69605,130523,1.1812477492567668,1.128987488784556,44425,85182,True,448.0,1851.9070703980246,4643321.614936615,4672090.786777813,2521178.7287581116,2585549.9619872198,0,0,False,False,False,6c9a928b81e9f356e9963f68819f878b34687b9659b42c863c2d9c5b23b21ce4,15.58746409136802,17453565,233908488,e10a5d4bb2a927d1bdcf21a41d30971a9301a82e08656c0419ef45e3f92de7a7,7424eea357d98b54c4652062440a1d287d509f1b7250f7eabbcc5185cde923b5,37f0f75e71de97e0b045d53af23b181e034e6c3262a1a4079d582f37471bb1b8,373bc096448cdc507d5c00c27fc9560494f830151f5b976fd48b7ebb576c2024,cc4d532031d8b49a2bf7090f5ab4c8693f9b28e9449ac04ec1b81bdaf48362b1,3530.52928748571,3530.52928748571,373bc096448cdc507d5c00c27fc9560494f830151f5b976fd48b7ebb576c2024,cc4d532031d8b49a2bf7090f5ab4c8693f9b28e9449ac04ec1b81bdaf48362b1,6c9a928b81e9f356e9963f68819f878b34687b9659b42c863c2d9c5b23b21ce4,f5813a8cda35bb54b0d3123e62701165e10068f532b0aa0fda70926f2d7ddc32
6,Postojna,Kranj,1.4,travel_time,seconds,2942.107739571425,4118.9508353999945,4.218950835399995e-07,146465,6.594798454872469,276476,6.281267067672726,5.822337931022048,5.89726303005591,6622513,88514776,3504.4762808311243,False,7fae267d1b5f691bcdf4d543dab907175dc77b740960042b48a751bf15a2d693,923d90961262f4c4cc257099ce612a8470aa7f633416aef8d32c7ce75b0b6229,58e10b01925eabb867e4d5c253fa01fc8c347bdeca028c5810736c1c15620c74,373bc096448cdc507d5c00c27fc9560494f830151f5b976fd48b7ebb576c2024,cc4d532031d8b49a2bf7090f5ab4c8693f9b28e9449ac04ec1b81bdaf48362b1,travel_time,seconds,2942.107739571425,4118.9508353999945,146465,276476,2.485618153794876,2.391440167244079,76860,145953,True,987.0,3504.4762808311243,4632913.526993831,4679005.294934396,2516481.7038697284,2592514.289240507,0,0,False,False,False,6c9a928b81e9f356e9963f68819f878b34687b9659b42c863c2d9c5b23b21ce4,15.496671083383262,17453565,233908488,e10a5d4bb2a927d1bdcf21a41d30971a9301a82e08656c0419ef45e3f92de7a7,7424eea357d98b54c4652062440a1d287d509f1b7250f7eabbcc5185cde923b5,37f0f75e71de97e0b045d53af23b181e034e6c3262a1a4079d582f37471bb1b8,373bc096448cdc507d5c00c27fc9560494f830151f5b976fd48b7ebb576c2024,cc4d532031d8b49a2bf7090f5ab4c8693f9b28e9449ac04ec1b81bdaf48362b1,4118.9508353999945,4118.9508353999945,373bc096448cdc507d5c00c27fc9560494f830151f5b976fd48b7ebb576c2024,cc4d532031d8b49a2bf7090f5ab4c8693f9b28e9449ac04ec1b81bdaf48362b1,6c9a928b81e9f356e9963f68819f878b34687b9659b42c863c2d9c5b23b21ce4,f5813a8cda35bb54b0d3123e62701165e10068f532b0aa0fda70926f2d7ddc32
6,Postojna,Kranj,1.6,travel_time,seconds,2942.107739571425,4707.37238331428,4.80737238331428e-07,225308,10.144818559180734,433411,9.846678341219867,5.859213997609913,5.889447627123445,6622513,88514776,4661.440133193079,False,7fae267d1b5f691bcdf4d543dab907175dc77b740960042b48a751bf15a2d693,923d90961262f4c4cc257099ce612a8470aa7f633416aef8d32c7ce75b0b6229,58e10b01925eabb867e4d5c253fa01fc8c347bdeca028c5810736c1c15620c74,373bc096448cdc507d5c00c27fc9560494f830151f5b976fd48b7ebb576c2024,cc4d532031d8b49a2bf7090f5ab4c8693f9b28e9449ac04ec1b81bdaf48362b1,travel_time,seconds,2942.107739571425,4707.37238331428,225308,433411,3.8236415184188437,3.7488840779142616,78843,156935,True,1585.0,4661.440133193079,4628759.2855294775,4684027.72798737,2512730.3583701905,2597072.16222588,0,0,False,False,False,6c9a928b81e9f356e9963f68819f878b34687b9659b42c863c2d9c5b23b21ce4,14.900230919010937,17453565,233908488,e10a5d4bb2a927d1bdcf21a41d30971a9301a82e08656c0419ef45e3f92de7a7,7424eea357d98b54c4652062440a1d287d509f1b7250f7eabbcc5185cde923b5,37f0f75e71de97e0b045d53af23b181e034e6c3262a1a4079d582f37471bb1b8,373bc096448cdc507d5c00c27fc9560494f830151f5b976fd48b7ebb576c2024,cc4d532031d8b49a2bf7090f5ab4c8693f9b28e9449ac04ec1b81bdaf48362b1,4707.37238331428,4707.37238331428,373bc096448cdc507d5c00c27fc9560494f830151f5b976fd48b7ebb576c2024,cc4d532031d8b49a2bf7090f5ab4c8693f9b28e9449ac04ec1b81bdaf48362b1,6c9a928b81e9f356e9963f68819f878b34687b9659b42c863c2d9c5b23b21ce4,f5813a8cda35bb54b0d3123e62701165e10068f532b0aa0fda70926f2d7ddc32
6,Postojna,Kranj,2.0,travel_time,seconds,2942.107739571425,5884.21547914285,5.98421547914285e-07,418926,18.862749035646086,817350,18.569400735551376,5.809906986542046,5.895265669096261,6622513,88514776,8844.423338614984,True,7fae267d1b5f691bcdf4d543dab907175dc77b740960042b48a751bf15a2d693,923d90961262f4c4cc257099ce612a8470aa7f633416aef8d32c7ce75b0b6229,58e10b01925eabb867e4d5c253fa01fc8c347bdeca028c5810736c1c15620c74,373bc096448cdc507d5c00c27fc9560494f830151f5b976fd48b7ebb576c2024,cc4d532031d8b49a2bf7090f5ab4c8693f9b28e9449ac04ec1b81bdaf48362b1,travel_time,seconds,2942.107739571425,5884.21547914285,422969,824664,7.178093229730413,7.133113232541598,197661,391253,True,3267.0,9297.816789636152,4615242.001057091,4701130.956006293,2500797.9252153267,2609051.8537342525,0,0,False,False,False,6c9a928b81e9f356e9963f68819f878b34687b9659b42c863c2d9c5b23b21ce4,15.388907049782574,17453565,233908488,e10a5d4bb2a927d1bdcf21a41d30971a9301a82e08656c0419ef45e3f92de7a7,7424eea357d98b54c4652062440a1d287d509f1b7250f7eabbcc5185cde923b5,37f0f75e71de97e0b045d53af23b181e034e6c3262a1a4079d582f37471bb1b8,373bc096448cdc507d5c00c27fc9560494f830151f5b976fd48b7ebb576c2024,cc4d532031d8b49a2bf7090f5ab4c8693f9b28e9449ac04ec1b81bdaf48362b1,5884.21547914285,5884.21547914285,373bc096448cdc507d5c00c27fc9560494f830151f5b976fd48b7ebb576c2024,cc4d532031d8b49a2bf7090f5ab4c8693f9b28e9449ac04ec1b81bdaf48362b1,6c9a928b81e9f356e9963f68819f878b34687b9659b42c863c2d9c5b23b21ce4,f5813a8cda35bb54b0d3123e62701165e10068f532b0aa0fda70926f2d7ddc32
7,Postojna,Celje,1.0,travel_time,seconds,4667.105651259744,4667.105651259744,4.7671056512597447e-07,2073,0.09333982314512429,2072,0.04707383412743923,5.879398086108267,6.228943669702858,6622513,88514776,4973.177788047745,False,7fae267d1b5f691bcdf4d543dab907175dc77b740960042b48a751bf15a2d693,923d90961262f4c4cc257099ce612a8470aa7f633416aef8d32c7ce75b0b6229,58e10b01925eabb867e4d5c253fa01fc8c347bdeca028c5810736c1c15620c74,373bc096448cdc507d5c00c27fc9560494f830151f5b976fd48b7ebb576c2024,cc4d532031d8b49a2bf7090f5ab4c8693f9b28e9449ac04ec1b81bdaf48362b1,travel_time,seconds,4667.105651259744,4667.105651259744,2073,2072,0.0351803258991348,0.017922221192905465,2073,2072,False,153.0,4973.177788047745,4647588.486958667,4728483.568951337,2525372.4143670304,2586849.3010397996,0,0,False,False,False,6c9a928b81e9f356e9963f68819f878b34687b9659b42c863c2d9c5b23b21ce4,16.06796693522483,17453565,233908488,e10a5d4bb2a927d1bdcf21a41d30971a9301a82e08656c0419ef45e3f92de7a7,7424eea357d98b54c4652062440a1d287d509f1b7250f7eabbcc5185cde923b5,37f0f75e71de97e0b045d53af23b181e034e6c3262a1a4079d582f37471bb1b8,373bc096448cdc507d5c00c27fc9560494f830151f5b976fd48b7ebb576c2024,cc4d532031d8b49a2bf7090f5ab4c8693f9b28e9449ac04ec1b81bdaf48362b1,4667.105651259744,4667.105651259744,373bc096448cdc507d5c00c27fc9560494f830151f5b976fd48b7ebb576c2024,cc4d532031d8b49a2bf7090f5ab4c8693f9b28e9449ac04ec1b81bdaf48362b1,6c9a928b81e9f356e9963f68819f878b34687b9659b42c863c2d9c5b23b21ce4,f5813a8cda35bb54b0d3123e62701165e10068f532b0aa0fda70926f2d7ddc32
7,Postojna,Celje,1.05,travel_time,seconds,4667.105651259744,4900.460933822732,5.000460933822733e-07,26667,1.2007202430347466,44548,1.0120874337399435,5.914667970500886,6.12448324682191,6622513,88514776,5474.115579153401,False,7fae267d1b5f691bcdf4d543dab907175dc77b740960042b48a751bf15a2d693,923d90961262f4c4cc257099ce612a8470aa7f633416aef8d32c7ce75b0b6229,58e10b01925eabb867e4d5c253fa01fc8c347bdeca028c5810736c1c15620c74,373bc096448cdc507d5c00c27fc9560494f830151f5b976fd48b7ebb576c2024,cc4d532031d8b49a2bf7090f5ab4c8693f9b28e9449ac04ec1b81bdaf48362b1,travel_time,seconds,4667.105651259744,4900.460933822732,26667,44548,0.4525584904738194,0.38532775564746746,24594,42476,True,287.0,5474.115579153401,4646119.739406443,4730662.160090371,2523562.7486812505,2588312.675816872,0,0,False,False,False,6c9a928b81e9f356e9963f68819f878b34687b9659b42c863c2d9c5b23b21ce4,16.234257956966758,17453565,233908488,e10a5d4bb2a927d1bdcf21a41d30971a9301a82e08656c0419ef45e3f92de7a7,7424eea357d98b54c4652062440a1d287d509f1b7250f7eabbcc5185cde923b5,37f0f75e71de97e0b045d53af23b181e034e6c3262a1a4079d582f37471bb1b8,373bc096448cdc507d5c00c27fc9560494f830151f5b976fd48b7ebb576c2024,cc4d532031d8b49a2bf7090f5ab4c8693f9b28e9449ac04ec1b81bdaf48362b1,4900.460933822732,4900.460933822732,373bc096448cdc507d5c00c27fc9560494f830151f5b976fd48b7ebb576c2024,cc4d532031d8b49a2bf7090f5ab4c8693f9b28e9449ac04ec1b81bdaf48362b1,6c9a928b81e9f356e9963f68819f878b34687b9659b42c863c2d9c5b23b21ce4,f5813a8cda35bb54b0d3123e62701165e10068f532b0aa0fda70926f2d7ddc32
7,Postojna,Celje,1.1,travel_time,seconds,4667.105651259744,5133.816216385719,5.233816216385719e-07,86427,3.8915006729202397,157641,3.5814509100789804,5.594518035650253,6.225409952457994,6622513,88514776,5948.699969696373,False,7fae267d1b5f691bcdf4d543dab907175dc77b740960042b48a751bf15a2d693,923d90961262f4c4cc257099ce612a8470aa7f633416aef8d32c7ce75b0b6229,58e10b01925eabb867e4d5c253fa01fc8c347bdeca028c5810736c1c15620c74,373bc096448cdc507d5c00c27fc9560494f830151f5b976fd48b7ebb576c2024,cc4d532031d8b49a2bf7090f5ab4c8693f9b28e9449ac04ec1b81bdaf48362b1,travel_time,seconds,4667.105651259744,5133.816216385719,86427,157641,1.4667293904893985,1.3635506134511632,59760,113093,True,535.0,5948.699969696373,4644233.267321056,4731682.74152995,2522147.0248783207,2590171.4472491913,0,0,False,False,False,6c9a928b81e9f356e9963f68819f878b34687b9659b42c863c2d9c5b23b21ce4,15.269339084625244,17453565,233908488,e10a5d4bb2a927d1bdcf21a41d30971a9301a82e08656c0419ef45e3f92de7a7,7424eea357d98b54c4652062440a1d287d509f1b7250f7eabbcc5185cde923b5,37f0f75e71de97e0b045d53af23b181e034e6c3262a1a4079d582f37471bb1b8,373bc096448cdc507d5c00c27fc9560494f830151f5b976fd48b7ebb576c2024,cc4d532031d8b49a2bf7090f5ab4c8693f9b28e9449ac04ec1b81bdaf48362b1,5133.816216385719,5133.816216385719,373bc096448cdc507d5c00c27fc9560494f830151f5b976fd48b7ebb576c2024,cc4d532031d8b49a2bf7090f5ab4c8693f9b28e9449ac04ec1b81bdaf48362b1,6c9a928b81e9f356e9963f68819f878b34687b9659b42c863c2d9c5b23b21ce4,f5813a8cda35bb54b0d3123e62701165e10068f532b0aa0fda70926f2d7ddc32
7,Postojna,Celje,1.2,travel_time,seconds,4667.105651259744,5600.526781511693,5.700526781511694e-07,160969,7.247862031764357,304818,6.925169870201627,5.625527002848685,5.973376089241356,6622513,88514776,7741.81078950213,False,7fae267d1b5f691bcdf4d543dab907175dc77b740960042b48a751bf15a2d693,923d90961262f4c4cc257099ce612a8470aa7f633416aef8d32c7ce75b0b6229,58e10b01925eabb867e4d5c253fa01fc8c347bdeca028c5810736c1c15620c74,373bc096448cdc507d5c00c27fc9560494f830151f5b976fd48b7ebb576c2024,cc4d532031d8b49a2bf7090f5ab4c8693f9b28e9449ac04ec1b81bdaf48362b1,travel_time,seconds,4667.105651259744,5600.526781511693,160969,304818,2.7317616399700095,2.6365905499898927,74542,147177,True,1107.0,7741.81078950213,4636163.135281139,4738014.227528536,2518005.601880694,2594016.6746996013,0,0,False,False,False,6c9a928b81e9f356e9963f68819f878b34687b9659b42c863c2d9c5b23b21ce4,15.272762044332922,17453565,233908488,e10a5d4bb2a927d1bdcf21a41d30971a9301a82e08656c0419ef45e3f92de7a7,7424eea357d98b54c4652062440a1d287d509f1b7250f7eabbcc5185cde923b5,37f0f75e71de97e0b045d53af23b181e034e6c3262a1a4079d582f37471bb1b8,373bc096448cdc507d5c00c27fc9560494f830151f5b976fd48b7ebb576c2024,cc4d532031d8b49a2bf7090f5ab4c8693f9b28e9449ac04ec1b81bdaf48362b1,5600.526781511693,5600.526781511693,373bc096448cdc507d5c00c27fc9560494f830151f5b976fd48b7ebb576c2024,cc4d532031d8b49a2bf7090f5ab4c8693f9b28e9449ac04ec1b81bdaf48362b1,6c9a928b81e9f356e9963f68819f878b34687b9659b42c863c2d9c5b23b21ce4,f5813a8cda35bb54b0d3123e62701165e10068f532b0aa0fda70926f2d7ddc32
7,Postojna,Celje,1.4,travel_time,seconds,4667.105651259744,6533.947911763642,6.633947911763643e-07,354311,15.953365209055539,688951,15.652299756724606,5.519089987501502,5.8328705141320825,6622513,88514776,10111.677587896751,False,7fae267d1b5f691bcdf4d543dab907175dc77b740960042b48a751bf15a2d693,923d90961262f4c4cc257099ce612a8470aa7f633416aef8d32c7ce75b0b6229,58e10b01925eabb867e4d5c253fa01fc8c347bdeca028c5810736c1c15620c74,373bc096448cdc507d5c00c27fc9560494f830151f5b976fd48b7ebb576c2024,cc4d532031d8b49a2bf7090f5ab4c8693f9b28e9449ac04ec1b81bdaf48362b1,travel_time,seconds,4667.105651259744,6533.947911763642,354311,688951,6.012916762975567,5.959233693568249,193342,384133,True,2548.0,10111.677587896751,4627581.100146561,4744332.555046182,2512207.2926470395,2598815.8715002146,0,0,False,False,False,6c9a928b81e9f356e9963f68819f878b34687b9659b42c863c2d9c5b23b21ce4,15.227435040287673,17453565,233908488,e10a5d4bb2a927d1bdcf21a41d30971a9301a82e08656c0419ef45e3f92de7a7,7424eea357d98b54c4652062440a1d287d509f1b7250f7eabbcc5185cde923b5,37f0f75e71de97e0b045d53af23b181e034e6c3262a1a4079d582f37471bb1b8,373bc096448cdc507d5c00c27fc9560494f830151f5b976fd48b7ebb576c2024,cc4d532031d8b49a2bf7090f5ab4c8693f9b28e9449ac04ec1b81bdaf48362b1,6533.947911763642,6533.947911763642,373bc096448cdc507d5c00c27fc9560494f830151f5b976fd48b7ebb576c2024,cc4d532031d8b49a2bf7090f5ab4c8693f9b28e9449ac04ec1b81bdaf48362b1,6c9a928b81e9f356e9963f68819f878b34687b9659b42c863c2d9c5b23b21ce4,f5813a8cda35bb54b0d3123e62701165e10068f532b0aa0fda70926f2d7ddc32
7,Postojna,Celje,1.6,travel_time,seconds,4667.105651259744,7467.369042015591,7.567369042015591e-07,630695,28.397954538598245,1237889,28.1236396979641,5.525027052499354,5.945411662105471,6622513,88514776,14883.49909057435,True,7fae267d1b5f691bcdf4d543dab907175dc77b740960042b48a751bf15a2d693,923d90961262f4c4cc257099ce612a8470aa7f633416aef8d32c7ce75b0b6229,58e10b01925eabb867e4d5c253fa01fc8c347bdeca028c5810736c1c15620c74,373bc096448cdc507d5c00c27fc9560494f830151f5b976fd48b7ebb576c2024,cc4d532031d8b49a2bf7090f5ab4c8693f9b28e9449ac04ec1b81bdaf48362b1,travel_time,seconds,4667.105651259744,7467.369042015591,631973,1240053,10.725043945708594,10.726112044848456,277662,551102,True,4670.0,15242.828434632875,4616098.226357829,4757443.016863079,2502276.4245265042,2610117.8835583227,0,0,False,False,False,6c9a928b81e9f356e9963f68819f878b34687b9659b42c863c2d9c5b23b21ce4,15.344697050750256,17453565,233908488,e10a5d4bb2a927d1bdcf21a41d30971a9301a82e08656c0419ef45e3f92de7a7,7424eea357d98b54c4652062440a1d287d509f1b7250f7eabbcc5185cde923b5,37f0f75e71de97e0b045d53af23b181e034e6c3262a1a4079d582f37471bb1b8,373bc096448cdc507d5c00c27fc9560494f830151f5b976fd48b7ebb576c2024,cc4d532031d8b49a2bf7090f5ab4c8693f9b28e9449ac04ec1b81bdaf48362b1,7467.369042015591,7467.369042015591,373bc096448cdc507d5c00c27fc9560494f830151f5b976fd48b7ebb576c2024,cc4d532031d8b49a2bf7090f5ab4c8693f9b28e9449ac04ec1b81bdaf48362b1,6c9a928b81e9f356e9963f68819f878b34687b9659b42c863c2d9c5b23b21ce4,f5813a8cda35bb54b0d3123e62701165e10068f532b0aa0fda70926f2d7ddc32
7,Postojna,Celje,2.0,travel_time,seconds,4667.105651259744,9334.211302519489,9.434211302519489e-07,1327228,59.76036024759142,2618330,59.48592283344496,5.639984970912337,5.868090922012925,6622513,88514776,24759.712635936092,True,7fae267d1b5f691bcdf4d543dab907175dc77b740960042b48a751bf15a2d693,923d90961262f4c4cc257099ce612a8470aa7f633416aef8d32c7ce75b0b6229,58e10b01925eabb867e4d5c253fa01fc8c347bdeca028c5810736c1c15620c74,373bc096448cdc507d5c00c27fc9560494f830151f5b976fd48b7ebb576c2024,cc4d532031d8b49a2bf7090f5ab4c8693f9b28e9449ac04ec1b81bdaf48362b1,travel_time,seconds,4667.105651259744,9334.211302519489,1384816,2722116,23.501340178647492,23.54554298491653,752843,1482063,True,9782.0,25532.687075019618,4596726.883596342,4774743.900893723,2492231.0096841883,2635659.359752355,0,0,False,False,False,6c9a928b81e9f356e9963f68819f878b34687b9659b42c863c2d9c5b23b21ce4,15.171562088653445,17453565,233908488,e10a5d4bb2a927d1bdcf21a41d30971a9301a82e08656c0419ef45e3f92de7a7,7424eea357d98b54c4652062440a1d287d509f1b7250f7eabbcc5185cde923b5,37f0f75e71de97e0b045d53af23b181e034e6c3262a1a4079d582f37471bb1b8,373bc096448cdc507d5c00c27fc9560494f830151f5b976fd48b7ebb576c2024,cc4d532031d8b49a2bf7090f5ab4c8693f9b28e9449ac04ec1b81bdaf48362b1,9334.211302519489,9334.211302519489,373bc096448cdc507d5c00c27fc9560494f830151f5b976fd48b7ebb576c2024,cc4d532031d8b49a2bf7090f5ab4c8693f9b28e9449ac04ec1b81bdaf48362b1,6c9a928b81e9f356e9963f68819f878b34687b9659b42c863c2d9c5b23b21ce4,f5813a8cda35bb54b0d3123e62701165e10068f532b0aa0fda70926f2d7ddc32
8,Murska_Sobota,Postojna,1.0,travel_time,seconds,8118.1901172857215,8118.1901172857215,8.218190117285722e-07,3468,0.1561517157102224,3467,0.07876688364856747,6.014678976498544,6.3168314984068274,6622513,88514776,15938.655157113986,False,7fae267d1b5f691bcdf4d543dab907175dc77b740960042b48a751bf15a2d693,923d90961262f4c4cc257099ce612a8470aa7f633416aef8d32c7ce75b0b6229,58e10b01925eabb867e4d5c253fa01fc8c347bdeca028c5810736c1c15620c74,373bc096448cdc507d5c00c27fc9560494f830151f5b976fd48b7ebb576c2024,cc4d532031d8b49a2bf7090f5ab4c8693f9b28e9449ac04ec1b81bdaf48362b1,travel_time,seconds,8118.1901172857215,8118.1901172857215,3468,3467,0.058854496004920154,0.029988581503766047,3468,3467,False,284.0,15938.655157113986,4647464.226578477,4792412.618547069,2525693.5388519457,2635654.435559014,0,0,False,False,False,6c9a928b81e9f356e9963f68819f878b34687b9659b42c863c2d9c5b23b21ce4,15.982343000359833,17453565,233908488,e10a5d4bb2a927d1bdcf21a41d30971a9301a82e08656c0419ef45e3f92de7a7,7424eea357d98b54c4652062440a1d287d509f1b7250f7eabbcc5185cde923b5,37f0f75e71de97e0b045d53af23b181e034e6c3262a1a4079d582f37471bb1b8,373bc096448cdc507d5c00c27fc9560494f830151f5b976fd48b7ebb576c2024,cc4d532031d8b49a2bf7090f5ab4c8693f9b28e9449ac04ec1b81bdaf48362b1,8118.1901172857215,8118.1901172857215,373bc096448cdc507d5c00c27fc9560494f830151f5b976fd48b7ebb576c2024,cc4d532031d8b49a2bf7090f5ab4c8693f9b28e9449ac04ec1b81bdaf48362b1,6c9a928b81e9f356e9963f68819f878b34687b9659b42c863c2d9c5b23b21ce4,f5813a8cda35bb54b0d3123e62701165e10068f532b0aa0fda70926f2d7ddc32
8,Murska_Sobota,Postojna,1.05,travel_time,seconds,8118.1901172857215,8524.099623150008,8.624099623150009e-07,98086,4.4164640101363535,176699,4.014430220310996,5.746560986153781,5.777548882178962,6622513,88514776,17484.13053620249,False,7fae267d1b5f691bcdf4d543dab907175dc77b740960042b48a751bf15a2d693,923d90961262f4c4cc257099ce612a8470aa7f633416aef8d32c7ce75b0b6229,58e10b01925eabb867e4d5c253fa01fc8c347bdeca028c5810736c1c15620c74,373bc096448cdc507d5c00c27fc9560494f830151f5b976fd48b7ebb576c2024,cc4d532031d8b49a2bf7090f5ab4c8693f9b28e9449ac04ec1b81bdaf48362b1,travel_time,seconds,8118.1901172857215,8524.099623150008,98086,176699,1.6645911462337366,1.5283969896550207,94618,173232,True,766.0,17484.13053620249,4644875.199322657,4796769.527476522,2522846.739696313,2637953.937895916,0,0,False,False,False,6c9a928b81e9f356e9963f68819f878b34687b9659b42c863c2d9c5b23b21ce4,15.155288972891867,17453565,233908488,e10a5d4bb2a927d1bdcf21a41d30971a9301a82e08656c0419ef45e3f92de7a7,7424eea357d98b54c4652062440a1d287d509f1b7250f7eabbcc5185cde923b5,37f0f75e71de97e0b045d53af23b181e034e6c3262a1a4079d582f37471bb1b8,373bc096448cdc507d5c00c27fc9560494f830151f5b976fd48b7ebb576c2024,cc4d532031d8b49a2bf7090f5ab4c8693f9b28e9449ac04ec1b81bdaf48362b1,8524.099623150008,8524.099623150008,373bc096448cdc507d5c00c27fc9560494f830151f5b976fd48b7ebb576c2024,cc4d532031d8b49a2bf7090f5ab4c8693f9b28e9449ac04ec1b81bdaf48362b1,6c9a928b81e9f356e9963f68819f878b34687b9659b42c863c2d9c5b23b21ce4,f5813a8cda35bb54b0d3123e62701165e10068f532b0aa0fda70926f2d7ddc32
8,Murska_Sobota,Postojna,1.1,travel_time,seconds,8118.1901172857215,8930.009129014294,9.030009129014294e-07,241630,10.879740215415524,456366,10.36819371882381,5.55757200345397,5.829740990884602,6622513,88514776,19879.90838237833,False,7fae267d1b5f691bcdf4d543dab907175dc77b740960042b48a751bf15a2d693,923d90961262f4c4cc257099ce612a8470aa7f633416aef8d32c7ce75b0b6229,58e10b01925eabb867e4d5c253fa01fc8c347bdeca028c5810736c1c15620c74,373bc096448cdc507d5c00c27fc9560494f830151f5b976fd48b7ebb576c2024,cc4d532031d8b49a2bf7090f5ab4c8693f9b28e9449ac04ec1b81bdaf48362b1,travel_time,seconds,8118.1901172857215,8930.009129014294,241630,456366,4.100637794022162,3.9474384155026523,143544,279667,True,1690.0,19879.90838237833,4637440.720469211,4800979.476643716,2519547.0221673157,2641107.8610009276,0,0,False,False,False,6c9a928b81e9f356e9963f68819f878b34687b9659b42c863c2d9c5b23b21ce4,15.100116026587784,17453565,233908488,e10a5d4bb2a927d1bdcf21a41d30971a9301a82e08656c0419ef45e3f92de7a7,7424eea357d98b54c4652062440a1d287d509f1b7250f7eabbcc5185cde923b5,37f0f75e71de97e0b045d53af23b181e034e6c3262a1a4079d582f37471bb1b8,373bc096448cdc507d5c00c27fc9560494f830151f5b976fd48b7ebb576c2024,cc4d532031d8b49a2bf7090f5ab4c8693f9b28e9449ac04ec1b81bdaf48362b1,8930.009129014294,8930.009129014294,373bc096448cdc507d5c00c27fc9560494f830151f5b976fd48b7ebb576c2024,cc4d532031d8b49a2bf7090f5ab4c8693f9b28e9449ac04ec1b81bdaf48362b1,6c9a928b81e9f356e9963f68819f878b34687b9659b42c863c2d9c5b23b21ce4,f5813a8cda35bb54b0d3123e62701165e10068f532b0aa0fda70926f2d7ddc32
8,Murska_Sobota,Postojna,1.2,travel_time,seconds,8118.1901172857215,9741.828140742866,9.841828140742864e-07,551274,24.821909148338275,1072558,24.367479432460406,5.62301289755851,5.763874656986445,6622513,88514776,23843.095639448562,True,7fae267d1b5f691bcdf4d543dab907175dc77b740960042b48a751bf15a2d693,923d90961262f4c4cc257099ce612a8470aa7f633416aef8d32c7ce75b0b6229,58e10b01925eabb867e4d5c253fa01fc8c347bdeca028c5810736c1c15620c74,373bc096448cdc507d5c00c27fc9560494f830151f5b976fd48b7ebb576c2024,cc4d532031d8b49a2bf7090f5ab4c8693f9b28e9449ac04ec1b81bdaf48362b1,travel_time,seconds,8118.1901172857215,9741.828140742866,558967,1087261,9.486078739441234,9.40450392684343,317337,630895,True,4117.0,23843.095639448562,4629991.026183002,4808583.038043231,2514103.9262958257,2647609.873124561,0,0,False,False,False,6c9a928b81e9f356e9963f68819f878b34687b9659b42c863c2d9c5b23b21ce4,15.075253089889884,17453565,233908488,e10a5d4bb2a927d1bdcf21a41d30971a9301a82e08656c0419ef45e3f92de7a7,7424eea357d98b54c4652062440a1d287d509f1b7250f7eabbcc5185cde923b5,37f0f75e71de97e0b045d53af23b181e034e6c3262a1a4079d582f37471bb1b8,373bc096448cdc507d5c00c27fc9560494f830151f5b976fd48b7ebb576c2024,cc4d532031d8b49a2bf7090f5ab4c8693f9b28e9449ac04ec1b81bdaf48362b1,9741.828140742866,9741.828140742866,373bc096448cdc507d5c00c27fc9560494f830151f5b976fd48b7ebb576c2024,cc4d532031d8b49a2bf7090f5ab4c8693f9b28e9449ac04ec1b81bdaf48362b1,6c9a928b81e9f356e9963f68819f878b34687b9659b42c863c2d9c5b23b21ce4,f5813a8cda35bb54b0d3123e62701165e10068f532b0aa0fda70926f2d7ddc32
8,Murska_Sobota,Postojna,1.4,travel_time,seconds,8118.1901172857215,11365.46616420001,1.146546616420001e-06,1206270,54.31405135806516,2379626,54.06279903925758,5.786231020465493,5.874606454744935,6622513,88514776,31763.557113652485,True,7fae267d1b5f691bcdf4d543dab907175dc77b740960042b48a751bf15a2d693,923d90961262f4c4cc257099ce612a8470aa7f633416aef8d32c7ce75b0b6229,58e10b01925eabb867e4d5c253fa01fc8c347bdeca028c5810736c1c15620c74,373bc096448cdc507d5c00c27fc9560494f830151f5b976fd48b7ebb576c2024,cc4d532031d8b49a2bf7090f5ab4c8693f9b28e9449ac04ec1b81bdaf48362b1,travel_time,seconds,8118.1901172857215,11365.46616420001,1304772,2574250,22.142934965781915,22.26654339084792,745805,1486989,True,9901.0,34323.34316075606,4612683.377336592,4832014.676771548,2500003.386825734,2656494.2444880027,0,0,False,False,False,6c9a928b81e9f356e9963f68819f878b34687b9659b42c863c2d9c5b23b21ce4,15.31732000876218,17453565,233908488,e10a5d4bb2a927d1bdcf21a41d30971a9301a82e08656c0419ef45e3f92de7a7,7424eea357d98b54c4652062440a1d287d509f1b7250f7eabbcc5185cde923b5,37f0f75e71de97e0b045d53af23b181e034e6c3262a1a4079d582f37471bb1b8,373bc096448cdc507d5c00c27fc9560494f830151f5b976fd48b7ebb576c2024,cc4d532031d8b49a2bf7090f5ab4c8693f9b28e9449ac04ec1b81bdaf48362b1,11365.46616420001,11365.46616420001,373bc096448cdc507d5c00c27fc9560494f830151f5b976fd48b7ebb576c2024,cc4d532031d8b49a2bf7090f5ab4c8693f9b28e9449ac04ec1b81bdaf48362b1,6c9a928b81e9f356e9963f68819f878b34687b9659b42c863c2d9c5b23b21ce4,f5813a8cda35bb54b0d3123e62701165e10068f532b0aa0fda70926f2d7ddc32
8,Murska_Sobota,Postojna,1.6,travel_time,seconds,8118.1901172857215,12989.104187657154,1.3089104187657154e-06,1757038,79.11317712458413,3477389,79.00291167113019,5.573007045313716,5.994774878490716,6622513,88514776,37582.84322346661,True,7fae267d1b5f691bcdf4d543dab907175dc77b740960042b48a751bf15a2d693,923d90961262f4c4cc257099ce612a8470aa7f633416aef8d32c7ce75b0b6229,58e10b01925eabb867e4d5c253fa01fc8c347bdeca028c5810736c1c15620c74,373bc096448cdc507d5c00c27fc9560494f830151f5b976fd48b7ebb576c2024,cc4d532031d8b49a2bf7090f5ab4c8693f9b28e9449ac04ec1b81bdaf48362b1,travel_time,seconds,8118.1901172857215,12989.104187657154,2263181,4461028,38.407836540631834,38.5866460249733,958409,1886778,True,17525.0,46282.3863473081,4595461.191744817,4852014.586435937,2491407.4344018376,2671808.034452483,0,0,False,False,False,6c9a928b81e9f356e9963f68819f878b34687b9659b42c863c2d9c5b23b21ce4,15.315923956222832,17453565,233908488,e10a5d4bb2a927d1bdcf21a41d30971a9301a82e08656c0419ef45e3f92de7a7,7424eea357d98b54c4652062440a1d287d509f1b7250f7eabbcc5185cde923b5,37f0f75e71de97e0b045d53af23b181e034e6c3262a1a4079d582f37471bb1b8,373bc096448cdc507d5c00c27fc9560494f830151f5b976fd48b7ebb576c2024,cc4d532031d8b49a2bf7090f5ab4c8693f9b28e9449ac04ec1b81bdaf48362b1,12989.104187657154,12989.104187657154,373bc096448cdc507d5c00c27fc9560494f830151f5b976fd48b7ebb576c2024,cc4d532031d8b49a2bf7090f5ab4c8693f9b28e9449ac04ec1b81bdaf48362b1,6c9a928b81e9f356e9963f68819f878b34687b9659b42c863c2d9c5b23b21ce4,f5813a8cda35bb54b0d3123e62701165e10068f532b0aa0fda70926f2d7ddc32
8,Murska_Sobota,Postojna,2.0,travel_time,seconds,8118.1901172857215,16236.380234571443,1.6336380234571442e-06,2071917,93.29105950379956,4107740,93.32387615764827,5.694599938578904,5.891843931749463,6622513,88514776,40374.196934658146,True,7fae267d1b5f691bcdf4d543dab907175dc77b740960042b48a751bf15a2d693,923d90961262f4c4cc257099ce612a8470aa7f633416aef8d32c7ce75b0b6229,58e10b01925eabb867e4d5c253fa01fc8c347bdeca028c5810736c1c15620c74,373bc096448cdc507d5c00c27fc9560494f830151f5b976fd48b7ebb576c2024,cc4d532031d8b49a2bf7090f5ab4c8693f9b28e9449ac04ec1b81bdaf48362b1,travel_time,seconds,8118.1901172857215,16236.380234571443,3935547,7743045,66.78911049269766,66.97517625319531,1672366,3282017,True,35011.0,76300.3179147392,4554952.8282490475,4886042.031974124,2468120.4299773,2698572.8792154095,0,0,False,False,False,6c9a928b81e9f356e9963f68819f878b34687b9659b42c863c2d9c5b23b21ce4,15.105354017578065,17453565,233908488,e10a5d4bb2a927d1bdcf21a41d30971a9301a82e08656c0419ef45e3f92de7a7,7424eea357d98b54c4652062440a1d287d509f1b7250f7eabbcc5185cde923b5,37f0f75e71de97e0b045d53af23b181e034e6c3262a1a4079d582f37471bb1b8,373bc096448cdc507d5c00c27fc9560494f830151f5b976fd48b7ebb576c2024,cc4d532031d8b49a2bf7090f5ab4c8693f9b28e9449ac04ec1b81bdaf48362b1,16236.380234571443,16236.380234571443,373bc096448cdc507d5c00c27fc9560494f830151f5b976fd48b7ebb576c2024,cc4d532031d8b49a2bf7090f5ab4c8693f9b28e9449ac04ec1b81bdaf48362b1,6c9a928b81e9f356e9963f68819f878b34687b9659b42c863c2d9c5b23b21ce4,f5813a8cda35bb54b0d3123e62701165e10068f532b0aa0fda70926f2d7ddc32
9,Maribor,Nova_Gorica,1.0,travel_time,seconds,8534.699426974033,8534.699426974033,8.634699426974034e-07,3604,0.1622753124047409,3603,0.08185667198897854,5.947074037976563,6.531074969097972,6622513,88514776,14959.691908361647,True,7fae267d1b5f691bcdf4d543dab907175dc77b740960042b48a751bf15a2d693,923d90961262f4c4cc257099ce612a8470aa7f633416aef8d32c7ce75b0b6229,58e10b01925eabb867e4d5c253fa01fc8c347bdeca028c5810736c1c15620c74,373bc096448cdc507d5c00c27fc9560494f830151f5b976fd48b7ebb576c2024,cc4d532031d8b49a2bf7090f5ab4c8693f9b28e9449ac04ec1b81bdaf48362b1,travel_time,seconds,8534.699426974033,8534.699426974033,3604,3603,0.0611625154560935,0.03116494351256679,3604,3603,False,283.0,14959.691908361647,4603322.830966615,4756885.551511485,2524621.2959173075,2622038.7671322078,0,0,False,False,False,6c9a928b81e9f356e9963f68819f878b34687b9659b42c863c2d9c5b23b21ce4,16.077256994321942,17453565,233908488,e10a5d4bb2a927d1bdcf21a41d30971a9301a82e08656c0419ef45e3f92de7a7,7424eea357d98b54c4652062440a1d287d509f1b7250f7eabbcc5185cde923b5,37f0f75e71de97e0b045d53af23b181e034e6c3262a1a4079d582f37471bb1b8,373bc096448cdc507d5c00c27fc9560494f830151f5b976fd48b7ebb576c2024,cc4d532031d8b49a2bf7090f5ab4c8693f9b28e9449ac04ec1b81bdaf48362b1,8534.699426974033,8534.699426974033,373bc096448cdc507d5c00c27fc9560494f830151f5b976fd48b7ebb576c2024,cc4d532031d8b49a2bf7090f5ab4c8693f9b28e9449ac04ec1b81bdaf48362b1,6c9a928b81e9f356e9963f68819f878b34687b9659b42c863c2d9c5b23b21ce4,f5813a8cda35bb54b0d3123e62701165e10068f532b0aa0fda70926f2d7ddc32
9,Maribor,Nova_Gorica,1.05,travel_time,seconds,8534.699426974033,8961.434398322735,9.061434398322736e-07,115545,5.202580735795169,209035,4.749072836307557,5.821431055665016,5.84047589218244,6622513,88514776,16355.183594638387,True,7fae267d1b5f691bcdf4d543dab907175dc77b740960042b48a751bf15a2d693,923d90961262f4c4cc257099ce612a8470aa7f633416aef8d32c7ce75b0b6229,58e10b01925eabb867e4d5c253fa01fc8c347bdeca028c5810736c1c15620c74,373bc096448cdc507d5c00c27fc9560494f830151f5b976fd48b7ebb576c2024,cc4d532031d8b49a2bf7090f5ab4c8693f9b28e9449ac04ec1b81bdaf48362b1,travel_time,seconds,8534.699426974033,8961.434398322735,118997,215111,2.019466107582896,1.8606500593760074,115393,211508,True,826.0,16587.44947317511,4599874.936662639,4759361.625194653,2522980.694228977,2626985.922664361,0,0,False,False,False,6c9a928b81e9f356e9963f68819f878b34687b9659b42c863c2d9c5b23b21ce4,15.27541596442461,17453565,233908488,e10a5d4bb2a927d1bdcf21a41d30971a9301a82e08656c0419ef45e3f92de7a7,7424eea357d98b54c4652062440a1d287d509f1b7250f7eabbcc5185cde923b5,37f0f75e71de97e0b045d53af23b181e034e6c3262a1a4079d582f37471bb1b8,373bc096448cdc507d5c00c27fc9560494f830151f5b976fd48b7ebb576c2024,cc4d532031d8b49a2bf7090f5ab4c8693f9b28e9449ac04ec1b81bdaf48362b1,8961.434398322735,8961.434398322735,373bc096448cdc507d5c00c27fc9560494f830151f5b976fd48b7ebb576c2024,cc4d532031d8b49a2bf7090f5ab4c8693f9b28e9449ac04ec1b81bdaf48362b1,6c9a928b81e9f356e9963f68819f878b34687b9659b42c863c2d9c5b23b21ce4,f5813a8cda35bb54b0d3123e62701165e10068f532b0aa0fda70926f2d7ddc32
9,Maribor,Nova_Gorica,1.1,travel_time,seconds,8534.699426974033,9388.169369671437,9.488169369671438e-07,248820,11.203480364191908,470494,10.689168201715923,5.952310981228948,5.98417908186093,6622513,88514776,18204.204011729453,True,7fae267d1b5f691bcdf4d543dab907175dc77b740960042b48a751bf15a2d693,923d90961262f4c4cc257099ce612a8470aa7f633416aef8d32c7ce75b0b6229,58e10b01925eabb867e4d5c253fa01fc8c347bdeca028c5810736c1c15620c74,373bc096448cdc507d5c00c27fc9560494f830151f5b976fd48b7ebb576c2024,cc4d532031d8b49a2bf7090f5ab4c8693f9b28e9449ac04ec1b81bdaf48362b1,travel_time,seconds,8534.699426974033,9388.169369671437,254879,481622,4.325483012467718,4.1658957603134725,135882,266511,True,1760.0,18602.152544921366,4596474.586801708,4762446.790006894,2518103.1876335503,2630183.1153906346,0,0,False,False,False,6c9a928b81e9f356e9963f68819f878b34687b9659b42c863c2d9c5b23b21ce4,15.057930955663323,17453565,233908488,e10a5d4bb2a927d1bdcf21a41d30971a9301a82e08656c0419ef45e3f92de7a7,7424eea357d98b54c4652062440a1d287d509f1b7250f7eabbcc5185cde923b5,37f0f75e71de97e0b045d53af23b181e034e6c3262a1a4079d582f37471bb1b8,373bc096448cdc507d5c00c27fc9560494f830151f5b976fd48b7ebb576c2024,cc4d532031d8b49a2bf7090f5ab4c8693f9b28e9449ac04ec1b81bdaf48362b1,9388.169369671437,9388.169369671437,373bc096448cdc507d5c00c27fc9560494f830151f5b976fd48b7ebb576c2024,cc4d532031d8b49a2bf7090f5ab4c8693f9b28e9449ac04ec1b81bdaf48362b1,6c9a928b81e9f356e9963f68819f878b34687b9659b42c863c2d9c5b23b21ce4,f5813a8cda35bb54b0d3123e62701165e10068f532b0aa0fda70926f2d7ddc32
9,Maribor,Nova_Gorica,1.2,travel_time,seconds,8534.699426974033,10241.63931236884,1.0341639312368839e-06,541574,24.385152619391,1051358,23.885835955866916,6.022222922183573,6.040136516094208,6622513,88514776,22937.236315648268,True,7fae267d1b5f691bcdf4d543dab907175dc77b740960042b48a751bf15a2d693,923d90961262f4c4cc257099ce612a8470aa7f633416aef8d32c7ce75b0b6229,58e10b01925eabb867e4d5c253fa01fc8c347bdeca028c5810736c1c15620c74,373bc096448cdc507d5c00c27fc9560494f830151f5b976fd48b7ebb576c2024,cc4d532031d8b49a2bf7090f5ab4c8693f9b28e9449ac04ec1b81bdaf48362b1,travel_time,seconds,8534.699426974033,10241.63931236884,579166,1119864,9.828870540134252,9.68651076929145,324287,638242,True,4254.0,25443.250724236706,4586787.300974539,4773282.0937938765,2506156.6420845864,2642585.38810799,0,0,False,False,False,6c9a928b81e9f356e9963f68819f878b34687b9659b42c863c2d9c5b23b21ce4,15.148514998145401,17453565,233908488,e10a5d4bb2a927d1bdcf21a41d30971a9301a82e08656c0419ef45e3f92de7a7,7424eea357d98b54c4652062440a1d287d509f1b7250f7eabbcc5185cde923b5,37f0f75e71de97e0b045d53af23b181e034e6c3262a1a4079d582f37471bb1b8,373bc096448cdc507d5c00c27fc9560494f830151f5b976fd48b7ebb576c2024,cc4d532031d8b49a2bf7090f5ab4c8693f9b28e9449ac04ec1b81bdaf48362b1,10241.63931236884,10241.63931236884,373bc096448cdc507d5c00c27fc9560494f830151f5b976fd48b7ebb576c2024,cc4d532031d8b49a2bf7090f5ab4c8693f9b28e9449ac04ec1b81bdaf48362b1,6c9a928b81e9f356e9963f68819f878b34687b9659b42c863c2d9c5b23b21ce4,f5813a8cda35bb54b0d3123e62701165e10068f532b0aa0fda70926f2d7ddc32
9,Maribor,Nova_Gorica,1.4,travel_time,seconds,8534.699426974033,11948.579197763645,1.2048579197763646e-06,1245079,56.061482711870816,2453195,55.73421549819656,6.017823005095124,6.155414984095842,6622513,88514776,28592.1702224609,True,7fae267d1b5f691bcdf4d543dab907175dc77b740960042b48a751bf15a2d693,923d90961262f4c4cc257099ce612a8470aa7f633416aef8d32c7ce75b0b6229,58e10b01925eabb867e4d5c253fa01fc8c347bdeca028c5810736c1c15620c74,373bc096448cdc507d5c00c27fc9560494f830151f5b976fd48b7ebb576c2024,cc4d532031d8b49a2bf7090f5ab4c8693f9b28e9449ac04ec1b81bdaf48362b1,travel_time,seconds,8534.699426974033,11948.579197763645,1412272,2764918,23.96728857608437,23.915768328303955,833106,1645054,True,10509.0,36068.433257158875,4567809.294750565,4792964.369809089,2495653.9324359414,2655847.671119307,0,0,False,False,False,6c9a928b81e9f356e9963f68819f878b34687b9659b42c863c2d9c5b23b21ce4,15.520207001827657,17453565,233908488,e10a5d4bb2a927d1bdcf21a41d30971a9301a82e08656c0419ef45e3f92de7a7,7424eea357d98b54c4652062440a1d287d509f1b7250f7eabbcc5185cde923b5,37f0f75e71de97e0b045d53af23b181e034e6c3262a1a4079d582f37471bb1b8,373bc096448cdc507d5c00c27fc9560494f830151f5b976fd48b7ebb576c2024,cc4d532031d8b49a2bf7090f5ab4c8693f9b28e9449ac04ec1b81bdaf48362b1,11948.579197763645,11948.579197763645,373bc096448cdc507d5c00c27fc9560494f830151f5b976fd48b7ebb576c2024,cc4d532031d8b49a2bf7090f5ab4c8693f9b28e9449ac04ec1b81bdaf48362b1,6c9a928b81e9f356e9963f68819f878b34687b9659b42c863c2d9c5b23b21ce4,f5813a8cda35bb54b0d3123e62701165e10068f532b0aa0fda70926f2d7ddc32
9,Maribor,Nova_Gorica,1.6,travel_time,seconds,8534.699426974033,13655.519083158455,1.3755519083158455e-06,1862775,83.87413847523342,3687864,83.78469991339504,5.5762199917808175,6.051227473653853,6622513,88514776,35531.558616632305,True,7fae267d1b5f691bcdf4d543dab907175dc77b740960042b48a751bf15a2d693,923d90961262f4c4cc257099ce612a8470aa7f633416aef8d32c7ce75b0b6229,58e10b01925eabb867e4d5c253fa01fc8c347bdeca028c5810736c1c15620c74,373bc096448cdc507d5c00c27fc9560494f830151f5b976fd48b7ebb576c2024,cc4d532031d8b49a2bf7090f5ab4c8693f9b28e9449ac04ec1b81bdaf48362b1,travel_time,seconds,8534.699426974033,13655.519083158455,2397544,4703524,40.6880749047348,40.684168684430254,985272,1938606,True,18329.0,50220.51640363076,4539564.629069909,4816020.875295391,2486798.4594101515,2668456.5593420668,0,0,False,False,False,6c9a928b81e9f356e9963f68819f878b34687b9659b42c863c2d9c5b23b21ce4,15.193352941423655,17453565,233908488,e10a5d4bb2a927d1bdcf21a41d30971a9301a82e08656c0419ef45e3f92de7a7,7424eea357d98b54c4652062440a1d287d509f1b7250f7eabbcc5185cde923b5,37f0f75e71de97e0b045d53af23b181e034e6c3262a1a4079d582f37471bb1b8,373bc096448cdc507d5c00c27fc9560494f830151f5b976fd48b7ebb576c2024,cc4d532031d8b49a2bf7090f5ab4c8693f9b28e9449ac04ec1b81bdaf48362b1,13655.519083158455,13655.519083158455,373bc096448cdc507d5c00c27fc9560494f830151f5b976fd48b7ebb576c2024,cc4d532031d8b49a2bf7090f5ab4c8693f9b28e9449ac04ec1b81bdaf48362b1,6c9a928b81e9f356e9963f68819f878b34687b9659b42c863c2d9c5b23b21ce4,f5813a8cda35bb54b0d3123e62701165e10068f532b0aa0fda70926f2d7ddc32
9,Maribor,Nova_Gorica,2.0,travel_time,seconds,8534.699426974033,17069.398853948067,1.7169398853948067e-06,2120449,95.47628299481701,4205178,95.53757318936131,5.728682037442923,6.017822283320129,6622513,88514776,42443.28523665953,True,7fae267d1b5f691bcdf4d543dab907175dc77b740960042b48a751bf15a2d693,923d90961262f4c4cc257099ce612a8470aa7f633416aef8d32c7ce75b0b6229,58e10b01925eabb867e4d5c253fa01fc8c347bdeca028c5810736c1c15620c74,373bc096448cdc507d5c00c27fc9560494f830151f5b976fd48b7ebb576c2024,cc4d532031d8b49a2bf7090f5ab4c8693f9b28e9449ac04ec1b81bdaf48362b1,travel_time,seconds,8534.699426974033,17069.398853948067,4391363,8597243,74.52464133208021,74.36375033550104,1993819,3893719,True,37916.0,86518.43653591123,4503303.542965318,4857063.965190038,2453774.863880179,2698342.744005989,3331,0,True,False,True,6c9a928b81e9f356e9963f68819f878b34687b9659b42c863c2d9c5b23b21ce4,16.082633985206485,17453565,233908488,e10a5d4bb2a927d1bdcf21a41d30971a9301a82e08656c0419ef45e3f92de7a7,7424eea357d98b54c4652062440a1d287d509f1b7250f7eabbcc5185cde923b5,37f0f75e71de97e0b045d53af23b181e034e6c3262a1a4079d582f37471bb1b8,373bc096448cdc507d5c00c27fc9560494f830151f5b976fd48b7ebb576c2024,cc4d532031d8b49a2bf7090f5ab4c8693f9b28e9449ac04ec1b81bdaf48362b1,17069.398853948067,17069.398853948067,373bc096448cdc507d5c00c27fc9560494f830151f5b976fd48b7ebb576c2024,cc4d532031d8b49a2bf7090f5ab4c8693f9b28e9449ac04ec1b81bdaf48362b1,6c9a928b81e9f356e9963f68819f878b34687b9659b42c863c2d9c5b23b21ce4,f5813a8cda35bb54b0d3123e62701165e10068f532b0aa0fda70926f2d7ddc32
10,Murska_Sobota,Bled,1.0,travel_time,seconds,8095.051208025984,8095.051208025984,8.195051208025984e-07,3368,0.15164907108189996,3367,0.07649498045708875,5.887289997190237,6.456519290804863,6622513,88514776,10191.033941894248,False,7fae267d1b5f691bcdf4d543dab907175dc77b740960042b48a751bf15a2d693,923d90961262f4c4cc257099ce612a8470aa7f633416aef8d32c7ce75b0b6229,58e10b01925eabb867e4d5c253fa01fc8c347bdeca028c5810736c1c15620c74,373bc096448cdc507d5c00c27fc9560494f830151f5b976fd48b7ebb576c2024,cc4d532031d8b49a2bf7090f5ab4c8693f9b28e9449ac04ec1b81bdaf48362b1,travel_time,seconds,8095.051208025984,8095.051208025984,3368,3367,0.0571574228790574,0.02912360943847138,3368,3367,False,263.0,10191.033941894248,4637910.134739542,4792314.477277381,2569074.3757664943,2635076.6252783355,0,0,False,False,False,6c9a928b81e9f356e9963f68819f878b34687b9659b42c863c2d9c5b23b21ce4,15.724560944363475,17453565,233908488,e10a5d4bb2a927d1bdcf21a41d30971a9301a82e08656c0419ef45e3f92de7a7,7424eea357d98b54c4652062440a1d287d509f1b7250f7eabbcc5185cde923b5,37f0f75e71de97e0b045d53af23b181e034e6c3262a1a4079d582f37471bb1b8,373bc096448cdc507d5c00c27fc9560494f830151f5b976fd48b7ebb576c2024,cc4d532031d8b49a2bf7090f5ab4c8693f9b28e9449ac04ec1b81bdaf48362b1,8095.051208025984,8095.051208025984,373bc096448cdc507d5c00c27fc9560494f830151f5b976fd48b7ebb576c2024,cc4d532031d8b49a2bf7090f5ab4c8693f9b28e9449ac04ec1b81bdaf48362b1,6c9a928b81e9f356e9963f68819f878b34687b9659b42c863c2d9c5b23b21ce4,f5813a8cda35bb54b0d3123e62701165e10068f532b0aa0fda70926f2d7ddc32
10,Murska_Sobota,Bled,1.05,travel_time,seconds,8095.051208025984,8499.803768427284,8.599803768427284e-07,106100,4.777305950650114,193797,4.402880227990029,5.82995091099292,5.9993489645421505,6622513,88514776,13122.499397459944,False,7fae267d1b5f691bcdf4d543dab907175dc77b740960042b48a751bf15a2d693,923d90961262f4c4cc257099ce612a8470aa7f633416aef8d32c7ce75b0b6229,58e10b01925eabb867e4d5c253fa01fc8c347bdeca028c5810736c1c15620c74,373bc096448cdc507d5c00c27fc9560494f830151f5b976fd48b7ebb576c2024,cc4d532031d8b49a2bf7090f5ab4c8693f9b28e9449ac04ec1b81bdaf48362b1,travel_time,seconds,8095.051208025984,8499.803768427284,106100,193797,1.8005945865403772,1.6762899133791025,102732,190430,True,869.0,13122.499397459944,4635722.934002033,4796269.6337721925,2555275.4274591366,2637011.765959064,0,0,False,False,False,6c9a928b81e9f356e9963f68819f878b34687b9659b42c863c2d9c5b23b21ce4,15.363415004685521,17453565,233908488,e10a5d4bb2a927d1bdcf21a41d30971a9301a82e08656c0419ef45e3f92de7a7,7424eea357d98b54c4652062440a1d287d509f1b7250f7eabbcc5185cde923b5,37f0f75e71de97e0b045d53af23b181e034e6c3262a1a4079d582f37471bb1b8,373bc096448cdc507d5c00c27fc9560494f830151f5b976fd48b7ebb576c2024,cc4d532031d8b49a2bf7090f5ab4c8693f9b28e9449ac04ec1b81bdaf48362b1,8499.803768427284,8499.803768427284,373bc096448cdc507d5c00c27fc9560494f830151f5b976fd48b7ebb576c2024,cc4d532031d8b49a2bf7090f5ab4c8693f9b28e9449ac04ec1b81bdaf48362b1,6c9a928b81e9f356e9963f68819f878b34687b9659b42c863c2d9c5b23b21ce4,f5813a8cda35bb54b0d3123e62701165e10068f532b0aa0fda70926f2d7ddc32
10,Murska_Sobota,Bled,1.1,travel_time,seconds,8095.051208025984,8904.556328828583,9.004556328828583e-07,267594,12.048806866713164,506336,11.503463743605728,5.6156800128519535,5.927259975578636,6622513,88514776,14786.300596242847,False,7fae267d1b5f691bcdf4d543dab907175dc77b740960042b48a751bf15a2d693,923d90961262f4c4cc257099ce612a8470aa7f633416aef8d32c7ce75b0b6229,58e10b01925eabb867e4d5c253fa01fc8c347bdeca028c5810736c1c15620c74,373bc096448cdc507d5c00c27fc9560494f830151f5b976fd48b7ebb576c2024,cc4d532031d8b49a2bf7090f5ab4c8693f9b28e9449ac04ec1b81bdaf48362b1,travel_time,seconds,8095.051208025984,8904.556328828583,267594,506336,4.541265860421166,4.379664956530396,161494,312539,True,1844.0,14786.300596242847,4633582.773825884,4800703.751504506,2551585.054187565,2640061.6823262377,0,0,False,False,False,6c9a928b81e9f356e9963f68819f878b34687b9659b42c863c2d9c5b23b21ce4,14.893456944264472,17453565,233908488,e10a5d4bb2a927d1bdcf21a41d30971a9301a82e08656c0419ef45e3f92de7a7,7424eea357d98b54c4652062440a1d287d509f1b7250f7eabbcc5185cde923b5,37f0f75e71de97e0b045d53af23b181e034e6c3262a1a4079d582f37471bb1b8,373bc096448cdc507d5c00c27fc9560494f830151f5b976fd48b7ebb576c2024,cc4d532031d8b49a2bf7090f5ab4c8693f9b28e9449ac04ec1b81bdaf48362b1,8904.556328828583,8904.556328828583,373bc096448cdc507d5c00c27fc9560494f830151f5b976fd48b7ebb576c2024,cc4d532031d8b49a2bf7090f5ab4c8693f9b28e9449ac04ec1b81bdaf48362b1,6c9a928b81e9f356e9963f68819f878b34687b9659b42c863c2d9c5b23b21ce4,f5813a8cda35bb54b0d3123e62701165e10068f532b0aa0fda70926f2d7ddc32
10,Murska_Sobota,Bled,1.2,travel_time,seconds,8095.051208025984,9714.061449631181,9.81406144963118e-07,560832,25.252271921913337,1091290,24.793052338288202,5.515389028005302,5.755060852970928,6622513,88514776,18154.6894001126,True,7fae267d1b5f691bcdf4d543dab907175dc77b740960042b48a751bf15a2d693,923d90961262f4c4cc257099ce612a8470aa7f633416aef8d32c7ce75b0b6229,58e10b01925eabb867e4d5c253fa01fc8c347bdeca028c5810736c1c15620c74,373bc096448cdc507d5c00c27fc9560494f830151f5b976fd48b7ebb576c2024,cc4d532031d8b49a2bf7090f5ab4c8693f9b28e9449ac04ec1b81bdaf48362b1,travel_time,seconds,8095.051208025984,9714.061449631181,567338,1103583,9.628140730807207,9.545684667340826,299744,597247,True,4001.0,18154.6894001126,4624481.5258263685,4807738.621108592,2547474.153282134,2646540.928143722,0,0,False,False,False,6c9a928b81e9f356e9963f68819f878b34687b9659b42c863c2d9c5b23b21ce4,14.89911403041333,17453565,233908488,e10a5d4bb2a927d1bdcf21a41d30971a9301a82e08656c0419ef45e3f92de7a7,7424eea357d98b54c4652062440a1d287d509f1b7250f7eabbcc5185cde923b5,37f0f75e71de97e0b045d53af23b181e034e6c3262a1a4079d582f37471bb1b8,373bc096448cdc507d5c00c27fc9560494f830151f5b976fd48b7ebb576c2024,cc4d532031d8b49a2bf7090f5ab4c8693f9b28e9449ac04ec1b81bdaf48362b1,9714.061449631181,9714.061449631181,373bc096448cdc507d5c00c27fc9560494f830151f5b976fd48b7ebb576c2024,cc4d532031d8b49a2bf7090f5ab4c8693f9b28e9449ac04ec1b81bdaf48362b1,6c9a928b81e9f356e9963f68819f878b34687b9659b42c863c2d9c5b23b21ce4,f5813a8cda35bb54b0d3123e62701165e10068f532b0aa0fda70926f2d7ddc32
10,Murska_Sobota,Bled,1.4,travel_time,seconds,8095.051208025984,11333.071691236377,1.1433071691236376e-06,1106503,49.82189789172671,2183035,49.59644183609763,5.55470900144428,5.864026374183595,6622513,88514776,26350.962023679207,True,7fae267d1b5f691bcdf4d543dab907175dc77b740960042b48a751bf15a2d693,923d90961262f4c4cc257099ce612a8470aa7f633416aef8d32c7ce75b0b6229,58e10b01925eabb867e4d5c253fa01fc8c347bdeca028c5810736c1c15620c74,373bc096448cdc507d5c00c27fc9560494f830151f5b976fd48b7ebb576c2024,cc4d532031d8b49a2bf7090f5ab4c8693f9b28e9449ac04ec1b81bdaf48362b1,travel_time,seconds,8095.051208025984,11333.071691236377,1202228,2372700,20.402688299597216,20.523192193246523,634890,1269117,True,8918.0,27743.829028257296,4611864.193961809,4831633.376517966,2529683.5834338376,2655924.34524387,0,0,False,False,False,6c9a928b81e9f356e9963f68819f878b34687b9659b42c863c2d9c5b23b21ce4,14.923557988367975,17453565,233908488,e10a5d4bb2a927d1bdcf21a41d30971a9301a82e08656c0419ef45e3f92de7a7,7424eea357d98b54c4652062440a1d287d509f1b7250f7eabbcc5185cde923b5,37f0f75e71de97e0b045d53af23b181e034e6c3262a1a4079d582f37471bb1b8,373bc096448cdc507d5c00c27fc9560494f830151f5b976fd48b7ebb576c2024,cc4d532031d8b49a2bf7090f5ab4c8693f9b28e9449ac04ec1b81bdaf48362b1,11333.071691236377,11333.071691236377,373bc096448cdc507d5c00c27fc9560494f830151f5b976fd48b7ebb576c2024,cc4d532031d8b49a2bf7090f5ab4c8693f9b28e9449ac04ec1b81bdaf48362b1,6c9a928b81e9f356e9963f68819f878b34687b9659b42c863c2d9c5b23b21ce4,f5813a8cda35bb54b0d3123e62701165e10068f532b0aa0fda70926f2d7ddc32
10,Murska_Sobota,Bled,1.6,travel_time,seconds,8095.051208025984,12952.081932841575,1.3052081932841575e-06,1571725,70.76919128450095,3113911,70.74504338880715,5.9037720784544945,5.942743842024356,6622513,88514776,32052.756134464362,True,7fae267d1b5f691bcdf4d543dab907175dc77b740960042b48a751bf15a2d693,923d90961262f4c4cc257099ce612a8470aa7f633416aef8d32c7ce75b0b6229,58e10b01925eabb867e4d5c253fa01fc8c347bdeca028c5810736c1c15620c74,373bc096448cdc507d5c00c27fc9560494f830151f5b976fd48b7ebb576c2024,cc4d532031d8b49a2bf7090f5ab4c8693f9b28e9449ac04ec1b81bdaf48362b1,travel_time,seconds,8095.051208025984,12952.081932841575,2339370,4628230,39.700819584495406,40.032896617587284,1137142,2255530,True,18619.0,42962.69341262972,4597253.222632132,4851450.274562065,2514630.6720102145,2683644.0145586245,0,0,False,False,False,6c9a928b81e9f356e9963f68819f878b34687b9659b42c863c2d9c5b23b21ce4,15.006948029622436,17453565,233908488,e10a5d4bb2a927d1bdcf21a41d30971a9301a82e08656c0419ef45e3f92de7a7,7424eea357d98b54c4652062440a1d287d509f1b7250f7eabbcc5185cde923b5,37f0f75e71de97e0b045d53af23b181e034e6c3262a1a4079d582f37471bb1b8,373bc096448cdc507d5c00c27fc9560494f830151f5b976fd48b7ebb576c2024,cc4d532031d8b49a2bf7090f5ab4c8693f9b28e9449ac04ec1b81bdaf48362b1,12952.081932841575,12952.081932841575,373bc096448cdc507d5c00c27fc9560494f830151f5b976fd48b7ebb576c2024,cc4d532031d8b49a2bf7090f5ab4c8693f9b28e9449ac04ec1b81bdaf48362b1,6c9a928b81e9f356e9963f68819f878b34687b9659b42c863c2d9c5b23b21ce4,f5813a8cda35bb54b0d3123e62701165e10068f532b0aa0fda70926f2d7ddc32
10,Murska_Sobota,Bled,2.0,travel_time,seconds,8095.051208025984,16190.102416051968,1.6290102416051968e-06,1993211,89.7472080226321,3951307,89.76986983812236,5.791467963717878,6.037301220931113,6622513,88514776,37576.72863856941,True,7fae267d1b5f691bcdf4d543dab907175dc77b740960042b48a751bf15a2d693,923d90961262f4c4cc257099ce612a8470aa7f633416aef8d32c7ce75b0b6229,58e10b01925eabb867e4d5c253fa01fc8c347bdeca028c5810736c1c15620c74,373bc096448cdc507d5c00c27fc9560494f830151f5b976fd48b7ebb576c2024,cc4d532031d8b49a2bf7090f5ab4c8693f9b28e9449ac04ec1b81bdaf48362b1,travel_time,seconds,8095.051208025984,16190.102416051968,3892948,7690580,66.0661743118114,66.52136865913847,1553578,3062350,True,34749.0,72593.84246491909,4566968.438287922,4885070.328020705,2491407.4344018376,2719616.837765963,510,0,True,False,True,6c9a928b81e9f356e9963f68819f878b34687b9659b42c863c2d9c5b23b21ce4,14.879278955049813,17453565,233908488,e10a5d4bb2a927d1bdcf21a41d30971a9301a82e08656c0419ef45e3f92de7a7,7424eea357d98b54c4652062440a1d287d509f1b7250f7eabbcc5185cde923b5,37f0f75e71de97e0b045d53af23b181e034e6c3262a1a4079d582f37471bb1b8,373bc096448cdc507d5c00c27fc9560494f830151f5b976fd48b7ebb576c2024,cc4d532031d8b49a2bf7090f5ab4c8693f9b28e9449ac04ec1b81bdaf48362b1,16190.102416051968,16190.102416051968,373bc096448cdc507d5c00c27fc9560494f830151f5b976fd48b7ebb576c2024,cc4d532031d8b49a2bf7090f5ab4c8693f9b28e9449ac04ec1b81bdaf48362b1,6c9a928b81e9f356e9963f68819f878b34687b9659b42c863c2d9c5b23b21ce4,f5813a8cda35bb54b0d3123e62701165e10068f532b0aa0fda70926f2d7ddc32
11,Koper,Maribor,1.0,travel_time,seconds,8288.688440909089,8288.688440909089,8.38868844090909e-07,3453,0.15547631901597403,3452,0.07842609816984566,6.474649999290705,6.501238758210093,6622513,88514776,17931.624772683776,False,7fae267d1b5f691bcdf4d543dab907175dc77b740960042b48a751bf15a2d693,923d90961262f4c4cc257099ce612a8470aa7f633416aef8d32c7ce75b0b6229,58e10b01925eabb867e4d5c253fa01fc8c347bdeca028c5810736c1c15620c74,373bc096448cdc507d5c00c27fc9560494f830151f5b976fd48b7ebb576c2024,cc4d532031d8b49a2bf7090f5ab4c8693f9b28e9449ac04ec1b81bdaf48362b1,travel_time,seconds,8288.688440909089,8288.688440909089,3453,3452,0.05859993503604074,0.029858835693971846,3453,3452,False,279.0,17931.624772683776,4612063.486262568,4757164.310217839,2498331.4135037633,2621911.861111776,0,0,False,False,False,6c9a928b81e9f356e9963f68819f878b34687b9659b42c863c2d9c5b23b21ce4,15.846992027945817,17453565,233908488,e10a5d4bb2a927d1bdcf21a41d30971a9301a82e08656c0419ef45e3f92de7a7,7424eea357d98b54c4652062440a1d287d509f1b7250f7eabbcc5185cde923b5,37f0f75e71de97e0b045d53af23b181e034e6c3262a1a4079d582f37471bb1b8,373bc096448cdc507d5c00c27fc9560494f830151f5b976fd48b7ebb576c2024,cc4d532031d8b49a2bf7090f5ab4c8693f9b28e9449ac04ec1b81bdaf48362b1,8288.688440909089,8288.688440909089,373bc096448cdc507d5c00c27fc9560494f830151f5b976fd48b7ebb576c2024,cc4d532031d8b49a2bf7090f5ab4c8693f9b28e9449ac04ec1b81bdaf48362b1,6c9a928b81e9f356e9963f68819f878b34687b9659b42c863c2d9c5b23b21ce4,f5813a8cda35bb54b0d3123e62701165e10068f532b0aa0fda70926f2d7ddc32
11,Koper,Maribor,1.05,travel_time,seconds,8288.688440909089,8703.122862954544,8.803122862954545e-07,113817,5.124775036617757,203008,4.612145230957134,6.088012014515698,6.344970152713358,6622513,88514776,19629.400965243203,True,7fae267d1b5f691bcdf4d543dab907175dc77b740960042b48a751bf15a2d693,923d90961262f4c4cc257099ce612a8470aa7f633416aef8d32c7ce75b0b6229,58e10b01925eabb867e4d5c253fa01fc8c347bdeca028c5810736c1c15620c74,373bc096448cdc507d5c00c27fc9560494f830151f5b976fd48b7ebb576c2024,cc4d532031d8b49a2bf7090f5ab4c8693f9b28e9449ac04ec1b81bdaf48362b1,travel_time,seconds,8288.688440909089,8703.122862954544,113817,203008,1.9315577196632057,1.7559624903133941,110364,199556,True,774.0,19629.400965243203,4609972.235772881,4759321.638290796,2495653.9324359414,2627086.6709290766,0,0,False,False,False,6c9a928b81e9f356e9963f68819f878b34687b9659b42c863c2d9c5b23b21ce4,15.43646794743836,17453565,233908488,e10a5d4bb2a927d1bdcf21a41d30971a9301a82e08656c0419ef45e3f92de7a7,7424eea357d98b54c4652062440a1d287d509f1b7250f7eabbcc5185cde923b5,37f0f75e71de97e0b045d53af23b181e034e6c3262a1a4079d582f37471bb1b8,373bc096448cdc507d5c00c27fc9560494f830151f5b976fd48b7ebb576c2024,cc4d532031d8b49a2bf7090f5ab4c8693f9b28e9449ac04ec1b81bdaf48362b1,8703.122862954544,8703.122862954544,373bc096448cdc507d5c00c27fc9560494f830151f5b976fd48b7ebb576c2024,cc4d532031d8b49a2bf7090f5ab4c8693f9b28e9449ac04ec1b81bdaf48362b1,6c9a928b81e9f356e9963f68819f878b34687b9659b42c863c2d9c5b23b21ce4,f5813a8cda35bb54b0d3123e62701165e10068f532b0aa0fda70926f2d7ddc32
11,Koper,Maribor,1.1,travel_time,seconds,8288.688440909089,9117.557284999999,9.217557285e-07,239308,10.775188807145877,448418,10.18762285316508,6.1824360163882375,6.266790337394923,6622513,88514776,21694.48428972815,True,7fae267d1b5f691bcdf4d543dab907175dc77b740960042b48a751bf15a2d693,923d90961262f4c4cc257099ce612a8470aa7f633416aef8d32c7ce75b0b6229,58e10b01925eabb867e4d5c253fa01fc8c347bdeca028c5810736c1c15620c74,373bc096448cdc507d5c00c27fc9560494f830151f5b976fd48b7ebb576c2024,cc4d532031d8b49a2bf7090f5ab4c8693f9b28e9449ac04ec1b81bdaf48362b1,travel_time,seconds,8288.688440909089,9117.557284999999,242577,453901,4.116709076524082,3.926116854093139,128760,250893,True,1688.0,21694.48428972815,4605381.091596827,4765348.703209017,2494627.922087093,2630245.9016961283,0,0,False,False,False,6c9a928b81e9f356e9963f68819f878b34687b9659b42c863c2d9c5b23b21ce4,15.212699072435498,17453565,233908488,e10a5d4bb2a927d1bdcf21a41d30971a9301a82e08656c0419ef45e3f92de7a7,7424eea357d98b54c4652062440a1d287d509f1b7250f7eabbcc5185cde923b5,37f0f75e71de97e0b045d53af23b181e034e6c3262a1a4079d582f37471bb1b8,373bc096448cdc507d5c00c27fc9560494f830151f5b976fd48b7ebb576c2024,cc4d532031d8b49a2bf7090f5ab4c8693f9b28e9449ac04ec1b81bdaf48362b1,9117.557284999999,9117.557284999999,373bc096448cdc507d5c00c27fc9560494f830151f5b976fd48b7ebb576c2024,cc4d532031d8b49a2bf7090f5ab4c8693f9b28e9449ac04ec1b81bdaf48362b1,6c9a928b81e9f356e9963f68819f878b34687b9659b42c863c2d9c5b23b21ce4,f5813a8cda35bb54b0d3123e62701165e10068f532b0aa0fda70926f2d7ddc32
11,Koper,Maribor,1.2,travel_time,seconds,8288.688440909089,9946.426129090907,1.0046426129090907e-06,516760,23.267866381319067,998061,22.6749797119045,6.098279030993581,6.2598830671049654,6622513,88514776,25660.619576309673,True,7fae267d1b5f691bcdf4d543dab907175dc77b740960042b48a751bf15a2d693,923d90961262f4c4cc257099ce612a8470aa7f633416aef8d32c7ce75b0b6229,58e10b01925eabb867e4d5c253fa01fc8c347bdeca028c5810736c1c15620c74,373bc096448cdc507d5c00c27fc9560494f830151f5b976fd48b7ebb576c2024,cc4d532031d8b49a2bf7090f5ab4c8693f9b28e9449ac04ec1b81bdaf48362b1,travel_time,seconds,8288.688440909089,9946.426129090907,563596,1081945,9.564636254437422,9.358522011852367,321019,628044,True,3944.0,26528.98510310176,4600425.220487366,4773657.523849299,2489254.7374057723,2642395.835158626,0,0,False,False,False,6c9a928b81e9f356e9963f68819f878b34687b9659b42c863c2d9c5b23b21ce4,14.87592700868845,17453565,233908488,e10a5d4bb2a927d1bdcf21a41d30971a9301a82e08656c0419ef45e3f92de7a7,7424eea357d98b54c4652062440a1d287d509f1b7250f7eabbcc5185cde923b5,37f0f75e71de97e0b045d53af23b181e034e6c3262a1a4079d582f37471bb1b8,373bc096448cdc507d5c00c27fc9560494f830151f5b976fd48b7ebb576c2024,cc4d532031d8b49a2bf7090f5ab4c8693f9b28e9449ac04ec1b81bdaf48362b1,9946.426129090907,9946.426129090907,373bc096448cdc507d5c00c27fc9560494f830151f5b976fd48b7ebb576c2024,cc4d532031d8b49a2bf7090f5ab4c8693f9b28e9449ac04ec1b81bdaf48362b1,6c9a928b81e9f356e9963f68819f878b34687b9659b42c863c2d9c5b23b21ce4,f5813a8cda35bb54b0d3123e62701165e10068f532b0aa0fda70926f2d7ddc32
11,Koper,Maribor,1.4,travel_time,seconds,8288.688440909089,11604.163817272723,1.1704163817272723e-06,1180347,53.146830791065135,2324004,52.79912104609328,5.843010963872075,6.239007483236492,6622513,88514776,29711.760657495724,True,7fae267d1b5f691bcdf4d543dab907175dc77b740960042b48a751bf15a2d693,923d90961262f4c4cc257099ce612a8470aa7f633416aef8d32c7ce75b0b6229,58e10b01925eabb867e4d5c253fa01fc8c347bdeca028c5810736c1c15620c74,373bc096448cdc507d5c00c27fc9560494f830151f5b976fd48b7ebb576c2024,cc4d532031d8b49a2bf7090f5ab4c8693f9b28e9449ac04ec1b81bdaf48362b1,travel_time,seconds,8288.688440909089,11604.163817272723,1298620,2544583,22.03853102707884,22.00993212823695,735024,1462638,True,9487.0,36292.712615645396,4591371.107810428,4792727.85791556,2475010.616778878,2655251.47086843,0,0,False,False,False,6c9a928b81e9f356e9963f68819f878b34687b9659b42c863c2d9c5b23b21ce4,15.103608020581305,17453565,233908488,e10a5d4bb2a927d1bdcf21a41d30971a9301a82e08656c0419ef45e3f92de7a7,7424eea357d98b54c4652062440a1d287d509f1b7250f7eabbcc5185cde923b5,37f0f75e71de97e0b045d53af23b181e034e6c3262a1a4079d582f37471bb1b8,373bc096448cdc507d5c00c27fc9560494f830151f5b976fd48b7ebb576c2024,cc4d532031d8b49a2bf7090f5ab4c8693f9b28e9449ac04ec1b81bdaf48362b1,11604.163817272723,11604.163817272723,373bc096448cdc507d5c00c27fc9560494f830151f5b976fd48b7ebb576c2024,cc4d532031d8b49a2bf7090f5ab4c8693f9b28e9449ac04ec1b81bdaf48362b1,6c9a928b81e9f356e9963f68819f878b34687b9659b42c863c2d9c5b23b21ce4,f5813a8cda35bb54b0d3123e62701165e10068f532b0aa0fda70926f2d7ddc32
11,Koper,Maribor,1.6,travel_time,seconds,8288.688440909089,13261.901505454543,1.3361901505454543e-06,1767169,79.56934005187946,3496237,79.43111998466011,6.087941932491958,6.245838024187833,6622513,88514776,34670.877880258166,True,7fae267d1b5f691bcdf4d543dab907175dc77b740960042b48a751bf15a2d693,923d90961262f4c4cc257099ce612a8470aa7f633416aef8d32c7ce75b0b6229,58e10b01925eabb867e4d5c253fa01fc8c347bdeca028c5810736c1c15620c74,373bc096448cdc507d5c00c27fc9560494f830151f5b976fd48b7ebb576c2024,cc4d532031d8b49a2bf7090f5ab4c8693f9b28e9449ac04ec1b81bdaf48362b1,travel_time,seconds,8288.688440909089,13261.901505454543,2224710,4376231,37.754955538381175,37.85317566276538,926090,1831648,True,16880.0,52012.5900466292,4569633.87552113,4815134.917821244,2455922.1104864078,2667785.1215731227,0,0,False,False,False,6c9a928b81e9f356e9963f68819f878b34687b9659b42c863c2d9c5b23b21ce4,15.188324032351375,17453565,233908488,e10a5d4bb2a927d1bdcf21a41d30971a9301a82e08656c0419ef45e3f92de7a7,7424eea357d98b54c4652062440a1d287d509f1b7250f7eabbcc5185cde923b5,37f0f75e71de97e0b045d53af23b181e034e6c3262a1a4079d582f37471bb1b8,373bc096448cdc507d5c00c27fc9560494f830151f5b976fd48b7ebb576c2024,cc4d532031d8b49a2bf7090f5ab4c8693f9b28e9449ac04ec1b81bdaf48362b1,13261.901505454543,13261.901505454543,373bc096448cdc507d5c00c27fc9560494f830151f5b976fd48b7ebb576c2024,cc4d532031d8b49a2bf7090f5ab4c8693f9b28e9449ac04ec1b81bdaf48362b1,6c9a928b81e9f356e9963f68819f878b34687b9659b42c863c2d9c5b23b21ce4,f5813a8cda35bb54b0d3123e62701165e10068f532b0aa0fda70926f2d7ddc32
11,Koper,Maribor,2.0,travel_time,seconds,8288.688440909089,16577.376881818178,1.6677376881818178e-06,2093410,94.2588129137649,4150933,94.30517930314367,5.560155957937241,6.062129174824804,6622513,88514776,40387.31797867321,True,7fae267d1b5f691bcdf4d543dab907175dc77b740960042b48a751bf15a2d693,923d90961262f4c4cc257099ce612a8470aa7f633416aef8d32c7ce75b0b6229,58e10b01925eabb867e4d5c253fa01fc8c347bdeca028c5810736c1c15620c74,373bc096448cdc507d5c00c27fc9560494f830151f5b976fd48b7ebb576c2024,cc4d532031d8b49a2bf7090f5ab4c8693f9b28e9449ac04ec1b81bdaf48362b1,travel_time,seconds,8288.688440909089,16577.376881818178,4118502,8078159,69.89399063011986,69.87381874008688,1893792,3701928,True,35881.0,90562.37262132199,4523903.286310235,4854448.1189442435,2420785.3390881727,2694764.429608689,0,0,False,False,False,6c9a928b81e9f356e9963f68819f878b34687b9659b42c863c2d9c5b23b21ce4,14.891292084939778,17453565,233908488,e10a5d4bb2a927d1bdcf21a41d30971a9301a82e08656c0419ef45e3f92de7a7,7424eea357d98b54c4652062440a1d287d509f1b7250f7eabbcc5185cde923b5,37f0f75e71de97e0b045d53af23b181e034e6c3262a1a4079d582f37471bb1b8,373bc096448cdc507d5c00c27fc9560494f830151f5b976fd48b7ebb576c2024,cc4d532031d8b49a2bf7090f5ab4c8693f9b28e9449ac04ec1b81bdaf48362b1,16577.376881818178,16577.376881818178,373bc096448cdc507d5c00c27fc9560494f830151f5b976fd48b7ebb576c2024,cc4d532031d8b49a2bf7090f5ab4c8693f9b28e9449ac04ec1b81bdaf48362b1,6c9a928b81e9f356e9963f68819f878b34687b9659b42c863c2d9c5b23b21ce4,f5813a8cda35bb54b0d3123e62701165e10068f532b0aa0fda70926f2d7ddc32
12,Bled,Postojna,1.0,travel_time,seconds,3652.342371194801,3652.342371194801,3.7523423711948016e-07,1610,0.07249257851599136,1609,0.03655492235089272,5.964603973552585,6.131676468066871,6622513,88514776,1902.8341307812643,False,7fae267d1b5f691bcdf4d543dab907175dc77b740960042b48a751bf15a2d693,923d90961262f4c4cc257099ce612a8470aa7f633416aef8d32c7ce75b0b6229,58e10b01925eabb867e4d5c253fa01fc8c347bdeca028c5810736c1c15620c74,373bc096448cdc507d5c00c27fc9560494f830151f5b976fd48b7ebb576c2024,cc4d532031d8b49a2bf7090f5ab4c8693f9b28e9449ac04ec1b81bdaf48362b1,travel_time,seconds,3652.342371194801,3652.342371194801,1610,1609,0.027322877326390268,0.013917400530591165,1610,1609,False,122.0,1902.8341307812643,4639244.424217537,4667599.704428776,2525693.5388519457,2592800.4098334936,0,0,False,False,False,6c9a928b81e9f356e9963f68819f878b34687b9659b42c863c2d9c5b23b21ce4,16.1294270073995,17453565,233908488,e10a5d4bb2a927d1bdcf21a41d30971a9301a82e08656c0419ef45e3f92de7a7,7424eea357d98b54c4652062440a1d287d509f1b7250f7eabbcc5185cde923b5,37f0f75e71de97e0b045d53af23b181e034e6c3262a1a4079d582f37471bb1b8,373bc096448cdc507d5c00c27fc9560494f830151f5b976fd48b7ebb576c2024,cc4d532031d8b49a2bf7090f5ab4c8693f9b28e9449ac04ec1b81bdaf48362b1,3652.342371194801,3652.342371194801,373bc096448cdc507d5c00c27fc9560494f830151f5b976fd48b7ebb576c2024,cc4d532031d8b49a2bf7090f5ab4c8693f9b28e9449ac04ec1b81bdaf48362b1,6c9a928b81e9f356e9963f68819f878b34687b9659b42c863c2d9c5b23b21ce4,f5813a8cda35bb54b0d3123e62701165e10068f532b0aa0fda70926f2d7ddc32
12,Bled,Postojna,1.05,travel_time,seconds,3652.342371194801,3834.9594897545417,3.934959489754542e-07,13130,0.591197239698737,22205,0.5044761036678513,6.375056924298406,6.612341059371829,6622513,88514776,2107.5890525114137,False,7fae267d1b5f691bcdf4d543dab907175dc77b740960042b48a751bf15a2d693,923d90961262f4c4cc257099ce612a8470aa7f633416aef8d32c7ce75b0b6229,58e10b01925eabb867e4d5c253fa01fc8c347bdeca028c5810736c1c15620c74,373bc096448cdc507d5c00c27fc9560494f830151f5b976fd48b7ebb576c2024,cc4d532031d8b49a2bf7090f5ab4c8693f9b28e9449ac04ec1b81bdaf48362b1,travel_time,seconds,3652.342371194801,3834.9594897545417,13130,22205,0.222825701425779,0.19206704709868042,11520,20596,True,181.0,2107.5890525114137,4637929.783121941,4668113.715287119,2524175.9955712203,2594000.862688528,0,0,False,False,False,6c9a928b81e9f356e9963f68819f878b34687b9659b42c863c2d9c5b23b21ce4,15.771355014294386,17453565,233908488,e10a5d4bb2a927d1bdcf21a41d30971a9301a82e08656c0419ef45e3f92de7a7,7424eea357d98b54c4652062440a1d287d509f1b7250f7eabbcc5185cde923b5,37f0f75e71de97e0b045d53af23b181e034e6c3262a1a4079d582f37471bb1b8,373bc096448cdc507d5c00c27fc9560494f830151f5b976fd48b7ebb576c2024,cc4d532031d8b49a2bf7090f5ab4c8693f9b28e9449ac04ec1b81bdaf48362b1,3834.9594897545417,3834.9594897545417,373bc096448cdc507d5c00c27fc9560494f830151f5b976fd48b7ebb576c2024,cc4d532031d8b49a2bf7090f5ab4c8693f9b28e9449ac04ec1b81bdaf48362b1,6c9a928b81e9f356e9963f68819f878b34687b9659b42c863c2d9c5b23b21ce4,f5813a8cda35bb54b0d3123e62701165e10068f532b0aa0fda70926f2d7ddc32
12,Bled,Postojna,1.1,travel_time,seconds,3652.342371194801,4017.5766083142817,4.117576608314282e-07,36341,1.6363060843786599,67120,1.5249014221205217,6.353685981594026,6.367766531184316,6622513,88514776,2330.320360378417,False,7fae267d1b5f691bcdf4d543dab907175dc77b740960042b48a751bf15a2d693,923d90961262f4c4cc257099ce612a8470aa7f633416aef8d32c7ce75b0b6229,58e10b01925eabb867e4d5c253fa01fc8c347bdeca028c5810736c1c15620c74,373bc096448cdc507d5c00c27fc9560494f830151f5b976fd48b7ebb576c2024,cc4d532031d8b49a2bf7090f5ab4c8693f9b28e9449ac04ec1b81bdaf48362b1,travel_time,seconds,3652.342371194801,4017.5766083142817,36341,67120,0.6167333446697818,0.5805692502257793,23211,44915,True,290.0,2330.320360378417,4637103.190976244,4669364.48588549,2523068.983309645,2595301.680941091,0,0,False,False,False,6c9a928b81e9f356e9963f68819f878b34687b9659b42c863c2d9c5b23b21ce4,14.971259981393814,17453565,233908488,e10a5d4bb2a927d1bdcf21a41d30971a9301a82e08656c0419ef45e3f92de7a7,7424eea357d98b54c4652062440a1d287d509f1b7250f7eabbcc5185cde923b5,37f0f75e71de97e0b045d53af23b181e034e6c3262a1a4079d582f37471bb1b8,373bc096448cdc507d5c00c27fc9560494f830151f5b976fd48b7ebb576c2024,cc4d532031d8b49a2bf7090f5ab4c8693f9b28e9449ac04ec1b81bdaf48362b1,4017.5766083142817,4017.5766083142817,373bc096448cdc507d5c00c27fc9560494f830151f5b976fd48b7ebb576c2024,cc4d532031d8b49a2bf7090f5ab4c8693f9b28e9449ac04ec1b81bdaf48362b1,6c9a928b81e9f356e9963f68819f878b34687b9659b42c863c2d9c5b23b21ce4,f5813a8cda35bb54b0d3123e62701165e10068f532b0aa0fda70926f2d7ddc32
12,Bled,Postojna,1.2,travel_time,seconds,3652.342371194801,4382.810845433762,4.482810845433762e-07,95656,4.3070497456681185,179355,4.0747719690766715,5.95538504421711,6.004036334343255,6622513,88514776,3019.545373646576,False,7fae267d1b5f691bcdf4d543dab907175dc77b740960042b48a751bf15a2d693,923d90961262f4c4cc257099ce612a8470aa7f633416aef8d32c7ce75b0b6229,58e10b01925eabb867e4d5c253fa01fc8c347bdeca028c5810736c1c15620c74,373bc096448cdc507d5c00c27fc9560494f830151f5b976fd48b7ebb576c2024,cc4d532031d8b49a2bf7090f5ab4c8693f9b28e9449ac04ec1b81bdaf48362b1,travel_time,seconds,3652.342371194801,4382.810845433762,95656,179355,1.6233522692752718,1.5513706477092468,59315,112235,True,650.0,3019.545373646576,4635087.95586778,4673670.207336476,2520228.594754464,2598491.144468457,0,0,False,False,False,6c9a928b81e9f356e9963f68819f878b34687b9659b42c863c2d9c5b23b21ce4,15.0739949895069,17453565,233908488,e10a5d4bb2a927d1bdcf21a41d30971a9301a82e08656c0419ef45e3f92de7a7,7424eea357d98b54c4652062440a1d287d509f1b7250f7eabbcc5185cde923b5,37f0f75e71de97e0b045d53af23b181e034e6c3262a1a4079d582f37471bb1b8,373bc096448cdc507d5c00c27fc9560494f830151f5b976fd48b7ebb576c2024,cc4d532031d8b49a2bf7090f5ab4c8693f9b28e9449ac04ec1b81bdaf48362b1,4382.810845433762,4382.810845433762,373bc096448cdc507d5c00c27fc9560494f830151f5b976fd48b7ebb576c2024,cc4d532031d8b49a2bf7090f5ab4c8693f9b28e9449ac04ec1b81bdaf48362b1,6c9a928b81e9f356e9963f68819f878b34687b9659b42c863c2d9c5b23b21ce4,f5813a8cda35bb54b0d3123e62701165e10068f532b0aa0fda70926f2d7ddc32
12,Bled,Postojna,1.4,travel_time,seconds,3652.342371194801,5113.279319672722,5.213279319672722e-07,208283,9.378243311208838,399009,9.065098205287354,5.590188084170222,6.066200661007315,6622513,88514776,5115.4262780523395,True,7fae267d1b5f691bcdf4d543dab907175dc77b740960042b48a751bf15a2d693,923d90961262f4c4cc257099ce612a8470aa7f633416aef8d32c7ce75b0b6229,58e10b01925eabb867e4d5c253fa01fc8c347bdeca028c5810736c1c15620c74,373bc096448cdc507d5c00c27fc9560494f830151f5b976fd48b7ebb576c2024,cc4d532031d8b49a2bf7090f5ab4c8693f9b28e9449ac04ec1b81bdaf48362b1,travel_time,seconds,3652.342371194801,5113.279319672722,208283,399009,3.5347148187407105,3.451316388011591,112627,219654,True,1442.0,5115.4262780523395,4626127.029203726,4682706.941737154,2515174.4465427166,2605585.0896314653,0,0,False,False,False,6c9a928b81e9f356e9963f68819f878b34687b9659b42c863c2d9c5b23b21ce4,15.160317998379469,17453565,233908488,e10a5d4bb2a927d1bdcf21a41d30971a9301a82e08656c0419ef45e3f92de7a7,7424eea357d98b54c4652062440a1d287d509f1b7250f7eabbcc5185cde923b5,37f0f75e71de97e0b045d53af23b181e034e6c3262a1a4079d582f37471bb1b8,373bc096448cdc507d5c00c27fc9560494f830151f5b976fd48b7ebb576c2024,cc4d532031d8b49a2bf7090f5ab4c8693f9b28e9449ac04ec1b81bdaf48362b1,5113.279319672722,5113.279319672722,373bc096448cdc507d5c00c27fc9560494f830151f5b976fd48b7ebb576c2024,cc4d532031d8b49a2bf7090f5ab4c8693f9b28e9449ac04ec1b81bdaf48362b1,6c9a928b81e9f356e9963f68819f878b34687b9659b42c863c2d9c5b23b21ce4,f5813a8cda35bb54b0d3123e62701165e10068f532b0aa0fda70926f2d7ddc32
12,Bled,Postojna,1.6,travel_time,seconds,3652.342371194801,5843.7477939116825,5.943747793911683e-07,293970,13.236424413879492,569711,12.943282391205372,5.548702902160585,5.873105290811509,6622513,88514776,7073.034941424567,True,7fae267d1b5f691bcdf4d543dab907175dc77b740960042b48a751bf15a2d693,923d90961262f4c4cc257099ce612a8470aa7f633416aef8d32c7ce75b0b6229,58e10b01925eabb867e4d5c253fa01fc8c347bdeca028c5810736c1c15620c74,373bc096448cdc507d5c00c27fc9560494f830151f5b976fd48b7ebb576c2024,cc4d532031d8b49a2bf7090f5ab4c8693f9b28e9449ac04ec1b81bdaf48362b1,travel_time,seconds,3652.342371194801,5843.7477939116825,294055,569870,4.990328380255709,4.929216308494709,85772,170861,True,2231.0,7099.143729950086,4620173.501088474,4690010.074626121,2507772.0431259656,2609425.709254404,0,0,False,False,False,6c9a928b81e9f356e9963f68819f878b34687b9659b42c863c2d9c5b23b21ce4,15.233232057653368,17453565,233908488,e10a5d4bb2a927d1bdcf21a41d30971a9301a82e08656c0419ef45e3f92de7a7,7424eea357d98b54c4652062440a1d287d509f1b7250f7eabbcc5185cde923b5,37f0f75e71de97e0b045d53af23b181e034e6c3262a1a4079d582f37471bb1b8,373bc096448cdc507d5c00c27fc9560494f830151f5b976fd48b7ebb576c2024,cc4d532031d8b49a2bf7090f5ab4c8693f9b28e9449ac04ec1b81bdaf48362b1,5843.7477939116825,5843.7477939116825,373bc096448cdc507d5c00c27fc9560494f830151f5b976fd48b7ebb576c2024,cc4d532031d8b49a2bf7090f5ab4c8693f9b28e9449ac04ec1b81bdaf48362b1,6c9a928b81e9f356e9963f68819f878b34687b9659b42c863c2d9c5b23b21ce4,f5813a8cda35bb54b0d3123e62701165e10068f532b0aa0fda70926f2d7ddc32
12,Bled,Postojna,2.0,travel_time,seconds,3652.342371194801,7304.684742389602,7.404684742389603e-07,545672,24.569670996259653,1070092,24.31145429975854,5.599964992143214,5.783318390604109,6622513,88514776,11274.374022965574,True,7fae267d1b5f691bcdf4d543dab907175dc77b740960042b48a751bf15a2d693,923d90961262f4c4cc257099ce612a8470aa7f633416aef8d32c7ce75b0b6229,58e10b01925eabb867e4d5c253fa01fc8c347bdeca028c5810736c1c15620c74,373bc096448cdc507d5c00c27fc9560494f830151f5b976fd48b7ebb576c2024,cc4d532031d8b49a2bf7090f5ab4c8693f9b28e9449ac04ec1b81bdaf48362b1,travel_time,seconds,3652.342371194801,7304.684742389602,588179,1151591,9.981827740968262,9.960940456447489,294124,581721,True,4694.0,12948.892670312294,4608584.854622476,4709937.247688092,2497812.5067198565,2625573.6012401315,0,0,False,False,False,6c9a928b81e9f356e9963f68819f878b34687b9659b42c863c2d9c5b23b21ce4,15.393306966871023,17453565,233908488,e10a5d4bb2a927d1bdcf21a41d30971a9301a82e08656c0419ef45e3f92de7a7,7424eea357d98b54c4652062440a1d287d509f1b7250f7eabbcc5185cde923b5,37f0f75e71de97e0b045d53af23b181e034e6c3262a1a4079d582f37471bb1b8,373bc096448cdc507d5c00c27fc9560494f830151f5b976fd48b7ebb576c2024,cc4d532031d8b49a2bf7090f5ab4c8693f9b28e9449ac04ec1b81bdaf48362b1,7304.684742389602,7304.684742389602,373bc096448cdc507d5c00c27fc9560494f830151f5b976fd48b7ebb576c2024,cc4d532031d8b49a2bf7090f5ab4c8693f9b28e9449ac04ec1b81bdaf48362b1,6c9a928b81e9f356e9963f68819f878b34687b9659b42c863c2d9c5b23b21ce4,f5813a8cda35bb54b0d3123e62701165e10068f532b0aa0fda70926f2d7ddc32
13,Celje,Novo_mesto,1.0,travel_time,seconds,4620.615446649346,4620.615446649346,4.720615446649347e-07,2201,0.09910320826937702,2200,0.049981870212532,6.049250019714236,6.146677699871361,6622513,88514776,901.1492462607687,False,7fae267d1b5f691bcdf4d543dab907175dc77b740960042b48a751bf15a2d693,923d90961262f4c4cc257099ce612a8470aa7f633416aef8d32c7ce75b0b6229,58e10b01925eabb867e4d5c253fa01fc8c347bdeca028c5810736c1c15620c74,373bc096448cdc507d5c00c27fc9560494f830151f5b976fd48b7ebb576c2024,cc4d532031d8b49a2bf7090f5ab4c8693f9b28e9449ac04ec1b81bdaf48362b1,travel_time,seconds,4620.615446649346,4620.615446649346,2201,2200,0.03735257950023912,0.019029385436482638,2201,2200,False,103.0,901.1492462607687,4721173.043194371,4738722.593706314,2533931.1960618356,2585280.0466006286,0,0,False,False,False,6c9a928b81e9f356e9963f68819f878b34687b9659b42c863c2d9c5b23b21ce4,15.927098924294114,17453565,233908488,e10a5d4bb2a927d1bdcf21a41d30971a9301a82e08656c0419ef45e3f92de7a7,7424eea357d98b54c4652062440a1d287d509f1b7250f7eabbcc5185cde923b5,37f0f75e71de97e0b045d53af23b181e034e6c3262a1a4079d582f37471bb1b8,373bc096448cdc507d5c00c27fc9560494f830151f5b976fd48b7ebb576c2024,cc4d532031d8b49a2bf7090f5ab4c8693f9b28e9449ac04ec1b81bdaf48362b1,4620.615446649346,4620.615446649346,373bc096448cdc507d5c00c27fc9560494f830151f5b976fd48b7ebb576c2024,cc4d532031d8b49a2bf7090f5ab4c8693f9b28e9449ac04ec1b81bdaf48362b1,6c9a928b81e9f356e9963f68819f878b34687b9659b42c863c2d9c5b23b21ce4,f5813a8cda35bb54b0d3123e62701165e10068f532b0aa0fda70926f2d7ddc32
13,Celje,Novo_mesto,1.05,travel_time,seconds,4620.615446649346,4851.646218981814,4.951646218981814e-07,38695,1.7422983389293702,75639,1.7184448550025946,5.653045023791492,5.905350996181369,6622513,88514776,1253.892857940539,False,7fae267d1b5f691bcdf4d543dab907175dc77b740960042b48a751bf15a2d693,923d90961262f4c4cc257099ce612a8470aa7f633416aef8d32c7ce75b0b6229,58e10b01925eabb867e4d5c253fa01fc8c347bdeca028c5810736c1c15620c74,373bc096448cdc507d5c00c27fc9560494f830151f5b976fd48b7ebb576c2024,cc4d532031d8b49a2bf7090f5ab4c8693f9b28e9449ac04ec1b81bdaf48362b1,travel_time,seconds,4620.615446649346,4851.646218981814,38695,75639,0.656682446052591,0.6542562204682318,36494,73439,True,326.0,1253.892857940539,4716786.597658949,4739840.733237177,2532327.468264183,2586716.532373127,0,0,False,False,False,6c9a928b81e9f356e9963f68819f878b34687b9659b42c863c2d9c5b23b21ce4,15.75529109686613,17453565,233908488,e10a5d4bb2a927d1bdcf21a41d30971a9301a82e08656c0419ef45e3f92de7a7,7424eea357d98b54c4652062440a1d287d509f1b7250f7eabbcc5185cde923b5,37f0f75e71de97e0b045d53af23b181e034e6c3262a1a4079d582f37471bb1b8,373bc096448cdc507d5c00c27fc9560494f830151f5b976fd48b7ebb576c2024,cc4d532031d8b49a2bf7090f5ab4c8693f9b28e9449ac04ec1b81bdaf48362b1,4851.646218981814,4851.646218981814,373bc096448cdc507d5c00c27fc9560494f830151f5b976fd48b7ebb576c2024,cc4d532031d8b49a2bf7090f5ab4c8693f9b28e9449ac04ec1b81bdaf48362b1,6c9a928b81e9f356e9963f68819f878b34687b9659b42c863c2d9c5b23b21ce4,f5813a8cda35bb54b0d3123e62701165e10068f532b0aa0fda70926f2d7ddc32
13,Celje,Novo_mesto,1.1,travel_time,seconds,4620.615446649346,5082.676991314282,5.182676991314282e-07,100813,4.539251129150706,199390,4.529947773489434,5.656466004438698,6.063652050215751,6622513,88514776,2143.7366920892796,False,7fae267d1b5f691bcdf4d543dab907175dc77b740960042b48a751bf15a2d693,923d90961262f4c4cc257099ce612a8470aa7f633416aef8d32c7ce75b0b6229,58e10b01925eabb867e4d5c253fa01fc8c347bdeca028c5810736c1c15620c74,373bc096448cdc507d5c00c27fc9560494f830151f5b976fd48b7ebb576c2024,cc4d532031d8b49a2bf7090f5ab4c8693f9b28e9449ac04ec1b81bdaf48362b1,travel_time,seconds,4620.615446649346,5082.676991314282,100813,199390,1.7108703303760138,1.724667800991033,62118,123751,True,696.0,2143.7366920892796,4709603.283272281,4747366.792072194,2531290.720232505,2588058.133013127,0,0,False,False,False,6c9a928b81e9f356e9963f68819f878b34687b9659b42c863c2d9c5b23b21ce4,15.211930964142084,17453565,233908488,e10a5d4bb2a927d1bdcf21a41d30971a9301a82e08656c0419ef45e3f92de7a7,7424eea357d98b54c4652062440a1d287d509f1b7250f7eabbcc5185cde923b5,37f0f75e71de97e0b045d53af23b181e034e6c3262a1a4079d582f37471bb1b8,373bc096448cdc507d5c00c27fc9560494f830151f5b976fd48b7ebb576c2024,cc4d532031d8b49a2bf7090f5ab4c8693f9b28e9449ac04ec1b81bdaf48362b1,5082.676991314282,5082.676991314282,373bc096448cdc507d5c00c27fc9560494f830151f5b976fd48b7ebb576c2024,cc4d532031d8b49a2bf7090f5ab4c8693f9b28e9449ac04ec1b81bdaf48362b1,6c9a928b81e9f356e9963f68819f878b34687b9659b42c863c2d9c5b23b21ce4,f5813a8cda35bb54b0d3123e62701165e10068f532b0aa0fda70926f2d7ddc32
13,Celje,Novo_mesto,1.2,travel_time,seconds,4620.615446649346,5544.738535979215,5.644738535979216e-07,230845,10.39412999225095,452691,10.284701276536966,5.739646963775158,5.753978551365435,6622513,88514776,5024.4405278183,False,7fae267d1b5f691bcdf4d543dab907175dc77b740960042b48a751bf15a2d693,923d90961262f4c4cc257099ce612a8470aa7f633416aef8d32c7ce75b0b6229,58e10b01925eabb867e4d5c253fa01fc8c347bdeca028c5810736c1c15620c74,373bc096448cdc507d5c00c27fc9560494f830151f5b976fd48b7ebb576c2024,cc4d532031d8b49a2bf7090f5ab4c8693f9b28e9449ac04ec1b81bdaf48362b1,travel_time,seconds,4620.615446649346,5544.738535979215,230845,452691,3.917608457397864,3.9156506921030734,130032,253301,True,1554.0,5024.4405278183,4669378.751938966,4750474.906440975,2528459.875645173,2590416.4574174173,0,0,False,False,False,6c9a928b81e9f356e9963f68819f878b34687b9659b42c863c2d9c5b23b21ce4,15.207529999315739,17453565,233908488,e10a5d4bb2a927d1bdcf21a41d30971a9301a82e08656c0419ef45e3f92de7a7,7424eea357d98b54c4652062440a1d287d509f1b7250f7eabbcc5185cde923b5,37f0f75e71de97e0b045d53af23b181e034e6c3262a1a4079d582f37471bb1b8,373bc096448cdc507d5c00c27fc9560494f830151f5b976fd48b7ebb576c2024,cc4d532031d8b49a2bf7090f5ab4c8693f9b28e9449ac04ec1b81bdaf48362b1,5544.738535979215,5544.738535979215,373bc096448cdc507d5c00c27fc9560494f830151f5b976fd48b7ebb576c2024,cc4d532031d8b49a2bf7090f5ab4c8693f9b28e9449ac04ec1b81bdaf48362b1,6c9a928b81e9f356e9963f68819f878b34687b9659b42c863c2d9c5b23b21ce4,f5813a8cda35bb54b0d3123e62701165e10068f532b0aa0fda70926f2d7ddc32
13,Celje,Novo_mesto,1.4,travel_time,seconds,4620.615446649346,6468.861625309084,6.568861625309084e-07,612547,27.580814591450288,1209673,27.482599493456465,5.61805407050997,5.7925442350097,6622513,88514776,7658.275804311097,True,7fae267d1b5f691bcdf4d543dab907175dc77b740960042b48a751bf15a2d693,923d90961262f4c4cc257099ce612a8470aa7f633416aef8d32c7ce75b0b6229,58e10b01925eabb867e4d5c253fa01fc8c347bdeca028c5810736c1c15620c74,373bc096448cdc507d5c00c27fc9560494f830151f5b976fd48b7ebb576c2024,cc4d532031d8b49a2bf7090f5ab4c8693f9b28e9449ac04ec1b81bdaf48362b1,travel_time,seconds,4620.615446649346,6468.861625309084,612547,1209673,10.395370520278496,10.463333531411937,381702,756982,True,3891.0,7658.275804311097,4659181.256445781,4763249.12762714,2523660.5652477806,2597249.807704418,0,0,False,False,False,6c9a928b81e9f356e9963f68819f878b34687b9659b42c863c2d9c5b23b21ce4,15.203270013444126,17453565,233908488,e10a5d4bb2a927d1bdcf21a41d30971a9301a82e08656c0419ef45e3f92de7a7,7424eea357d98b54c4652062440a1d287d509f1b7250f7eabbcc5185cde923b5,37f0f75e71de97e0b045d53af23b181e034e6c3262a1a4079d582f37471bb1b8,373bc096448cdc507d5c00c27fc9560494f830151f5b976fd48b7ebb576c2024,cc4d532031d8b49a2bf7090f5ab4c8693f9b28e9449ac04ec1b81bdaf48362b1,6468.861625309084,6468.861625309084,373bc096448cdc507d5c00c27fc9560494f830151f5b976fd48b7ebb576c2024,cc4d532031d8b49a2bf7090f5ab4c8693f9b28e9449ac04ec1b81bdaf48362b1,6c9a928b81e9f356e9963f68819f878b34687b9659b42c863c2d9c5b23b21ce4,f5813a8cda35bb54b0d3123e62701165e10068f532b0aa0fda70926f2d7ddc32
13,Celje,Novo_mesto,1.6,travel_time,seconds,4620.615446649346,7392.984714638955,7.492984714638955e-07,876391,39.46077228460136,1736115,39.44285209274091,5.758433951996267,6.011871376540512,6622513,88514776,9965.598313890527,True,7fae267d1b5f691bcdf4d543dab907175dc77b740960042b48a751bf15a2d693,923d90961262f4c4cc257099ce612a8470aa7f633416aef8d32c7ce75b0b6229,58e10b01925eabb867e4d5c253fa01fc8c347bdeca028c5810736c1c15620c74,373bc096448cdc507d5c00c27fc9560494f830151f5b976fd48b7ebb576c2024,cc4d532031d8b49a2bf7090f5ab4c8693f9b28e9449ac04ec1b81bdaf48362b1,travel_time,seconds,4620.615446649346,7392.984714638955,886925,1756393,15.051765821558192,15.19230880679093,274378,546720,True,5585.0,10637.40191125062,4650187.735491119,4772212.021438815,2517872.4062659075,2605046.8718129564,0,0,False,False,False,6c9a928b81e9f356e9963f68819f878b34687b9659b42c863c2d9c5b23b21ce4,15.107868006452918,17453565,233908488,e10a5d4bb2a927d1bdcf21a41d30971a9301a82e08656c0419ef45e3f92de7a7,7424eea357d98b54c4652062440a1d287d509f1b7250f7eabbcc5185cde923b5,37f0f75e71de97e0b045d53af23b181e034e6c3262a1a4079d582f37471bb1b8,373bc096448cdc507d5c00c27fc9560494f830151f5b976fd48b7ebb576c2024,cc4d532031d8b49a2bf7090f5ab4c8693f9b28e9449ac04ec1b81bdaf48362b1,7392.984714638955,7392.984714638955,373bc096448cdc507d5c00c27fc9560494f830151f5b976fd48b7ebb576c2024,cc4d532031d8b49a2bf7090f5ab4c8693f9b28e9449ac04ec1b81bdaf48362b1,6c9a928b81e9f356e9963f68819f878b34687b9659b42c863c2d9c5b23b21ce4,f5813a8cda35bb54b0d3123e62701165e10068f532b0aa0fda70926f2d7ddc32
13,Celje,Novo_mesto,2.0,travel_time,seconds,4620.615446649346,9241.230893298693,9.341230893298693e-07,1246069,56.10605889369121,2467143,56.051100555344014,5.67294901702553,6.086168671026826,6622513,88514776,16797.561166099844,True,7fae267d1b5f691bcdf4d543dab907175dc77b740960042b48a751bf15a2d693,923d90961262f4c4cc257099ce612a8470aa7f633416aef8d32c7ce75b0b6229,58e10b01925eabb867e4d5c253fa01fc8c347bdeca028c5810736c1c15620c74,373bc096448cdc507d5c00c27fc9560494f830151f5b976fd48b7ebb576c2024,cc4d532031d8b49a2bf7090f5ab4c8693f9b28e9449ac04ec1b81bdaf48362b1,travel_time,seconds,4620.615446649346,9241.230893298693,1518651,2997452,25.772617996645906,25.92712247061625,631726,1241059,True,10237.0,19820.364332562884,4638334.901195399,4796326.858608173,2504612.4272962897,2630064.1569737676,0,0,False,False,False,6c9a928b81e9f356e9963f68819f878b34687b9659b42c863c2d9c5b23b21ce4,15.18497196957469,17453565,233908488,e10a5d4bb2a927d1bdcf21a41d30971a9301a82e08656c0419ef45e3f92de7a7,7424eea357d98b54c4652062440a1d287d509f1b7250f7eabbcc5185cde923b5,37f0f75e71de97e0b045d53af23b181e034e6c3262a1a4079d582f37471bb1b8,373bc096448cdc507d5c00c27fc9560494f830151f5b976fd48b7ebb576c2024,cc4d532031d8b49a2bf7090f5ab4c8693f9b28e9449ac04ec1b81bdaf48362b1,9241.230893298693,9241.230893298693,373bc096448cdc507d5c00c27fc9560494f830151f5b976fd48b7ebb576c2024,cc4d532031d8b49a2bf7090f5ab4c8693f9b28e9449ac04ec1b81bdaf48362b1,6c9a928b81e9f356e9963f68819f878b34687b9659b42c863c2d9c5b23b21ce4,f5813a8cda35bb54b0d3123e62701165e10068f532b0aa0fda70926f2d7ddc32
14,Murska_Sobota,Maribor,1.0,travel_time,seconds,2194.2186418311717,2194.2186418311717,2.2942186418311718e-07,1182,0.053221259506771305,1181,0.02683117669136377,6.123561062850058,6.363233726006001,6622513,88514776,543.7721996730155,False,7fae267d1b5f691bcdf4d543dab907175dc77b740960042b48a751bf15a2d693,923d90961262f4c4cc257099ce612a8470aa7f633416aef8d32c7ce75b0b6229,58e10b01925eabb867e4d5c253fa01fc8c347bdeca028c5810736c1c15620c74,373bc096448cdc507d5c00c27fc9560494f830151f5b976fd48b7ebb576c2024,cc4d532031d8b49a2bf7090f5ab4c8693f9b28e9449ac04ec1b81bdaf48362b1,travel_time,seconds,2194.2186418311717,2194.2186418311717,1182,1181,0.0200594043476977,0.010215320091129998,1182,1181,False,71.0,543.7721996730155,4752243.709992702,4792314.477277381,2620891.4731751136,2634461.769840756,0,0,False,False,False,6c9a928b81e9f356e9963f68819f878b34687b9659b42c863c2d9c5b23b21ce4,16.151148010976613,17453565,233908488,e10a5d4bb2a927d1bdcf21a41d30971a9301a82e08656c0419ef45e3f92de7a7,7424eea357d98b54c4652062440a1d287d509f1b7250f7eabbcc5185cde923b5,37f0f75e71de97e0b045d53af23b181e034e6c3262a1a4079d582f37471bb1b8,373bc096448cdc507d5c00c27fc9560494f830151f5b976fd48b7ebb576c2024,cc4d532031d8b49a2bf7090f5ab4c8693f9b28e9449ac04ec1b81bdaf48362b1,2194.2186418311717,2194.2186418311717,373bc096448cdc507d5c00c27fc9560494f830151f5b976fd48b7ebb576c2024,cc4d532031d8b49a2bf7090f5ab4c8693f9b28e9449ac04ec1b81bdaf48362b1,6c9a928b81e9f356e9963f68819f878b34687b9659b42c863c2d9c5b23b21ce4,f5813a8cda35bb54b0d3123e62701165e10068f532b0aa0fda70926f2d7ddc32
14,Murska_Sobota,Maribor,1.05,travel_time,seconds,2194.2186418311717,2303.9295739227305,2.4039295739227306e-07,7310,0.32914332233037075,11103,0.2522494113498831,5.95580309163779,6.025197496637702,6622513,88514776,639.736027638471,False,7fae267d1b5f691bcdf4d543dab907175dc77b740960042b48a751bf15a2d693,923d90961262f4c4cc257099ce612a8470aa7f633416aef8d32c7ce75b0b6229,58e10b01925eabb867e4d5c253fa01fc8c347bdeca028c5810736c1c15620c74,373bc096448cdc507d5c00c27fc9560494f830151f5b976fd48b7ebb576c2024,cc4d532031d8b49a2bf7090f5ab4c8693f9b28e9449ac04ec1b81bdaf48362b1,travel_time,seconds,2194.2186418311717,2303.9295739227305,7310,11103,0.124056045500567,0.09603784840966668,6128,9922,True,105.0,639.736027638471,4751888.300599226,4793096.022789776,2619313.9385167174,2634838.6021872847,0,0,False,False,False,6c9a928b81e9f356e9963f68819f878b34687b9659b42c863c2d9c5b23b21ce4,15.80404001288116,17453565,233908488,e10a5d4bb2a927d1bdcf21a41d30971a9301a82e08656c0419ef45e3f92de7a7,7424eea357d98b54c4652062440a1d287d509f1b7250f7eabbcc5185cde923b5,37f0f75e71de97e0b045d53af23b181e034e6c3262a1a4079d582f37471bb1b8,373bc096448cdc507d5c00c27fc9560494f830151f5b976fd48b7ebb576c2024,cc4d532031d8b49a2bf7090f5ab4c8693f9b28e9449ac04ec1b81bdaf48362b1,2303.9295739227305,2303.9295739227305,373bc096448cdc507d5c00c27fc9560494f830151f5b976fd48b7ebb576c2024,cc4d532031d8b49a2bf7090f5ab4c8693f9b28e9449ac04ec1b81bdaf48362b1,6c9a928b81e9f356e9963f68819f878b34687b9659b42c863c2d9c5b23b21ce4,f5813a8cda35bb54b0d3123e62701165e10068f532b0aa0fda70926f2d7ddc32
14,Murska_Sobota,Maribor,1.1,travel_time,seconds,2194.2186418311717,2413.6405060142893,2.5136405060142894e-07,16990,0.7649993223519834,29732,0.6754822568904552,5.7539650006219745,6.050145102199167,6622513,88514776,787.5073760468186,False,7fae267d1b5f691bcdf4d543dab907175dc77b740960042b48a751bf15a2d693,923d90961262f4c4cc257099ce612a8470aa7f633416aef8d32c7ce75b0b6229,58e10b01925eabb867e4d5c253fa01fc8c347bdeca028c5810736c1c15620c74,373bc096448cdc507d5c00c27fc9560494f830151f5b976fd48b7ebb576c2024,cc4d532031d8b49a2bf7090f5ab4c8693f9b28e9449ac04ec1b81bdaf48362b1,travel_time,seconds,2194.2186418311717,2413.6405060142893,16990,29732,0.28833272408408117,0.25717349445340987,9680,18629,True,142.0,787.5073760468186,4751110.218103253,4793683.090118201,2616976.439766634,2635474.30798117,0,0,False,False,False,6c9a928b81e9f356e9963f68819f878b34687b9659b42c863c2d9c5b23b21ce4,15.366837964393198,17453565,233908488,e10a5d4bb2a927d1bdcf21a41d30971a9301a82e08656c0419ef45e3f92de7a7,7424eea357d98b54c4652062440a1d287d509f1b7250f7eabbcc5185cde923b5,37f0f75e71de97e0b045d53af23b181e034e6c3262a1a4079d582f37471bb1b8,373bc096448cdc507d5c00c27fc9560494f830151f5b976fd48b7ebb576c2024,cc4d532031d8b49a2bf7090f5ab4c8693f9b28e9449ac04ec1b81bdaf48362b1,2413.6405060142893,2413.6405060142893,373bc096448cdc507d5c00c27fc9560494f830151f5b976fd48b7ebb576c2024,cc4d532031d8b49a2bf7090f5ab4c8693f9b28e9449ac04ec1b81bdaf48362b1,6c9a928b81e9f356e9963f68819f878b34687b9659b42c863c2d9c5b23b21ce4,f5813a8cda35bb54b0d3123e62701165e10068f532b0aa0fda70926f2d7ddc32
14,Murska_Sobota,Maribor,1.2,travel_time,seconds,2194.2186418311717,2633.062370197406,2.733062370197406e-07,37614,1.6936247504972046,69595,1.5811310261096203,5.626086029224098,5.657513975165784,6622513,88514776,1033.9934170210136,False,7fae267d1b5f691bcdf4d543dab907175dc77b740960042b48a751bf15a2d693,923d90961262f4c4cc257099ce612a8470aa7f633416aef8d32c7ce75b0b6229,58e10b01925eabb867e4d5c253fa01fc8c347bdeca028c5810736c1c15620c74,373bc096448cdc507d5c00c27fc9560494f830151f5b976fd48b7ebb576c2024,cc4d532031d8b49a2bf7090f5ab4c8693f9b28e9449ac04ec1b81bdaf48362b1,travel_time,seconds,2194.2186418311717,2633.062370197406,37614,69595,0.6383370855620146,0.6019773088418223,20624,39863,True,255.0,1033.9934170210136,4749144.572451467,4796317.389604377,2614738.4688390675,2636657.732504609,0,0,False,False,False,6c9a928b81e9f356e9963f68819f878b34687b9659b42c863c2d9c5b23b21ce4,15.273040975444019,17453565,233908488,e10a5d4bb2a927d1bdcf21a41d30971a9301a82e08656c0419ef45e3f92de7a7,7424eea357d98b54c4652062440a1d287d509f1b7250f7eabbcc5185cde923b5,37f0f75e71de97e0b045d53af23b181e034e6c3262a1a4079d582f37471bb1b8,373bc096448cdc507d5c00c27fc9560494f830151f5b976fd48b7ebb576c2024,cc4d532031d8b49a2bf7090f5ab4c8693f9b28e9449ac04ec1b81bdaf48362b1,2633.062370197406,2633.062370197406,373bc096448cdc507d5c00c27fc9560494f830151f5b976fd48b7ebb576c2024,cc4d532031d8b49a2bf7090f5ab4c8693f9b28e9449ac04ec1b81bdaf48362b1,6c9a928b81e9f356e9963f68819f878b34687b9659b42c863c2d9c5b23b21ce4,f5813a8cda35bb54b0d3123e62701165e10068f532b0aa0fda70926f2d7ddc32
14,Murska_Sobota,Maribor,1.4,travel_time,seconds,2194.2186418311717,3071.90609856364,3.1719060985636406e-07,90334,4.067418998548797,171593,3.8984268433540925,5.719741922803223,6.091099104378372,6622513,88514776,1696.1576832722455,False,7fae267d1b5f691bcdf4d543dab907175dc77b740960042b48a751bf15a2d693,923d90961262f4c4cc257099ce612a8470aa7f633416aef8d32c7ce75b0b6229,58e10b01925eabb867e4d5c253fa01fc8c347bdeca028c5810736c1c15620c74,373bc096448cdc507d5c00c27fc9560494f830151f5b976fd48b7ebb576c2024,cc4d532031d8b49a2bf7090f5ab4c8693f9b28e9449ac04ec1b81bdaf48362b1,travel_time,seconds,2194.2186418311717,3071.90609856364,90334,171593,1.533034037516856,1.484231516001075,52720,101998,True,603.0,1696.1576832722455,4745241.995789171,4800979.476643716,2609442.0435987823,2639873.2302485453,0,0,False,False,False,6c9a928b81e9f356e9963f68819f878b34687b9659b42c863c2d9c5b23b21ce4,15.175891923718154,17453565,233908488,e10a5d4bb2a927d1bdcf21a41d30971a9301a82e08656c0419ef45e3f92de7a7,7424eea357d98b54c4652062440a1d287d509f1b7250f7eabbcc5185cde923b5,37f0f75e71de97e0b045d53af23b181e034e6c3262a1a4079d582f37471bb1b8,373bc096448cdc507d5c00c27fc9560494f830151f5b976fd48b7ebb576c2024,cc4d532031d8b49a2bf7090f5ab4c8693f9b28e9449ac04ec1b81bdaf48362b1,3071.90609856364,3071.90609856364,373bc096448cdc507d5c00c27fc9560494f830151f5b976fd48b7ebb576c2024,cc4d532031d8b49a2bf7090f5ab4c8693f9b28e9449ac04ec1b81bdaf48362b1,6c9a928b81e9f356e9963f68819f878b34687b9659b42c863c2d9c5b23b21ce4,f5813a8cda35bb54b0d3123e62701165e10068f532b0aa0fda70926f2d7ddc32
14,Murska_Sobota,Maribor,1.6,travel_time,seconds,2194.2186418311717,3510.749826929875,3.610749826929875e-07,143595,6.465572554039615,277586,6.30648519309814,5.672250990755856,5.7489354512654245,6622513,88514776,2584.08965627394,True,7fae267d1b5f691bcdf4d543dab907175dc77b740960042b48a751bf15a2d693,923d90961262f4c4cc257099ce612a8470aa7f633416aef8d32c7ce75b0b6229,58e10b01925eabb867e4d5c253fa01fc8c347bdeca028c5810736c1c15620c74,373bc096448cdc507d5c00c27fc9560494f830151f5b976fd48b7ebb576c2024,cc4d532031d8b49a2bf7090f5ab4c8693f9b28e9449ac04ec1b81bdaf48362b1,travel_time,seconds,2194.2186418311717,3510.749826929875,146149,282220,2.48025540271715,2.4411241626746043,55815,110627,True,1041.0,2584.08965627394,4741961.214489537,4806316.773845799,2603226.397208636,2643379.721678537,0,0,False,False,False,6c9a928b81e9f356e9963f68819f878b34687b9659b42c863c2d9c5b23b21ce4,15.38995502050966,17453565,233908488,e10a5d4bb2a927d1bdcf21a41d30971a9301a82e08656c0419ef45e3f92de7a7,7424eea357d98b54c4652062440a1d287d509f1b7250f7eabbcc5185cde923b5,37f0f75e71de97e0b045d53af23b181e034e6c3262a1a4079d582f37471bb1b8,373bc096448cdc507d5c00c27fc9560494f830151f5b976fd48b7ebb576c2024,cc4d532031d8b49a2bf7090f5ab4c8693f9b28e9449ac04ec1b81bdaf48362b1,3510.749826929875,3510.749826929875,373bc096448cdc507d5c00c27fc9560494f830151f5b976fd48b7ebb576c2024,cc4d532031d8b49a2bf7090f5ab4c8693f9b28e9449ac04ec1b81bdaf48362b1,6c9a928b81e9f356e9963f68819f878b34687b9659b42c863c2d9c5b23b21ce4,f5813a8cda35bb54b0d3123e62701165e10068f532b0aa0fda70926f2d7ddc32
14,Murska_Sobota,Maribor,2.0,travel_time,seconds,2194.2186418311717,4388.437283662343,4.4884372836623435e-07,260643,11.735828038598472,509630,11.578300234733037,5.702911061234772,6.073827983345836,6622513,88514776,4347.384956207231,True,7fae267d1b5f691bcdf4d543dab907175dc77b740960042b48a751bf15a2d693,923d90961262f4c4cc257099ce612a8470aa7f633416aef8d32c7ce75b0b6229,58e10b01925eabb867e4d5c253fa01fc8c347bdeca028c5810736c1c15620c74,373bc096448cdc507d5c00c27fc9560494f830151f5b976fd48b7ebb576c2024,cc4d532031d8b49a2bf7090f5ab4c8693f9b28e9449ac04ec1b81bdaf48362b1,travel_time,seconds,2194.2186418311717,4388.437283662343,283017,554087,4.803005448622978,4.792697767429252,136868,271867,True,2293.0,4347.384956207231,4737797.540909362,4817159.085253943,2595397.9936832306,2650177.484078872,0,0,False,False,False,6c9a928b81e9f356e9963f68819f878b34687b9659b42c863c2d9c5b23b21ce4,15.172191080637276,17453565,233908488,e10a5d4bb2a927d1bdcf21a41d30971a9301a82e08656c0419ef45e3f92de7a7,7424eea357d98b54c4652062440a1d287d509f1b7250f7eabbcc5185cde923b5,37f0f75e71de97e0b045d53af23b181e034e6c3262a1a4079d582f37471bb1b8,373bc096448cdc507d5c00c27fc9560494f830151f5b976fd48b7ebb576c2024,cc4d532031d8b49a2bf7090f5ab4c8693f9b28e9449ac04ec1b81bdaf48362b1,4388.437283662343,4388.437283662343,373bc096448cdc507d5c00c27fc9560494f830151f5b976fd48b7ebb576c2024,cc4d532031d8b49a2bf7090f5ab4c8693f9b28e9449ac04ec1b81bdaf48362b1,6c9a928b81e9f356e9963f68819f878b34687b9659b42c863c2d9c5b23b21ce4,f5813a8cda35bb54b0d3123e62701165e10068f532b0aa0fda70926f2d7ddc32
15,Bled,Koper,1.0,travel_time,seconds,5498.757500909089,5498.757500909089,5.598757500909089e-07,2216,0.09977860496362538,2215,0.05032265569125381,5.8697599451988935,6.283356784842908,6622513,88514776,5031.362178427448,False,7fae267d1b5f691bcdf4d543dab907175dc77b740960042b48a751bf15a2d693,923d90961262f4c4cc257099ce612a8470aa7f633416aef8d32c7ce75b0b6229,58e10b01925eabb867e4d5c253fa01fc8c347bdeca028c5810736c1c15620c74,373bc096448cdc507d5c00c27fc9560494f830151f5b976fd48b7ebb576c2024,cc4d532031d8b49a2bf7090f5ab4c8693f9b28e9449ac04ec1b81bdaf48362b1,travel_time,seconds,5498.757500909089,5498.757500909089,2216,2215,0.03760714046911853,0.019159131246276835,2216,2215,False,189.0,5031.362178427448,4613813.749411184,4667599.704428776,2499256.2461799555,2592800.4098334936,0,0,False,False,False,6c9a928b81e9f356e9963f68819f878b34687b9659b42c863c2d9c5b23b21ce4,16.317159053869545,17453565,233908488,e10a5d4bb2a927d1bdcf21a41d30971a9301a82e08656c0419ef45e3f92de7a7,7424eea357d98b54c4652062440a1d287d509f1b7250f7eabbcc5185cde923b5,37f0f75e71de97e0b045d53af23b181e034e6c3262a1a4079d582f37471bb1b8,373bc096448cdc507d5c00c27fc9560494f830151f5b976fd48b7ebb576c2024,cc4d532031d8b49a2bf7090f5ab4c8693f9b28e9449ac04ec1b81bdaf48362b1,5498.757500909089,5498.757500909089,373bc096448cdc507d5c00c27fc9560494f830151f5b976fd48b7ebb576c2024,cc4d532031d8b49a2bf7090f5ab4c8693f9b28e9449ac04ec1b81bdaf48362b1,6c9a928b81e9f356e9963f68819f878b34687b9659b42c863c2d9c5b23b21ce4,f5813a8cda35bb54b0d3123e62701165e10068f532b0aa0fda70926f2d7ddc32
15,Bled,Koper,1.05,travel_time,seconds,5498.757500909089,5773.695375954543,5.873695375954543e-07,27119,1.221072196754764,47348,1.0757007231013478,5.734618986025453,5.933433538302779,6622513,88514776,5243.57406475141,False,7fae267d1b5f691bcdf4d543dab907175dc77b740960042b48a751bf15a2d693,923d90961262f4c4cc257099ce612a8470aa7f633416aef8d32c7ce75b0b6229,58e10b01925eabb867e4d5c253fa01fc8c347bdeca028c5810736c1c15620c74,373bc096448cdc507d5c00c27fc9560494f830151f5b976fd48b7ebb576c2024,cc4d532031d8b49a2bf7090f5ab4c8693f9b28e9449ac04ec1b81bdaf48362b1,travel_time,seconds,5498.757500909089,5773.695375954543,27119,47348,0.46022926100271905,0.4095469734757181,24903,45133,True,303.0,5243.57406475141,4613813.749411184,4668598.322761085,2499112.84226267,2594825.4442621693,0,0,False,False,False,6c9a928b81e9f356e9963f68819f878b34687b9659b42c863c2d9c5b23b21ce4,15.427249949425459,17453565,233908488,e10a5d4bb2a927d1bdcf21a41d30971a9301a82e08656c0419ef45e3f92de7a7,7424eea357d98b54c4652062440a1d287d509f1b7250f7eabbcc5185cde923b5,37f0f75e71de97e0b045d53af23b181e034e6c3262a1a4079d582f37471bb1b8,373bc096448cdc507d5c00c27fc9560494f830151f5b976fd48b7ebb576c2024,cc4d532031d8b49a2bf7090f5ab4c8693f9b28e9449ac04ec1b81bdaf48362b1,5773.695375954543,5773.695375954543,373bc096448cdc507d5c00c27fc9560494f830151f5b976fd48b7ebb576c2024,cc4d532031d8b49a2bf7090f5ab4c8693f9b28e9449ac04ec1b81bdaf48362b1,6c9a928b81e9f356e9963f68819f878b34687b9659b42c863c2d9c5b23b21ce4,f5813a8cda35bb54b0d3123e62701165e10068f532b0aa0fda70926f2d7ddc32
15,Bled,Koper,1.1,travel_time,seconds,5498.757500909089,6048.633250999998,6.148633250999998e-07,82287,3.7050911853076904,151379,3.4391843322285824,5.66568598151207,5.870157899335027,6622513,88514776,6049.817795946427,True,7fae267d1b5f691bcdf4d543dab907175dc77b740960042b48a751bf15a2d693,923d90961262f4c4cc257099ce612a8470aa7f633416aef8d32c7ce75b0b6229,58e10b01925eabb867e4d5c253fa01fc8c347bdeca028c5810736c1c15620c74,373bc096448cdc507d5c00c27fc9560494f830151f5b976fd48b7ebb576c2024,cc4d532031d8b49a2bf7090f5ab4c8693f9b28e9449ac04ec1b81bdaf48362b1,travel_time,seconds,5498.757500909089,6048.633250999998,82693,152082,1.4033606799696834,1.315466816341433,55574,104734,True,615.0,6049.817795946427,4611097.65733968,4671815.7700929865,2497098.068635338,2596735.8459247346,0,0,False,False,False,6c9a928b81e9f356e9963f68819f878b34687b9659b42c863c2d9c5b23b21ce4,15.401827986352146,17453565,233908488,e10a5d4bb2a927d1bdcf21a41d30971a9301a82e08656c0419ef45e3f92de7a7,7424eea357d98b54c4652062440a1d287d509f1b7250f7eabbcc5185cde923b5,37f0f75e71de97e0b045d53af23b181e034e6c3262a1a4079d582f37471bb1b8,373bc096448cdc507d5c00c27fc9560494f830151f5b976fd48b7ebb576c2024,cc4d532031d8b49a2bf7090f5ab4c8693f9b28e9449ac04ec1b81bdaf48362b1,6048.633250999998,6048.633250999998,373bc096448cdc507d5c00c27fc9560494f830151f5b976fd48b7ebb576c2024,cc4d532031d8b49a2bf7090f5ab4c8693f9b28e9449ac04ec1b81bdaf48362b1,6c9a928b81e9f356e9963f68819f878b34687b9659b42c863c2d9c5b23b21ce4,f5813a8cda35bb54b0d3123e62701165e10068f532b0aa0fda70926f2d7ddc32
15,Bled,Koper,1.2,travel_time,seconds,5498.757500909089,6598.509001090906,6.698509001090907e-07,194552,8.759985177293883,365355,8.300511905227104,5.543185048736632,6.017752271145582,6622513,88514776,7785.40106145346,True,7fae267d1b5f691bcdf4d543dab907175dc77b740960042b48a751bf15a2d693,923d90961262f4c4cc257099ce612a8470aa7f633416aef8d32c7ce75b0b6229,58e10b01925eabb867e4d5c253fa01fc8c347bdeca028c5810736c1c15620c74,373bc096448cdc507d5c00c27fc9560494f830151f5b976fd48b7ebb576c2024,cc4d532031d8b49a2bf7090f5ab4c8693f9b28e9449ac04ec1b81bdaf48362b1,travel_time,seconds,5498.757500909089,6598.509001090906,208376,390356,3.536293096747763,3.3764703552016435,125683,238274,True,1434.0,7785.40106145346,4605034.049634202,4678473.529772747,2494967.8600892574,2600978.9735498396,0,0,False,False,False,6c9a928b81e9f356e9963f68819f878b34687b9659b42c863c2d9c5b23b21ce4,15.368373016826808,17453565,233908488,e10a5d4bb2a927d1bdcf21a41d30971a9301a82e08656c0419ef45e3f92de7a7,7424eea357d98b54c4652062440a1d287d509f1b7250f7eabbcc5185cde923b5,37f0f75e71de97e0b045d53af23b181e034e6c3262a1a4079d582f37471bb1b8,373bc096448cdc507d5c00c27fc9560494f830151f5b976fd48b7ebb576c2024,cc4d532031d8b49a2bf7090f5ab4c8693f9b28e9449ac04ec1b81bdaf48362b1,6598.509001090906,6598.509001090906,373bc096448cdc507d5c00c27fc9560494f830151f5b976fd48b7ebb576c2024,cc4d532031d8b49a2bf7090f5ab4c8693f9b28e9449ac04ec1b81bdaf48362b1,6c9a928b81e9f356e9963f68819f878b34687b9659b42c863c2d9c5b23b21ce4,f5813a8cda35bb54b0d3123e62701165e10068f532b0aa0fda70926f2d7ddc32
15,Bled,Koper,1.4,travel_time,seconds,5498.757500909089,7698.260501272724,7.798260501272724e-07,365123,16.44019114626976,705130,16.01987097407395,5.46335696708411,5.703218746930361,6622513,88514776,10802.189942259472,True,7fae267d1b5f691bcdf4d543dab907175dc77b740960042b48a751bf15a2d693,923d90961262f4c4cc257099ce612a8470aa7f633416aef8d32c7ce75b0b6229,58e10b01925eabb867e4d5c253fa01fc8c347bdeca028c5810736c1c15620c74,373bc096448cdc507d5c00c27fc9560494f830151f5b976fd48b7ebb576c2024,cc4d532031d8b49a2bf7090f5ab4c8693f9b28e9449ac04ec1b81bdaf48362b1,travel_time,seconds,5498.757500909089,7698.260501272724,412785,790522,7.00526330259255,6.837794470008694,204409,400166,True,2997.0,11213.107202348721,4599927.099979267,4690064.377401693,2488932.3070091656,2613332.638625561,0,0,False,False,False,6c9a928b81e9f356e9963f68819f878b34687b9659b42c863c2d9c5b23b21ce4,15.222058049403131,17453565,233908488,e10a5d4bb2a927d1bdcf21a41d30971a9301a82e08656c0419ef45e3f92de7a7,7424eea357d98b54c4652062440a1d287d509f1b7250f7eabbcc5185cde923b5,37f0f75e71de97e0b045d53af23b181e034e6c3262a1a4079d582f37471bb1b8,373bc096448cdc507d5c00c27fc9560494f830151f5b976fd48b7ebb576c2024,cc4d532031d8b49a2bf7090f5ab4c8693f9b28e9449ac04ec1b81bdaf48362b1,7698.260501272724,7698.260501272724,373bc096448cdc507d5c00c27fc9560494f830151f5b976fd48b7ebb576c2024,cc4d532031d8b49a2bf7090f5ab4c8693f9b28e9449ac04ec1b81bdaf48362b1,6c9a928b81e9f356e9963f68819f878b34687b9659b42c863c2d9c5b23b21ce4,f5813a8cda35bb54b0d3123e62701165e10068f532b0aa0fda70926f2d7ddc32
15,Bled,Koper,1.6,travel_time,seconds,5498.757500909089,8798.012001454543,8.898012001454543e-07,553016,24.900345217763654,1080678,24.55195797160848,5.466500064358115,5.790022981818765,6622513,88514776,13294.195606611353,True,7fae267d1b5f691bcdf4d543dab907175dc77b740960042b48a751bf15a2d693,923d90961262f4c4cc257099ce612a8470aa7f633416aef8d32c7ce75b0b6229,58e10b01925eabb867e4d5c253fa01fc8c347bdeca028c5810736c1c15620c74,373bc096448cdc507d5c00c27fc9560494f830151f5b976fd48b7ebb576c2024,cc4d532031d8b49a2bf7090f5ab4c8693f9b28e9449ac04ec1b81bdaf48362b1,travel_time,seconds,5498.757500909089,8798.012001454543,635523,1230729,10.785290041676722,10.64546204948038,222738,440207,True,4958.0,16929.797787501757,4591960.622456171,4707179.738500929,2476788.7544932677,2623724.422537493,0,0,False,False,False,6c9a928b81e9f356e9963f68819f878b34687b9659b42c863c2d9c5b23b21ce4,15.234768041409552,17453565,233908488,e10a5d4bb2a927d1bdcf21a41d30971a9301a82e08656c0419ef45e3f92de7a7,7424eea357d98b54c4652062440a1d287d509f1b7250f7eabbcc5185cde923b5,37f0f75e71de97e0b045d53af23b181e034e6c3262a1a4079d582f37471bb1b8,373bc096448cdc507d5c00c27fc9560494f830151f5b976fd48b7ebb576c2024,cc4d532031d8b49a2bf7090f5ab4c8693f9b28e9449ac04ec1b81bdaf48362b1,8798.012001454543,8798.012001454543,373bc096448cdc507d5c00c27fc9560494f830151f5b976fd48b7ebb576c2024,cc4d532031d8b49a2bf7090f5ab4c8693f9b28e9449ac04ec1b81bdaf48362b1,6c9a928b81e9f356e9963f68819f878b34687b9659b42c863c2d9c5b23b21ce4,f5813a8cda35bb54b0d3123e62701165e10068f532b0aa0fda70926f2d7ddc32
15,Bled,Koper,2.0,travel_time,seconds,5498.757500909089,10997.515001818178,1.1097515001818177e-06,885134,39.854438504455594,1742530,39.588594682474266,5.599127965979278,5.980604619253427,6622513,88514776,16740.226783896298,True,7fae267d1b5f691bcdf4d543dab907175dc77b740960042b48a751bf15a2d693,923d90961262f4c4cc257099ce612a8470aa7f633416aef8d32c7ce75b0b6229,58e10b01925eabb867e4d5c253fa01fc8c347bdeca028c5810736c1c15620c74,373bc096448cdc507d5c00c27fc9560494f830151f5b976fd48b7ebb576c2024,cc4d532031d8b49a2bf7090f5ab4c8693f9b28e9449ac04ec1b81bdaf48362b1,travel_time,seconds,5498.757500909089,10997.515001818178,1310879,2541285,22.246575221578354,21.981405349523534,675356,1310556,True,10817.0,33253.66027152082,4550577.051820164,4733777.014333474,2455140.31219807,2636655.962175917,0,0,False,False,False,6c9a928b81e9f356e9963f68819f878b34687b9659b42c863c2d9c5b23b21ce4,15.57188993319869,17453565,233908488,e10a5d4bb2a927d1bdcf21a41d30971a9301a82e08656c0419ef45e3f92de7a7,7424eea357d98b54c4652062440a1d287d509f1b7250f7eabbcc5185cde923b5,37f0f75e71de97e0b045d53af23b181e034e6c3262a1a4079d582f37471bb1b8,373bc096448cdc507d5c00c27fc9560494f830151f5b976fd48b7ebb576c2024,cc4d532031d8b49a2bf7090f5ab4c8693f9b28e9449ac04ec1b81bdaf48362b1,10997.515001818178,10997.515001818178,373bc096448cdc507d5c00c27fc9560494f830151f5b976fd48b7ebb576c2024,cc4d532031d8b49a2bf7090f5ab4c8693f9b28e9449ac04ec1b81bdaf48362b1,6c9a928b81e9f356e9963f68819f878b34687b9659b42c863c2d9c5b23b21ce4,f5813a8cda35bb54b0d3123e62701165e10068f532b0aa0fda70926f2d7ddc32
16,Koper,Ptuj,1.0,travel_time,seconds,8641.235027545456,8641.235027545456,8.741235027545456e-07,3377,0.15205430909844897,3376,0.07669945174432183,6.205413956195116,6.511211453471333,6622513,88514776,18217.991165011877,False,7fae267d1b5f691bcdf4d543dab907175dc77b740960042b48a751bf15a2d693,923d90961262f4c4cc257099ce612a8470aa7f633416aef8d32c7ce75b0b6229,58e10b01925eabb867e4d5c253fa01fc8c347bdeca028c5810736c1c15620c74,373bc096448cdc507d5c00c27fc9560494f830151f5b976fd48b7ebb576c2024,cc4d532031d8b49a2bf7090f5ab4c8693f9b28e9449ac04ec1b81bdaf48362b1,travel_time,seconds,8641.235027545456,8641.235027545456,3377,3376,0.05731015946038505,0.0292014569243479,3377,3376,False,288.0,18217.991165011877,4611090.061491577,4770781.272628174,2498691.1572897113,2612773.7735798997,0,0,False,False,False,6c9a928b81e9f356e9963f68819f878b34687b9659b42c863c2d9c5b23b21ce4,15.969841973856091,17453565,233908488,e10a5d4bb2a927d1bdcf21a41d30971a9301a82e08656c0419ef45e3f92de7a7,7424eea357d98b54c4652062440a1d287d509f1b7250f7eabbcc5185cde923b5,37f0f75e71de97e0b045d53af23b181e034e6c3262a1a4079d582f37471bb1b8,373bc096448cdc507d5c00c27fc9560494f830151f5b976fd48b7ebb576c2024,cc4d532031d8b49a2bf7090f5ab4c8693f9b28e9449ac04ec1b81bdaf48362b1,8641.235027545456,8641.235027545456,373bc096448cdc507d5c00c27fc9560494f830151f5b976fd48b7ebb576c2024,cc4d532031d8b49a2bf7090f5ab4c8693f9b28e9449ac04ec1b81bdaf48362b1,6c9a928b81e9f356e9963f68819f878b34687b9659b42c863c2d9c5b23b21ce4,f5813a8cda35bb54b0d3123e62701165e10068f532b0aa0fda70926f2d7ddc32
16,Koper,Ptuj,1.05,travel_time,seconds,8641.235027545456,9073.29677892273,9.17329677892273e-07,110645,4.98195114900737,198789,4.516293635308647,5.80795097630471,6.094137544278055,6622513,88514776,20021.826813054406,True,7fae267d1b5f691bcdf4d543dab907175dc77b740960042b48a751bf15a2d693,923d90961262f4c4cc257099ce612a8470aa7f633416aef8d32c7ce75b0b6229,58e10b01925eabb867e4d5c253fa01fc8c347bdeca028c5810736c1c15620c74,373bc096448cdc507d5c00c27fc9560494f830151f5b976fd48b7ebb576c2024,cc4d532031d8b49a2bf7090f5ab4c8693f9b28e9449ac04ec1b81bdaf48362b1,travel_time,seconds,8641.235027545456,9073.29677892273,110645,198789,1.8777265601108393,1.719469318878612,107268,195413,True,859.0,20021.826813054406,4607598.140648905,4774543.706762373,2495653.9324359414,2615584.2023985838,0,0,False,False,False,6c9a928b81e9f356e9963f68819f878b34687b9659b42c863c2d9c5b23b21ce4,15.48179506789893,17453565,233908488,e10a5d4bb2a927d1bdcf21a41d30971a9301a82e08656c0419ef45e3f92de7a7,7424eea357d98b54c4652062440a1d287d509f1b7250f7eabbcc5185cde923b5,37f0f75e71de97e0b045d53af23b181e034e6c3262a1a4079d582f37471bb1b8,373bc096448cdc507d5c00c27fc9560494f830151f5b976fd48b7ebb576c2024,cc4d532031d8b49a2bf7090f5ab4c8693f9b28e9449ac04ec1b81bdaf48362b1,9073.29677892273,9073.29677892273,373bc096448cdc507d5c00c27fc9560494f830151f5b976fd48b7ebb576c2024,cc4d532031d8b49a2bf7090f5ab4c8693f9b28e9449ac04ec1b81bdaf48362b1,6c9a928b81e9f356e9963f68819f878b34687b9659b42c863c2d9c5b23b21ce4,f5813a8cda35bb54b0d3123e62701165e10068f532b0aa0fda70926f2d7ddc32
16,Koper,Ptuj,1.1,travel_time,seconds,8641.235027545456,9505.358530300002,9.6053585303e-07,241680,10.881991537729686,454960,10.336250759951618,5.694809020496905,5.976092384662479,6622513,88514776,21875.064773228485,True,7fae267d1b5f691bcdf4d543dab907175dc77b740960042b48a751bf15a2d693,923d90961262f4c4cc257099ce612a8470aa7f633416aef8d32c7ce75b0b6229,58e10b01925eabb867e4d5c253fa01fc8c347bdeca028c5810736c1c15620c74,373bc096448cdc507d5c00c27fc9560494f830151f5b976fd48b7ebb576c2024,cc4d532031d8b49a2bf7090f5ab4c8693f9b28e9449ac04ec1b81bdaf48362b1,travel_time,seconds,8641.235027545456,9505.358530300002,246345,462936,4.180654791906591,4.004267080192512,135700,264147,True,1824.0,21875.064773228485,4604309.3733642,4778102.744481626,2494681.855574678,2620550.0899761403,0,0,False,False,False,6c9a928b81e9f356e9963f68819f878b34687b9659b42c863c2d9c5b23b21ce4,15.314246993511915,17453565,233908488,e10a5d4bb2a927d1bdcf21a41d30971a9301a82e08656c0419ef45e3f92de7a7,7424eea357d98b54c4652062440a1d287d509f1b7250f7eabbcc5185cde923b5,37f0f75e71de97e0b045d53af23b181e034e6c3262a1a4079d582f37471bb1b8,373bc096448cdc507d5c00c27fc9560494f830151f5b976fd48b7ebb576c2024,cc4d532031d8b49a2bf7090f5ab4c8693f9b28e9449ac04ec1b81bdaf48362b1,9505.358530300002,9505.358530300002,373bc096448cdc507d5c00c27fc9560494f830151f5b976fd48b7ebb576c2024,cc4d532031d8b49a2bf7090f5ab4c8693f9b28e9449ac04ec1b81bdaf48362b1,6c9a928b81e9f356e9963f68819f878b34687b9659b42c863c2d9c5b23b21ce4,f5813a8cda35bb54b0d3123e62701165e10068f532b0aa0fda70926f2d7ddc32
16,Koper,Ptuj,1.2,travel_time,seconds,8641.235027545456,10369.482033054546,1.0469482033054546e-06,560786,25.25020070538431,1086436,24.682774157373824,5.753544974140823,5.907292023766786,6622513,88514776,26233.234724469752,True,7fae267d1b5f691bcdf4d543dab907175dc77b740960042b48a751bf15a2d693,923d90961262f4c4cc257099ce612a8470aa7f633416aef8d32c7ce75b0b6229,58e10b01925eabb867e4d5c253fa01fc8c347bdeca028c5810736c1c15620c74,373bc096448cdc507d5c00c27fc9560494f830151f5b976fd48b7ebb576c2024,cc4d532031d8b49a2bf7090f5ab4c8693f9b28e9449ac04ec1b81bdaf48362b1,travel_time,seconds,8641.235027545456,10369.482033054546,606326,1168008,10.289795601118575,10.102942920406914,359981,705072,True,4229.0,26233.234724469752,4599927.473491415,4785638.203045986,2489235.4167675423,2630494.0009505376,0,0,False,False,False,6c9a928b81e9f356e9963f68819f878b34687b9659b42c863c2d9c5b23b21ce4,15.124001074582338,17453565,233908488,e10a5d4bb2a927d1bdcf21a41d30971a9301a82e08656c0419ef45e3f92de7a7,7424eea357d98b54c4652062440a1d287d509f1b7250f7eabbcc5185cde923b5,37f0f75e71de97e0b045d53af23b181e034e6c3262a1a4079d582f37471bb1b8,373bc096448cdc507d5c00c27fc9560494f830151f5b976fd48b7ebb576c2024,cc4d532031d8b49a2bf7090f5ab4c8693f9b28e9449ac04ec1b81bdaf48362b1,10369.482033054546,10369.482033054546,373bc096448cdc507d5c00c27fc9560494f830151f5b976fd48b7ebb576c2024,cc4d532031d8b49a2bf7090f5ab4c8693f9b28e9449ac04ec1b81bdaf48362b1,6c9a928b81e9f356e9963f68819f878b34687b9659b42c863c2d9c5b23b21ce4,f5813a8cda35bb54b0d3123e62701165e10068f532b0aa0fda70926f2d7ddc32
16,Koper,Ptuj,1.4,travel_time,seconds,8641.235027545456,12097.729038563637,1.2197729038563637e-06,1265212,56.96800015489097,2493949,56.6601069248518,5.579083110205829,5.9879025793634355,6622513,88514776,30529.604371965608,True,7fae267d1b5f691bcdf4d543dab907175dc77b740960042b48a751bf15a2d693,923d90961262f4c4cc257099ce612a8470aa7f633416aef8d32c7ce75b0b6229,58e10b01925eabb867e4d5c253fa01fc8c347bdeca028c5810736c1c15620c74,373bc096448cdc507d5c00c27fc9560494f830151f5b976fd48b7ebb576c2024,cc4d532031d8b49a2bf7090f5ab4c8693f9b28e9449ac04ec1b81bdaf48362b1,travel_time,seconds,8641.235027545456,12097.729038563637,1529069,2995704,25.949419074898287,25.9120027589149,922743,1827696,True,10988.0,36597.438522200035,4590525.617564466,4799691.4135519015,2475010.616778878,2649979.1786770117,0,0,False,False,False,6c9a928b81e9f356e9963f68819f878b34687b9659b42c863c2d9c5b23b21ce4,15.520696062594652,17453565,233908488,e10a5d4bb2a927d1bdcf21a41d30971a9301a82e08656c0419ef45e3f92de7a7,7424eea357d98b54c4652062440a1d287d509f1b7250f7eabbcc5185cde923b5,37f0f75e71de97e0b045d53af23b181e034e6c3262a1a4079d582f37471bb1b8,373bc096448cdc507d5c00c27fc9560494f830151f5b976fd48b7ebb576c2024,cc4d532031d8b49a2bf7090f5ab4c8693f9b28e9449ac04ec1b81bdaf48362b1,12097.729038563637,12097.729038563637,373bc096448cdc507d5c00c27fc9560494f830151f5b976fd48b7ebb576c2024,cc4d532031d8b49a2bf7090f5ab4c8693f9b28e9449ac04ec1b81bdaf48362b1,6c9a928b81e9f356e9963f68819f878b34687b9659b42c863c2d9c5b23b21ce4,f5813a8cda35bb54b0d3123e62701165e10068f532b0aa0fda70926f2d7ddc32
16,Koper,Ptuj,1.6,travel_time,seconds,8641.235027545456,13825.97604407273,1.392597604407273e-06,1785677,80.40268951968939,3533834,80.28528742756036,5.671971011906862,6.094744254369289,6622513,88514776,34509.90140051021,True,7fae267d1b5f691bcdf4d543dab907175dc77b740960042b48a751bf15a2d693,923d90961262f4c4cc257099ce612a8470aa7f633416aef8d32c7ce75b0b6229,58e10b01925eabb867e4d5c253fa01fc8c347bdeca028c5810736c1c15620c74,373bc096448cdc507d5c00c27fc9560494f830151f5b976fd48b7ebb576c2024,cc4d532031d8b49a2bf7090f5ab4c8693f9b28e9449ac04ec1b81bdaf48362b1,travel_time,seconds,8641.235027545456,13825.97604407273,2486786,4878620,42.20257690371724,42.1987001718786,957717,1882916,True,18900.0,51332.20616925617,4568383.866434261,4814561.038696213,2455140.31219807,2663657.6401761277,0,0,False,False,False,6c9a928b81e9f356e9963f68819f878b34687b9659b42c863c2d9c5b23b21ce4,15.097251976840198,17453565,233908488,e10a5d4bb2a927d1bdcf21a41d30971a9301a82e08656c0419ef45e3f92de7a7,7424eea357d98b54c4652062440a1d287d509f1b7250f7eabbcc5185cde923b5,37f0f75e71de97e0b045d53af23b181e034e6c3262a1a4079d582f37471bb1b8,373bc096448cdc507d5c00c27fc9560494f830151f5b976fd48b7ebb576c2024,cc4d532031d8b49a2bf7090f5ab4c8693f9b28e9449ac04ec1b81bdaf48362b1,13825.97604407273,13825.97604407273,373bc096448cdc507d5c00c27fc9560494f830151f5b976fd48b7ebb576c2024,cc4d532031d8b49a2bf7090f5ab4c8693f9b28e9449ac04ec1b81bdaf48362b1,6c9a928b81e9f356e9963f68819f878b34687b9659b42c863c2d9c5b23b21ce4,f5813a8cda35bb54b0d3123e62701165e10068f532b0aa0fda70926f2d7ddc32
16,Koper,Ptuj,2.0,travel_time,seconds,8641.235027545456,17282.47005509091,1.738247005509091e-06,2110897,95.04619037991965,4186089,95.10388958913994,5.785881076008081,6.200295046437532,6622513,88514776,40387.31797867321,True,7fae267d1b5f691bcdf4d543dab907175dc77b740960042b48a751bf15a2d693,923d90961262f4c4cc257099ce612a8470aa7f633416aef8d32c7ce75b0b6229,58e10b01925eabb867e4d5c253fa01fc8c347bdeca028c5810736c1c15620c74,373bc096448cdc507d5c00c27fc9560494f830151f5b976fd48b7ebb576c2024,cc4d532031d8b49a2bf7090f5ab4c8693f9b28e9449ac04ec1b81bdaf48362b1,travel_time,seconds,8641.235027545456,17282.47005509091,4238075,8309311,71.92323187890773,71.87321896845681,1751289,3430691,True,37782.0,91068.8830548371,4518137.0167147275,4856273.839614438,2419834.04926395,2689159.591137417,97,0,True,False,True,6c9a928b81e9f356e9963f68819f878b34687b9659b42c863c2d9c5b23b21ce4,15.268292045220733,17453565,233908488,e10a5d4bb2a927d1bdcf21a41d30971a9301a82e08656c0419ef45e3f92de7a7,7424eea357d98b54c4652062440a1d287d509f1b7250f7eabbcc5185cde923b5,37f0f75e71de97e0b045d53af23b181e034e6c3262a1a4079d582f37471bb1b8,373bc096448cdc507d5c00c27fc9560494f830151f5b976fd48b7ebb576c2024,cc4d532031d8b49a2bf7090f5ab4c8693f9b28e9449ac04ec1b81bdaf48362b1,17282.47005509091,17282.47005509091,373bc096448cdc507d5c00c27fc9560494f830151f5b976fd48b7ebb576c2024,cc4d532031d8b49a2bf7090f5ab4c8693f9b28e9449ac04ec1b81bdaf48362b1,6c9a928b81e9f356e9963f68819f878b34687b9659b42c863c2d9c5b23b21ce4,f5813a8cda35bb54b0d3123e62701165e10068f532b0aa0fda70926f2d7ddc32
17,Ptuj,Velenje,1.0,travel_time,seconds,3601.44562371428,3601.44562371428,3.70144562371428e-07,1422,0.06402760661474517,1421,0.03228374435091271,6.045757909305394,6.2942939111962914,6622513,88514776,1299.3946189949984,False,7fae267d1b5f691bcdf4d543dab907175dc77b740960042b48a751bf15a2d693,923d90961262f4c4cc257099ce612a8470aa7f633416aef8d32c7ce75b0b6229,58e10b01925eabb867e4d5c253fa01fc8c347bdeca028c5810736c1c15620c74,373bc096448cdc507d5c00c27fc9560494f830151f5b976fd48b7ebb576c2024,cc4d532031d8b49a2bf7090f5ab4c8693f9b28e9449ac04ec1b81bdaf48362b1,travel_time,seconds,3601.44562371428,3601.44562371428,1422,1421,0.0241323798497683,0.012291253047837193,1422,1421,False,95.0,1299.3946189949984,4714987.006559299,4772601.6452175295,2585543.6076265858,2608096.810237176,0,0,False,False,False,6c9a928b81e9f356e9963f68819f878b34687b9659b42c863c2d9c5b23b21ce4,16.069923993200064,17453565,233908488,e10a5d4bb2a927d1bdcf21a41d30971a9301a82e08656c0419ef45e3f92de7a7,7424eea357d98b54c4652062440a1d287d509f1b7250f7eabbcc5185cde923b5,37f0f75e71de97e0b045d53af23b181e034e6c3262a1a4079d582f37471bb1b8,373bc096448cdc507d5c00c27fc9560494f830151f5b976fd48b7ebb576c2024,cc4d532031d8b49a2bf7090f5ab4c8693f9b28e9449ac04ec1b81bdaf48362b1,3601.44562371428,3601.44562371428,373bc096448cdc507d5c00c27fc9560494f830151f5b976fd48b7ebb576c2024,cc4d532031d8b49a2bf7090f5ab4c8693f9b28e9449ac04ec1b81bdaf48362b1,6c9a928b81e9f356e9963f68819f878b34687b9659b42c863c2d9c5b23b21ce4,f5813a8cda35bb54b0d3123e62701165e10068f532b0aa0fda70926f2d7ddc32
17,Ptuj,Velenje,1.05,travel_time,seconds,3601.44562371428,3781.517904899994,3.8815179048999943e-07,13757,0.6194288215183188,24443,0.5553212970931453,5.941695999354124,6.11222623847425,6622513,88514776,1761.4083221852302,False,7fae267d1b5f691bcdf4d543dab907175dc77b740960042b48a751bf15a2d693,923d90961262f4c4cc257099ce612a8470aa7f633416aef8d32c7ce75b0b6229,58e10b01925eabb867e4d5c253fa01fc8c347bdeca028c5810736c1c15620c74,373bc096448cdc507d5c00c27fc9560494f830151f5b976fd48b7ebb576c2024,cc4d532031d8b49a2bf7090f5ab4c8693f9b28e9449ac04ec1b81bdaf48362b1,travel_time,seconds,3601.44562371428,3781.517904899994,13757,24443,0.23346634992493845,0.21142512191997503,12335,23022,True,202.0,1761.4083221852302,4713153.679655523,4773758.0683475,2585051.017514743,2614115.056608308,0,0,False,False,False,6c9a928b81e9f356e9963f68819f878b34687b9659b42c863c2d9c5b23b21ce4,15.51692490465939,17453565,233908488,e10a5d4bb2a927d1bdcf21a41d30971a9301a82e08656c0419ef45e3f92de7a7,7424eea357d98b54c4652062440a1d287d509f1b7250f7eabbcc5185cde923b5,37f0f75e71de97e0b045d53af23b181e034e6c3262a1a4079d582f37471bb1b8,373bc096448cdc507d5c00c27fc9560494f830151f5b976fd48b7ebb576c2024,cc4d532031d8b49a2bf7090f5ab4c8693f9b28e9449ac04ec1b81bdaf48362b1,3781.517904899994,3781.517904899994,373bc096448cdc507d5c00c27fc9560494f830151f5b976fd48b7ebb576c2024,cc4d532031d8b49a2bf7090f5ab4c8693f9b28e9449ac04ec1b81bdaf48362b1,6c9a928b81e9f356e9963f68819f878b34687b9659b42c863c2d9c5b23b21ce4,f5813a8cda35bb54b0d3123e62701165e10068f532b0aa0fda70926f2d7ddc32
17,Ptuj,Velenje,1.1,travel_time,seconds,3601.44562371428,3961.5901860857084,4.0615901860857085e-07,35127,1.5816439785908254,65763,1.4940716958121554,5.802712985314429,6.012088106945157,6622513,88514776,2007.0223764946452,False,7fae267d1b5f691bcdf4d543dab907175dc77b740960042b48a751bf15a2d693,923d90961262f4c4cc257099ce612a8470aa7f633416aef8d32c7ce75b0b6229,58e10b01925eabb867e4d5c253fa01fc8c347bdeca028c5810736c1c15620c74,373bc096448cdc507d5c00c27fc9560494f830151f5b976fd48b7ebb576c2024,cc4d532031d8b49a2bf7090f5ab4c8693f9b28e9449ac04ec1b81bdaf48362b1,travel_time,seconds,3601.44562371428,3961.5901860857084,35127,65763,0.596130876921808,0.5688315792997307,21370,41320,True,357.0,2007.0223764946452,4711799.797595145,4775252.018870164,2583977.3368553733,2615607.78786505,0,0,False,False,False,6c9a928b81e9f356e9963f68819f878b34687b9659b42c863c2d9c5b23b21ce4,15.427807928062975,17453565,233908488,e10a5d4bb2a927d1bdcf21a41d30971a9301a82e08656c0419ef45e3f92de7a7,7424eea357d98b54c4652062440a1d287d509f1b7250f7eabbcc5185cde923b5,37f0f75e71de97e0b045d53af23b181e034e6c3262a1a4079d582f37471bb1b8,373bc096448cdc507d5c00c27fc9560494f830151f5b976fd48b7ebb576c2024,cc4d532031d8b49a2bf7090f5ab4c8693f9b28e9449ac04ec1b81bdaf48362b1,3961.5901860857084,3961.5901860857084,373bc096448cdc507d5c00c27fc9560494f830151f5b976fd48b7ebb576c2024,cc4d532031d8b49a2bf7090f5ab4c8693f9b28e9449ac04ec1b81bdaf48362b1,6c9a928b81e9f356e9963f68819f878b34687b9659b42c863c2d9c5b23b21ce4,f5813a8cda35bb54b0d3123e62701165e10068f532b0aa0fda70926f2d7ddc32
17,Ptuj,Velenje,1.2,travel_time,seconds,3601.44562371428,4321.7347484571355,4.421734748457136e-07,99315,4.471801512618437,191301,4.3461735243307205,5.573147092945874,6.05808503460139,6622513,88514776,2673.102963233065,False,7fae267d1b5f691bcdf4d543dab907175dc77b740960042b48a751bf15a2d693,923d90961262f4c4cc257099ce612a8470aa7f633416aef8d32c7ce75b0b6229,58e10b01925eabb867e4d5c253fa01fc8c347bdeca028c5810736c1c15620c74,373bc096448cdc507d5c00c27fc9560494f830151f5b976fd48b7ebb576c2024,cc4d532031d8b49a2bf7090f5ab4c8693f9b28e9449ac04ec1b81bdaf48362b1,travel_time,seconds,3601.44562371428,4321.7347484571355,99315,191301,1.6854481749505896,1.6547002106293476,64188,125538,True,836.0,2673.102963233065,4709650.035204811,4778284.672995651,2581370.757989759,2620317.608286823,0,0,False,False,False,6c9a928b81e9f356e9963f68819f878b34687b9659b42c863c2d9c5b23b21ce4,15.362787060439587,17453565,233908488,e10a5d4bb2a927d1bdcf21a41d30971a9301a82e08656c0419ef45e3f92de7a7,7424eea357d98b54c4652062440a1d287d509f1b7250f7eabbcc5185cde923b5,37f0f75e71de97e0b045d53af23b181e034e6c3262a1a4079d582f37471bb1b8,373bc096448cdc507d5c00c27fc9560494f830151f5b976fd48b7ebb576c2024,cc4d532031d8b49a2bf7090f5ab4c8693f9b28e9449ac04ec1b81bdaf48362b1,4321.7347484571355,4321.7347484571355,373bc096448cdc507d5c00c27fc9560494f830151f5b976fd48b7ebb576c2024,cc4d532031d8b49a2bf7090f5ab4c8693f9b28e9449ac04ec1b81bdaf48362b1,6c9a928b81e9f356e9963f68819f878b34687b9659b42c863c2d9c5b23b21ce4,f5813a8cda35bb54b0d3123e62701165e10068f532b0aa0fda70926f2d7ddc32
17,Ptuj,Velenje,1.4,travel_time,seconds,3601.44562371428,5042.023873199992,5.142023873199992e-07,257727,11.604530921236588,504078,11.452164169542138,5.597381037659943,5.780671467073262,6622513,88514776,4324.6111536351755,True,7fae267d1b5f691bcdf4d543dab907175dc77b740960042b48a751bf15a2d693,923d90961262f4c4cc257099ce612a8470aa7f633416aef8d32c7ce75b0b6229,58e10b01925eabb867e4d5c253fa01fc8c347bdeca028c5810736c1c15620c74,373bc096448cdc507d5c00c27fc9560494f830151f5b976fd48b7ebb576c2024,cc4d532031d8b49a2bf7090f5ab4c8693f9b28e9449ac04ec1b81bdaf48362b1,travel_time,seconds,3601.44562371428,5042.023873199992,258069,504491,4.379619645182739,4.3637062219257094,158754,313190,True,1830.0,4324.6111536351755,4702260.933253561,4784556.367493125,2576212.598956979,2628762.4298631037,0,0,False,False,False,6c9a928b81e9f356e9963f68819f878b34687b9659b42c863c2d9c5b23b21ce4,15.4082520166412,17453565,233908488,e10a5d4bb2a927d1bdcf21a41d30971a9301a82e08656c0419ef45e3f92de7a7,7424eea357d98b54c4652062440a1d287d509f1b7250f7eabbcc5185cde923b5,37f0f75e71de97e0b045d53af23b181e034e6c3262a1a4079d582f37471bb1b8,373bc096448cdc507d5c00c27fc9560494f830151f5b976fd48b7ebb576c2024,cc4d532031d8b49a2bf7090f5ab4c8693f9b28e9449ac04ec1b81bdaf48362b1,5042.023873199992,5042.023873199992,373bc096448cdc507d5c00c27fc9560494f830151f5b976fd48b7ebb576c2024,cc4d532031d8b49a2bf7090f5ab4c8693f9b28e9449ac04ec1b81bdaf48362b1,6c9a928b81e9f356e9963f68819f878b34687b9659b42c863c2d9c5b23b21ce4,f5813a8cda35bb54b0d3123e62701165e10068f532b0aa0fda70926f2d7ddc32
17,Ptuj,Velenje,1.6,travel_time,seconds,3601.44562371428,5762.312997942849,5.862312997942848e-07,419831,18.903497969532406,827193,18.793024166688628,5.581388017162681,6.076258409302682,6622513,88514776,5982.12808781832,True,7fae267d1b5f691bcdf4d543dab907175dc77b740960042b48a751bf15a2d693,923d90961262f4c4cc257099ce612a8470aa7f633416aef8d32c7ce75b0b6229,58e10b01925eabb867e4d5c253fa01fc8c347bdeca028c5810736c1c15620c74,373bc096448cdc507d5c00c27fc9560494f830151f5b976fd48b7ebb576c2024,cc4d532031d8b49a2bf7090f5ab4c8693f9b28e9449ac04ec1b81bdaf48362b1,travel_time,seconds,3601.44562371428,5762.312997942849,424038,834482,7.196234941445886,7.218036189912229,165969,329991,True,2830.0,6221.568144961333,4697532.070720262,4790450.6452186275,2572176.0142062604,2639133.2203251594,0,0,False,False,False,6c9a928b81e9f356e9963f68819f878b34687b9659b42c863c2d9c5b23b21ce4,15.372145106084645,17453565,233908488,e10a5d4bb2a927d1bdcf21a41d30971a9301a82e08656c0419ef45e3f92de7a7,7424eea357d98b54c4652062440a1d287d509f1b7250f7eabbcc5185cde923b5,37f0f75e71de97e0b045d53af23b181e034e6c3262a1a4079d582f37471bb1b8,373bc096448cdc507d5c00c27fc9560494f830151f5b976fd48b7ebb576c2024,cc4d532031d8b49a2bf7090f5ab4c8693f9b28e9449ac04ec1b81bdaf48362b1,5762.312997942849,5762.312997942849,373bc096448cdc507d5c00c27fc9560494f830151f5b976fd48b7ebb576c2024,cc4d532031d8b49a2bf7090f5ab4c8693f9b28e9449ac04ec1b81bdaf48362b1,6c9a928b81e9f356e9963f68819f878b34687b9659b42c863c2d9c5b23b21ce4,f5813a8cda35bb54b0d3123e62701165e10068f532b0aa0fda70926f2d7ddc32
17,Ptuj,Velenje,2.0,travel_time,seconds,3601.44562371428,7202.89124742856,7.30289124742856e-07,696760,31.372626712299468,1380569,31.36519117156595,6.6723700147122145,6.836173566989601,6622513,88514776,9528.475543724004,True,7fae267d1b5f691bcdf4d543dab907175dc77b740960042b48a751bf15a2d693,923d90961262f4c4cc257099ce612a8470aa7f633416aef8d32c7ce75b0b6229,58e10b01925eabb867e4d5c253fa01fc8c347bdeca028c5810736c1c15620c74,373bc096448cdc507d5c00c27fc9560494f830151f5b976fd48b7ebb576c2024,cc4d532031d8b49a2bf7090f5ab4c8693f9b28e9449ac04ec1b81bdaf48362b1,travel_time,seconds,3601.44562371428,7202.89124742856,772163,1530003,13.104170760855583,13.234098548170337,348125,695521,True,5407.0,11118.036214952132,4677465.084542986,4802188.193359665,2562487.603813597,2651629.3540508663,0,0,False,False,False,6c9a928b81e9f356e9963f68819f878b34687b9659b42c863c2d9c5b23b21ce4,15.144324046559632,17453565,233908488,e10a5d4bb2a927d1bdcf21a41d30971a9301a82e08656c0419ef45e3f92de7a7,7424eea357d98b54c4652062440a1d287d509f1b7250f7eabbcc5185cde923b5,37f0f75e71de97e0b045d53af23b181e034e6c3262a1a4079d582f37471bb1b8,373bc096448cdc507d5c00c27fc9560494f830151f5b976fd48b7ebb576c2024,cc4d532031d8b49a2bf7090f5ab4c8693f9b28e9449ac04ec1b81bdaf48362b1,7202.89124742856,7202.89124742856,373bc096448cdc507d5c00c27fc9560494f830151f5b976fd48b7ebb576c2024,cc4d532031d8b49a2bf7090f5ab4c8693f9b28e9449ac04ec1b81bdaf48362b1,6c9a928b81e9f356e9963f68819f878b34687b9659b42c863c2d9c5b23b21ce4,f5813a8cda35bb54b0d3123e62701165e10068f532b0aa0fda70926f2d7ddc32
18,Celje,Nova_Gorica,1.0,travel_time,seconds,6917.733054805192,6917.733054805192,7.017733054805193e-07,2951,0.13287304298179536,2950,0.06702114414862245,6.1744749546051025,6.394975900184363,6622513,88514776,7810.905176108002,True,7fae267d1b5f691bcdf4d543dab907175dc77b740960042b48a751bf15a2d693,923d90961262f4c4cc257099ce612a8470aa7f633416aef8d32c7ce75b0b6229,58e10b01925eabb867e4d5c253fa01fc8c347bdeca028c5810736c1c15620c74,373bc096448cdc507d5c00c27fc9560494f830151f5b976fd48b7ebb576c2024,cc4d532031d8b49a2bf7090f5ab4c8693f9b28e9449ac04ec1b81bdaf48362b1,travel_time,seconds,6917.733054805192,6917.733054805192,2951,2950,0.05008062794420974,0.025516675926192625,2951,2950,False,222.0,7810.905176108002,4603073.728611026,4728571.011034513,2524621.2959173075,2586860.9319099844,0,0,False,False,False,6c9a928b81e9f356e9963f68819f878b34687b9659b42c863c2d9c5b23b21ce4,15.839867992326617,17453565,233908488,e10a5d4bb2a927d1bdcf21a41d30971a9301a82e08656c0419ef45e3f92de7a7,7424eea357d98b54c4652062440a1d287d509f1b7250f7eabbcc5185cde923b5,37f0f75e71de97e0b045d53af23b181e034e6c3262a1a4079d582f37471bb1b8,373bc096448cdc507d5c00c27fc9560494f830151f5b976fd48b7ebb576c2024,cc4d532031d8b49a2bf7090f5ab4c8693f9b28e9449ac04ec1b81bdaf48362b1,6917.733054805192,6917.733054805192,373bc096448cdc507d5c00c27fc9560494f830151f5b976fd48b7ebb576c2024,cc4d532031d8b49a2bf7090f5ab4c8693f9b28e9449ac04ec1b81bdaf48362b1,6c9a928b81e9f356e9963f68819f878b34687b9659b42c863c2d9c5b23b21ce4,f5813a8cda35bb54b0d3123e62701165e10068f532b0aa0fda70926f2d7ddc32
18,Celje,Nova_Gorica,1.05,travel_time,seconds,6917.733054805192,7263.619707545452,7.363619707545453e-07,76771,3.456725307609424,137412,3.1218676134747487,5.872274050489068,5.964610353112221,6622513,88514776,8504.422696039175,True,7fae267d1b5f691bcdf4d543dab907175dc77b740960042b48a751bf15a2d693,923d90961262f4c4cc257099ce612a8470aa7f633416aef8d32c7ce75b0b6229,58e10b01925eabb867e4d5c253fa01fc8c347bdeca028c5810736c1c15620c74,373bc096448cdc507d5c00c27fc9560494f830151f5b976fd48b7ebb576c2024,cc4d532031d8b49a2bf7090f5ab4c8693f9b28e9449ac04ec1b81bdaf48362b1,travel_time,seconds,6917.733054805192,7263.619707545452,79889,142964,1.355774749520492,1.2365986634278652,76938,140014,True,580.0,8615.406404306656,4600420.155304854,4731455.257631155,2523427.791235508,2589176.634494719,0,0,False,False,False,6c9a928b81e9f356e9963f68819f878b34687b9659b42c863c2d9c5b23b21ce4,15.12190606445074,17453565,233908488,e10a5d4bb2a927d1bdcf21a41d30971a9301a82e08656c0419ef45e3f92de7a7,7424eea357d98b54c4652062440a1d287d509f1b7250f7eabbcc5185cde923b5,37f0f75e71de97e0b045d53af23b181e034e6c3262a1a4079d582f37471bb1b8,373bc096448cdc507d5c00c27fc9560494f830151f5b976fd48b7ebb576c2024,cc4d532031d8b49a2bf7090f5ab4c8693f9b28e9449ac04ec1b81bdaf48362b1,7263.619707545452,7263.619707545452,373bc096448cdc507d5c00c27fc9560494f830151f5b976fd48b7ebb576c2024,cc4d532031d8b49a2bf7090f5ab4c8693f9b28e9449ac04ec1b81bdaf48362b1,6c9a928b81e9f356e9963f68819f878b34687b9659b42c863c2d9c5b23b21ce4,f5813a8cda35bb54b0d3123e62701165e10068f532b0aa0fda70926f2d7ddc32
18,Celje,Nova_Gorica,1.1,travel_time,seconds,6917.733054805192,7609.506360285712,7.709506360285713e-07,161019,7.250113354078518,303419,6.89338594455284,6.0197769198566675,6.036938133183867,6622513,88514776,9971.405389138023,True,7fae267d1b5f691bcdf4d543dab907175dc77b740960042b48a751bf15a2d693,923d90961262f4c4cc257099ce612a8470aa7f633416aef8d32c7ce75b0b6229,58e10b01925eabb867e4d5c253fa01fc8c347bdeca028c5810736c1c15620c74,373bc096448cdc507d5c00c27fc9560494f830151f5b976fd48b7ebb576c2024,cc4d532031d8b49a2bf7090f5ab4c8693f9b28e9449ac04ec1b81bdaf48362b1,travel_time,seconds,6917.733054805192,7609.506360285712,166217,312852,2.8208240376152864,2.7060824057156663,86328,169888,True,1133.0,10277.308380197615,4597015.648706174,4737295.176775385,2519071.5982848285,2592334.6646898356,0,0,False,False,False,6c9a928b81e9f356e9963f68819f878b34687b9659b42c863c2d9c5b23b21ce4,15.090478002093732,17453565,233908488,e10a5d4bb2a927d1bdcf21a41d30971a9301a82e08656c0419ef45e3f92de7a7,7424eea357d98b54c4652062440a1d287d509f1b7250f7eabbcc5185cde923b5,37f0f75e71de97e0b045d53af23b181e034e6c3262a1a4079d582f37471bb1b8,373bc096448cdc507d5c00c27fc9560494f830151f5b976fd48b7ebb576c2024,cc4d532031d8b49a2bf7090f5ab4c8693f9b28e9449ac04ec1b81bdaf48362b1,7609.506360285712,7609.506360285712,373bc096448cdc507d5c00c27fc9560494f830151f5b976fd48b7ebb576c2024,cc4d532031d8b49a2bf7090f5ab4c8693f9b28e9449ac04ec1b81bdaf48362b1,6c9a928b81e9f356e9963f68819f878b34687b9659b42c863c2d9c5b23b21ce4,f5813a8cda35bb54b0d3123e62701165e10068f532b0aa0fda70926f2d7ddc32
18,Celje,Nova_Gorica,1.2,travel_time,seconds,6917.733054805192,8301.279665766231,8.401279665766231e-07,314189,14.146814131280008,606396,13.776730076999343,6.117484997957945,6.1247768346220255,6622513,88514776,12100.463218901326,True,7fae267d1b5f691bcdf4d543dab907175dc77b740960042b48a751bf15a2d693,923d90961262f4c4cc257099ce612a8470aa7f633416aef8d32c7ce75b0b6229,58e10b01925eabb867e4d5c253fa01fc8c347bdeca028c5810736c1c15620c74,373bc096448cdc507d5c00c27fc9560494f830151f5b976fd48b7ebb576c2024,cc4d532031d8b49a2bf7090f5ab4c8693f9b28e9449ac04ec1b81bdaf48362b1,travel_time,seconds,6917.733054805192,8301.279665766231,328583,632260,5.576293789153598,5.4688723800320505,162366,319408,True,2549.0,13067.968208942197,4587490.207834337,4742790.325598161,2512101.1691130633,2596247.713218172,0,0,False,False,False,6c9a928b81e9f356e9963f68819f878b34687b9659b42c863c2d9c5b23b21ce4,15.19670500420034,17453565,233908488,e10a5d4bb2a927d1bdcf21a41d30971a9301a82e08656c0419ef45e3f92de7a7,7424eea357d98b54c4652062440a1d287d509f1b7250f7eabbcc5185cde923b5,37f0f75e71de97e0b045d53af23b181e034e6c3262a1a4079d582f37471bb1b8,373bc096448cdc507d5c00c27fc9560494f830151f5b976fd48b7ebb576c2024,cc4d532031d8b49a2bf7090f5ab4c8693f9b28e9449ac04ec1b81bdaf48362b1,8301.279665766231,8301.279665766231,373bc096448cdc507d5c00c27fc9560494f830151f5b976fd48b7ebb576c2024,cc4d532031d8b49a2bf7090f5ab4c8693f9b28e9449ac04ec1b81bdaf48362b1,6c9a928b81e9f356e9963f68819f878b34687b9659b42c863c2d9c5b23b21ce4,f5813a8cda35bb54b0d3123e62701165e10068f532b0aa0fda70926f2d7ddc32
18,Celje,Nova_Gorica,1.4,travel_time,seconds,6917.733054805192,9684.826276727268,9.784826276727267e-07,768457,34.600887831467816,1511248,34.334091543158436,5.78190095257014,5.96305294893682,6622513,88514776,18089.97871310974,True,7fae267d1b5f691bcdf4d543dab907175dc77b740960042b48a751bf15a2d693,923d90961262f4c4cc257099ce612a8470aa7f633416aef8d32c7ce75b0b6229,58e10b01925eabb867e4d5c253fa01fc8c347bdeca028c5810736c1c15620c74,373bc096448cdc507d5c00c27fc9560494f830151f5b976fd48b7ebb576c2024,cc4d532031d8b49a2bf7090f5ab4c8693f9b28e9449ac04ec1b81bdaf48362b1,travel_time,seconds,6917.733054805192,9684.826276727268,875244,1704977,14.853530709726163,14.747574769699025,546661,1072717,True,6422.0,20823.48643388206,4570489.007827119,4757550.558146616,2498798.9813129604,2610117.8835583227,0,0,False,False,False,6c9a928b81e9f356e9963f68819f878b34687b9659b42c863c2d9c5b23b21ce4,15.325422049500048,17453565,233908488,e10a5d4bb2a927d1bdcf21a41d30971a9301a82e08656c0419ef45e3f92de7a7,7424eea357d98b54c4652062440a1d287d509f1b7250f7eabbcc5185cde923b5,37f0f75e71de97e0b045d53af23b181e034e6c3262a1a4079d582f37471bb1b8,373bc096448cdc507d5c00c27fc9560494f830151f5b976fd48b7ebb576c2024,cc4d532031d8b49a2bf7090f5ab4c8693f9b28e9449ac04ec1b81bdaf48362b1,9684.826276727268,9684.826276727268,373bc096448cdc507d5c00c27fc9560494f830151f5b976fd48b7ebb576c2024,cc4d532031d8b49a2bf7090f5ab4c8693f9b28e9449ac04ec1b81bdaf48362b1,6c9a928b81e9f356e9963f68819f878b34687b9659b42c863c2d9c5b23b21ce4,f5813a8cda35bb54b0d3123e62701165e10068f532b0aa0fda70926f2d7ddc32
18,Celje,Nova_Gorica,1.6,travel_time,seconds,6917.733054805192,11068.372887688309,1.1168372887688308e-06,1320374,59.451748984766205,2606446,59.21592985816963,5.986394011415541,6.15560399601236,6622513,88514776,24338.01477448578,True,7fae267d1b5f691bcdf4d543dab907175dc77b740960042b48a751bf15a2d693,923d90961262f4c4cc257099ce612a8470aa7f633416aef8d32c7ce75b0b6229,58e10b01925eabb867e4d5c253fa01fc8c347bdeca028c5810736c1c15620c74,373bc096448cdc507d5c00c27fc9560494f830151f5b976fd48b7ebb576c2024,cc4d532031d8b49a2bf7090f5ab4c8693f9b28e9449ac04ec1b81bdaf48362b1,travel_time,seconds,6917.733054805192,11068.372887688309,1476769,2888909,25.061849830072067,24.988255841783463,601525,1183932,True,10985.0,29634.16754183215,4555279.00258931,4771820.826975205,2491407.4344018376,2628259.368783907,0,0,False,False,False,6c9a928b81e9f356e9963f68819f878b34687b9659b42c863c2d9c5b23b21ce4,15.478232991881669,17453565,233908488,e10a5d4bb2a927d1bdcf21a41d30971a9301a82e08656c0419ef45e3f92de7a7,7424eea357d98b54c4652062440a1d287d509f1b7250f7eabbcc5185cde923b5,37f0f75e71de97e0b045d53af23b181e034e6c3262a1a4079d582f37471bb1b8,373bc096448cdc507d5c00c27fc9560494f830151f5b976fd48b7ebb576c2024,cc4d532031d8b49a2bf7090f5ab4c8693f9b28e9449ac04ec1b81bdaf48362b1,11068.372887688309,11068.372887688309,373bc096448cdc507d5c00c27fc9560494f830151f5b976fd48b7ebb576c2024,cc4d532031d8b49a2bf7090f5ab4c8693f9b28e9449ac04ec1b81bdaf48362b1,6c9a928b81e9f356e9963f68819f878b34687b9659b42c863c2d9c5b23b21ce4,f5813a8cda35bb54b0d3123e62701165e10068f532b0aa0fda70926f2d7ddc32
18,Celje,Nova_Gorica,2.0,travel_time,seconds,6917.733054805192,13835.466109610385,1.3935466109610385e-06,1907438,85.88515464558108,3779227,85.86037882622576,6.0265520587563515,6.099779612850398,6622513,88514776,32640.31083296139,True,7fae267d1b5f691bcdf4d543dab907175dc77b740960042b48a751bf15a2d693,923d90961262f4c4cc257099ce612a8470aa7f633416aef8d32c7ce75b0b6229,58e10b01925eabb867e4d5c253fa01fc8c347bdeca028c5810736c1c15620c74,373bc096448cdc507d5c00c27fc9560494f830151f5b976fd48b7ebb576c2024,cc4d532031d8b49a2bf7090f5ab4c8693f9b28e9449ac04ec1b81bdaf48362b1,travel_time,seconds,6917.733054805192,13835.466109610385,2614227,5107667,44.36534386604798,44.17989273827407,1137458,2218758,True,20732.0,50930.63204728762,4517061.348023852,4796269.6337721925,2473617.6667273673,2656028.557259438,0,0,False,False,False,6c9a928b81e9f356e9963f68819f878b34687b9659b42c863c2d9c5b23b21ce4,15.123512013815343,17453565,233908488,e10a5d4bb2a927d1bdcf21a41d30971a9301a82e08656c0419ef45e3f92de7a7,7424eea357d98b54c4652062440a1d287d509f1b7250f7eabbcc5185cde923b5,37f0f75e71de97e0b045d53af23b181e034e6c3262a1a4079d582f37471bb1b8,373bc096448cdc507d5c00c27fc9560494f830151f5b976fd48b7ebb576c2024,cc4d532031d8b49a2bf7090f5ab4c8693f9b28e9449ac04ec1b81bdaf48362b1,13835.466109610385,13835.466109610385,373bc096448cdc507d5c00c27fc9560494f830151f5b976fd48b7ebb576c2024,cc4d532031d8b49a2bf7090f5ab4c8693f9b28e9449ac04ec1b81bdaf48362b1,6c9a928b81e9f356e9963f68819f878b34687b9659b42c863c2d9c5b23b21ce4,f5813a8cda35bb54b0d3123e62701165e10068f532b0aa0fda70926f2d7ddc32
19,Piran,Murska_Sobota,1.0,travel_time,seconds,10950.250636649349,10950.250636649349,1.1050250636649348e-06,4719,0.21247980001053618,4718,0.10718839257396635,5.859773023985326,6.144262047018856,6622513,88514776,27301.40609866437,False,7fae267d1b5f691bcdf4d543dab907175dc77b740960042b48a751bf15a2d693,923d90961262f4c4cc257099ce612a8470aa7f633416aef8d32c7ce75b0b6229,58e10b01925eabb867e4d5c253fa01fc8c347bdeca028c5810736c1c15620c74,373bc096448cdc507d5c00c27fc9560494f830151f5b976fd48b7ebb576c2024,cc4d532031d8b49a2bf7090f5ab4c8693f9b28e9449ac04ec1b81bdaf48362b1,travel_time,seconds,10950.250636649349,10950.250636649349,4719,4718,0.08008488080946315,0.040809382040602304,4719,4718,False,366.0,27301.40609866437,4599863.109548703,4793544.5333455745,2496134.582879896,2637094.9577235742,0,0,False,False,False,6c9a928b81e9f356e9963f68819f878b34687b9659b42c863c2d9c5b23b21ce4,15.972984954714775,17453565,233908488,e10a5d4bb2a927d1bdcf21a41d30971a9301a82e08656c0419ef45e3f92de7a7,7424eea357d98b54c4652062440a1d287d509f1b7250f7eabbcc5185cde923b5,37f0f75e71de97e0b045d53af23b181e034e6c3262a1a4079d582f37471bb1b8,373bc096448cdc507d5c00c27fc9560494f830151f5b976fd48b7ebb576c2024,cc4d532031d8b49a2bf7090f5ab4c8693f9b28e9449ac04ec1b81bdaf48362b1,10950.250636649349,10950.250636649349,373bc096448cdc507d5c00c27fc9560494f830151f5b976fd48b7ebb576c2024,cc4d532031d8b49a2bf7090f5ab4c8693f9b28e9449ac04ec1b81bdaf48362b1,6c9a928b81e9f356e9963f68819f878b34687b9659b42c863c2d9c5b23b21ce4,f5813a8cda35bb54b0d3123e62701165e10068f532b0aa0fda70926f2d7ddc32
19,Piran,Murska_Sobota,1.05,travel_time,seconds,10950.250636649349,11497.763168481817,1.1597763168481817e-06,178361,8.030961985522197,327847,7.448366456167263,5.877721938304603,5.92649927129969,6622513,88514776,29743.44590169312,True,7fae267d1b5f691bcdf4d543dab907175dc77b740960042b48a751bf15a2d693,923d90961262f4c4cc257099ce612a8470aa7f633416aef8d32c7ce75b0b6229,58e10b01925eabb867e4d5c253fa01fc8c347bdeca028c5810736c1c15620c74,373bc096448cdc507d5c00c27fc9560494f830151f5b976fd48b7ebb576c2024,cc4d532031d8b49a2bf7090f5ab4c8693f9b28e9449ac04ec1b81bdaf48362b1,travel_time,seconds,10950.250636649349,11497.763168481817,178722,328483,3.0330430320044233,2.8412861892418753,174003,323765,True,1292.0,29743.44590169312,4599863.109548703,4800511.515524901,2492688.538380178,2640925.1802661913,0,0,False,False,False,6c9a928b81e9f356e9963f68819f878b34687b9659b42c863c2d9c5b23b21ce4,15.328844077885151,17453565,233908488,e10a5d4bb2a927d1bdcf21a41d30971a9301a82e08656c0419ef45e3f92de7a7,7424eea357d98b54c4652062440a1d287d509f1b7250f7eabbcc5185cde923b5,37f0f75e71de97e0b045d53af23b181e034e6c3262a1a4079d582f37471bb1b8,373bc096448cdc507d5c00c27fc9560494f830151f5b976fd48b7ebb576c2024,cc4d532031d8b49a2bf7090f5ab4c8693f9b28e9449ac04ec1b81bdaf48362b1,11497.763168481817,11497.763168481817,373bc096448cdc507d5c00c27fc9560494f830151f5b976fd48b7ebb576c2024,cc4d532031d8b49a2bf7090f5ab4c8693f9b28e9449ac04ec1b81bdaf48362b1,6c9a928b81e9f356e9963f68819f878b34687b9659b42c863c2d9c5b23b21ce4,f5813a8cda35bb54b0d3123e62701165e10068f532b0aa0fda70926f2d7ddc32
19,Piran,Murska_Sobota,1.1,travel_time,seconds,10950.250636649349,12045.275700314285,1.2145275700314286e-06,396168,17.838037171132466,755887,17.173020876972807,5.832255934365094,5.84331878926605,6622513,88514776,32212.248337167555,True,7fae267d1b5f691bcdf4d543dab907175dc77b740960042b48a751bf15a2d693,923d90961262f4c4cc257099ce612a8470aa7f633416aef8d32c7ce75b0b6229,58e10b01925eabb867e4d5c253fa01fc8c347bdeca028c5810736c1c15620c74,373bc096448cdc507d5c00c27fc9560494f830151f5b976fd48b7ebb576c2024,cc4d532031d8b49a2bf7090f5ab4c8693f9b28e9449ac04ec1b81bdaf48362b1,travel_time,seconds,10950.250636649349,12045.275700314285,417858,795712,7.091355822267568,6.882686520197487,239136,467229,True,3050.0,32439.04210283449,4599863.109548703,4806194.8366176,2488111.1453151023,2645329.051468733,0,0,False,False,False,6c9a928b81e9f356e9963f68819f878b34687b9659b42c863c2d9c5b23b21ce4,15.149842016398907,17453565,233908488,e10a5d4bb2a927d1bdcf21a41d30971a9301a82e08656c0419ef45e3f92de7a7,7424eea357d98b54c4652062440a1d287d509f1b7250f7eabbcc5185cde923b5,37f0f75e71de97e0b045d53af23b181e034e6c3262a1a4079d582f37471bb1b8,373bc096448cdc507d5c00c27fc9560494f830151f5b976fd48b7ebb576c2024,cc4d532031d8b49a2bf7090f5ab4c8693f9b28e9449ac04ec1b81bdaf48362b1,12045.275700314285,12045.275700314285,373bc096448cdc507d5c00c27fc9560494f830151f5b976fd48b7ebb576c2024,cc4d532031d8b49a2bf7090f5ab4c8693f9b28e9449ac04ec1b81bdaf48362b1,6c9a928b81e9f356e9963f68819f878b34687b9659b42c863c2d9c5b23b21ce4,f5813a8cda35bb54b0d3123e62701165e10068f532b0aa0fda70926f2d7ddc32
19,Piran,Murska_Sobota,1.2,travel_time,seconds,10950.250636649349,13140.300763979218,1.3240300763979217e-06,865573,38.97367618870944,1692055,38.44185154657538,5.786719033494592,5.792439368087798,6622513,88514776,35792.893940505324,True,7fae267d1b5f691bcdf4d543dab907175dc77b740960042b48a751bf15a2d693,923d90961262f4c4cc257099ce612a8470aa7f633416aef8d32c7ce75b0b6229,58e10b01925eabb867e4d5c253fa01fc8c347bdeca028c5810736c1c15620c74,373bc096448cdc507d5c00c27fc9560494f830151f5b976fd48b7ebb576c2024,cc4d532031d8b49a2bf7090f5ab4c8693f9b28e9449ac04ec1b81bdaf48362b1,travel_time,seconds,10950.250636649349,13140.300763979218,945204,1840186,16.040803068579745,15.91709484946329,527346,1044474,True,7057.0,39392.086662847185,4597084.611245333,4818524.323460866,2475010.616778878,2652901.4127374003,0,0,False,False,False,6c9a928b81e9f356e9963f68819f878b34687b9659b42c863c2d9c5b23b21ce4,15.144604025408626,17453565,233908488,e10a5d4bb2a927d1bdcf21a41d30971a9301a82e08656c0419ef45e3f92de7a7,7424eea357d98b54c4652062440a1d287d509f1b7250f7eabbcc5185cde923b5,37f0f75e71de97e0b045d53af23b181e034e6c3262a1a4079d582f37471bb1b8,373bc096448cdc507d5c00c27fc9560494f830151f5b976fd48b7ebb576c2024,cc4d532031d8b49a2bf7090f5ab4c8693f9b28e9449ac04ec1b81bdaf48362b1,13140.300763979218,13140.300763979218,373bc096448cdc507d5c00c27fc9560494f830151f5b976fd48b7ebb576c2024,cc4d532031d8b49a2bf7090f5ab4c8693f9b28e9449ac04ec1b81bdaf48362b1,6c9a928b81e9f356e9963f68819f878b34687b9659b42c863c2d9c5b23b21ce4,f5813a8cda35bb54b0d3123e62701165e10068f532b0aa0fda70926f2d7ddc32
19,Piran,Murska_Sobota,1.4,travel_time,seconds,10950.250636649349,15330.350891309088,1.5430350891309087e-06,1691593,76.1664213475785,3344759,75.98968646827197,5.820173071697354,5.956320534460247,6622513,88514776,39348.22997995903,True,7fae267d1b5f691bcdf4d543dab907175dc77b740960042b48a751bf15a2d693,923d90961262f4c4cc257099ce612a8470aa7f633416aef8d32c7ce75b0b6229,58e10b01925eabb867e4d5c253fa01fc8c347bdeca028c5810736c1c15620c74,373bc096448cdc507d5c00c27fc9560494f830151f5b976fd48b7ebb576c2024,cc4d532031d8b49a2bf7090f5ab4c8693f9b28e9449ac04ec1b81bdaf48362b1,travel_time,seconds,10950.250636649349,15330.350891309088,2147041,4223467,36.436855812254834,36.53180973693864,1201837,2383281,True,16903.0,57204.26523935221,4576993.537815001,4845037.3713536365,2454252.1455048597,2667665.990860518,0,0,False,False,False,6c9a928b81e9f356e9963f68819f878b34687b9659b42c863c2d9c5b23b21ce4,15.082446043379605,17453565,233908488,e10a5d4bb2a927d1bdcf21a41d30971a9301a82e08656c0419ef45e3f92de7a7,7424eea357d98b54c4652062440a1d287d509f1b7250f7eabbcc5185cde923b5,37f0f75e71de97e0b045d53af23b181e034e6c3262a1a4079d582f37471bb1b8,373bc096448cdc507d5c00c27fc9560494f830151f5b976fd48b7ebb576c2024,cc4d532031d8b49a2bf7090f5ab4c8693f9b28e9449ac04ec1b81bdaf48362b1,15330.350891309088,15330.350891309088,373bc096448cdc507d5c00c27fc9560494f830151f5b976fd48b7ebb576c2024,cc4d532031d8b49a2bf7090f5ab4c8693f9b28e9449ac04ec1b81bdaf48362b1,6c9a928b81e9f356e9963f68819f878b34687b9659b42c863c2d9c5b23b21ce4,f5813a8cda35bb54b0d3123e62701165e10068f532b0aa0fda70926f2d7ddc32
19,Piran,Murska_Sobota,1.6,travel_time,seconds,10950.250636649349,17520.40101863896,1.762040101863896e-06,1981938,89.23962489368131,3927216,89.22254564026322,5.831906921230257,5.97119644517079,6622513,88514776,39878.489632589706,True,7fae267d1b5f691bcdf4d543dab907175dc77b740960042b48a751bf15a2d693,923d90961262f4c4cc257099ce612a8470aa7f633416aef8d32c7ce75b0b6229,58e10b01925eabb867e4d5c253fa01fc8c347bdeca028c5810736c1c15620c74,373bc096448cdc507d5c00c27fc9560494f830151f5b976fd48b7ebb576c2024,cc4d532031d8b49a2bf7090f5ab4c8693f9b28e9449ac04ec1b81bdaf48362b1,travel_time,seconds,10950.250636649349,17520.40101863896,3405455,6677265,57.7930616183493,57.75647697569783,1258414,2453798,True,29501.0,83522.95101593476,4553349.888956491,4875287.136140795,2426062.0967134144,2685500.703915392,0,0,False,False,False,6c9a928b81e9f356e9963f68819f878b34687b9659b42c863c2d9c5b23b21ce4,15.08216594811529,17453565,233908488,e10a5d4bb2a927d1bdcf21a41d30971a9301a82e08656c0419ef45e3f92de7a7,7424eea357d98b54c4652062440a1d287d509f1b7250f7eabbcc5185cde923b5,37f0f75e71de97e0b045d53af23b181e034e6c3262a1a4079d582f37471bb1b8,373bc096448cdc507d5c00c27fc9560494f830151f5b976fd48b7ebb576c2024,cc4d532031d8b49a2bf7090f5ab4c8693f9b28e9449ac04ec1b81bdaf48362b1,17520.40101863896,17520.40101863896,373bc096448cdc507d5c00c27fc9560494f830151f5b976fd48b7ebb576c2024,cc4d532031d8b49a2bf7090f5ab4c8693f9b28e9449ac04ec1b81bdaf48362b1,6c9a928b81e9f356e9963f68819f878b34687b9659b42c863c2d9c5b23b21ce4,f5813a8cda35bb54b0d3123e62701165e10068f532b0aa0fda70926f2d7ddc32
19,Piran,Murska_Sobota,2.0,travel_time,seconds,10950.250636649349,21900.501273298698,2.2000501273298697e-06,2163951,97.43502346102984,4292795,97.52814660863923,5.909849074669182,6.091944244690239,6622513,88514776,42085.86118670127,True,7fae267d1b5f691bcdf4d543dab907175dc77b740960042b48a751bf15a2d693,923d90961262f4c4cc257099ce612a8470aa7f633416aef8d32c7ce75b0b6229,58e10b01925eabb867e4d5c253fa01fc8c347bdeca028c5810736c1c15620c74,373bc096448cdc507d5c00c27fc9560494f830151f5b976fd48b7ebb576c2024,cc4d532031d8b49a2bf7090f5ab4c8693f9b28e9449ac04ec1b81bdaf48362b1,travel_time,seconds,10950.250636649349,21900.501273298698,5307081,10411281,90.06504541876807,90.05467228933108,1901626,3734016,True,52302.0,126804.36948030927,4503303.542965318,4900412.238053272,2414944.602299591,2734263.647812367,8662,0,True,False,True,6c9a928b81e9f356e9963f68819f878b34687b9659b42c863c2d9c5b23b21ce4,15.033975942060351,17453565,233908488,e10a5d4bb2a927d1bdcf21a41d30971a9301a82e08656c0419ef45e3f92de7a7,7424eea357d98b54c4652062440a1d287d509f1b7250f7eabbcc5185cde923b5,37f0f75e71de97e0b045d53af23b181e034e6c3262a1a4079d582f37471bb1b8,373bc096448cdc507d5c00c27fc9560494f830151f5b976fd48b7ebb576c2024,cc4d532031d8b49a2bf7090f5ab4c8693f9b28e9449ac04ec1b81bdaf48362b1,21900.501273298698,21900.501273298698,373bc096448cdc507d5c00c27fc9560494f830151f5b976fd48b7ebb576c2024,cc4d532031d8b49a2bf7090f5ab4c8693f9b28e9449ac04ec1b81bdaf48362b1,6c9a928b81e9f356e9963f68819f878b34687b9659b42c863c2d9c5b23b21ce4,f5813a8cda35bb54b0d3123e62701165e10068f532b0aa0fda70926f2d7ddc32
20,Ljubljana,Novo_mesto,1.0,travel_time,seconds,2598.9966687272768,2598.9966687272768,2.698996668727277e-07,1428,0.06429776529244452,1427,0.03242005854240144,6.078095058910549,6.373143813107163,6622513,88514776,1212.8517406349085,False,7fae267d1b5f691bcdf4d543dab907175dc77b740960042b48a751bf15a2d693,923d90961262f4c4cc257099ce612a8470aa7f633416aef8d32c7ce75b0b6229,58e10b01925eabb867e4d5c253fa01fc8c347bdeca028c5810736c1c15620c74,373bc096448cdc507d5c00c27fc9560494f830151f5b976fd48b7ebb576c2024,cc4d532031d8b49a2bf7090f5ab4c8693f9b28e9449ac04ec1b81bdaf48362b1,travel_time,seconds,2598.9966687272768,2598.9966687272768,1428,1427,0.024234204237320065,0.012343151371754874,1428,1427,False,81.0,1212.8517406349085,4670238.087539117,4722183.992865454,2536196.458461247,2559544.8192803618,0,0,False,False,False,6c9a928b81e9f356e9963f68819f878b34687b9659b42c863c2d9c5b23b21ce4,15.494295977987349,17453565,233908488,e10a5d4bb2a927d1bdcf21a41d30971a9301a82e08656c0419ef45e3f92de7a7,7424eea357d98b54c4652062440a1d287d509f1b7250f7eabbcc5185cde923b5,37f0f75e71de97e0b045d53af23b181e034e6c3262a1a4079d582f37471bb1b8,373bc096448cdc507d5c00c27fc9560494f830151f5b976fd48b7ebb576c2024,cc4d532031d8b49a2bf7090f5ab4c8693f9b28e9449ac04ec1b81bdaf48362b1,2598.9966687272768,2598.9966687272768,373bc096448cdc507d5c00c27fc9560494f830151f5b976fd48b7ebb576c2024,cc4d532031d8b49a2bf7090f5ab4c8693f9b28e9449ac04ec1b81bdaf48362b1,6c9a928b81e9f356e9963f68819f878b34687b9659b42c863c2d9c5b23b21ce4,f5813a8cda35bb54b0d3123e62701165e10068f532b0aa0fda70926f2d7ddc32
20,Ljubljana,Novo_mesto,1.05,travel_time,seconds,2598.9966687272768,2728.9465021636406,2.828946502163641e-07,10575,0.4761546694450986,18099,0.41119175862573487,5.5671409936621785,5.7777725625783205,6622513,88514776,1364.2538715350142,False,7fae267d1b5f691bcdf4d543dab907175dc77b740960042b48a751bf15a2d693,923d90961262f4c4cc257099ce612a8470aa7f633416aef8d32c7ce75b0b6229,58e10b01925eabb867e4d5c253fa01fc8c347bdeca028c5810736c1c15620c74,373bc096448cdc507d5c00c27fc9560494f830151f5b976fd48b7ebb576c2024,cc4d532031d8b49a2bf7090f5ab4c8693f9b28e9449ac04ec1b81bdaf48362b1,travel_time,seconds,2598.9966687272768,2728.9465021636406,10575,18099,0.17946548305998578,0.15655129409768148,9147,16672,True,128.0,1364.2538715350142,4668816.103409885,4723720.699236191,2535434.304862623,2560282.0220892634,0,0,False,False,False,6c9a928b81e9f356e9963f68819f878b34687b9659b42c863c2d9c5b23b21ce4,15.249714022502303,17453565,233908488,e10a5d4bb2a927d1bdcf21a41d30971a9301a82e08656c0419ef45e3f92de7a7,7424eea357d98b54c4652062440a1d287d509f1b7250f7eabbcc5185cde923b5,37f0f75e71de97e0b045d53af23b181e034e6c3262a1a4079d582f37471bb1b8,373bc096448cdc507d5c00c27fc9560494f830151f5b976fd48b7ebb576c2024,cc4d532031d8b49a2bf7090f5ab4c8693f9b28e9449ac04ec1b81bdaf48362b1,2728.9465021636406,2728.9465021636406,373bc096448cdc507d5c00c27fc9560494f830151f5b976fd48b7ebb576c2024,cc4d532031d8b49a2bf7090f5ab4c8693f9b28e9449ac04ec1b81bdaf48362b1,6c9a928b81e9f356e9963f68819f878b34687b9659b42c863c2d9c5b23b21ce4,f5813a8cda35bb54b0d3123e62701165e10068f532b0aa0fda70926f2d7ddc32
20,Ljubljana,Novo_mesto,1.1,travel_time,seconds,2598.9966687272768,2858.8963356000045,2.9588963356000046e-07,25687,1.1565943256771865,44674,1.0149500317612066,5.536131095141172,5.564479215536267,6622513,88514776,1584.8178528351787,False,7fae267d1b5f691bcdf4d543dab907175dc77b740960042b48a751bf15a2d693,923d90961262f4c4cc257099ce612a8470aa7f633416aef8d32c7ce75b0b6229,58e10b01925eabb867e4d5c253fa01fc8c347bdeca028c5810736c1c15620c74,373bc096448cdc507d5c00c27fc9560494f830151f5b976fd48b7ebb576c2024,cc4d532031d8b49a2bf7090f5ab4c8693f9b28e9449ac04ec1b81bdaf48362b1,travel_time,seconds,2598.9966687272768,2858.8963356000045,25687,44674,0.4359271738403645,0.38641762044973876,15112,26575,True,177.0,1584.8178528351787,4666147.8464166215,4724529.06331871,2534637.591763477,2561783.6146957,0,0,False,False,False,6c9a928b81e9f356e9963f68819f878b34687b9659b42c863c2d9c5b23b21ce4,15.422848984599113,17453565,233908488,e10a5d4bb2a927d1bdcf21a41d30971a9301a82e08656c0419ef45e3f92de7a7,7424eea357d98b54c4652062440a1d287d509f1b7250f7eabbcc5185cde923b5,37f0f75e71de97e0b045d53af23b181e034e6c3262a1a4079d582f37471bb1b8,373bc096448cdc507d5c00c27fc9560494f830151f5b976fd48b7ebb576c2024,cc4d532031d8b49a2bf7090f5ab4c8693f9b28e9449ac04ec1b81bdaf48362b1,2858.8963356000045,2858.8963356000045,373bc096448cdc507d5c00c27fc9560494f830151f5b976fd48b7ebb576c2024,cc4d532031d8b49a2bf7090f5ab4c8693f9b28e9449ac04ec1b81bdaf48362b1,6c9a928b81e9f356e9963f68819f878b34687b9659b42c863c2d9c5b23b21ce4,f5813a8cda35bb54b0d3123e62701165e10068f532b0aa0fda70926f2d7ddc32
20,Ljubljana,Novo_mesto,1.2,travel_time,seconds,2598.9966687272768,3118.796002472732,3.218796002472732e-07,66094,2.975977940643437,120689,2.741937242763761,5.547655047848821,5.590522929560393,6622513,88514776,1949.84287175962,False,7fae267d1b5f691bcdf4d543dab907175dc77b740960042b48a751bf15a2d693,923d90961262f4c4cc257099ce612a8470aa7f633416aef8d32c7ce75b0b6229,58e10b01925eabb867e4d5c253fa01fc8c347bdeca028c5810736c1c15620c74,373bc096448cdc507d5c00c27fc9560494f830151f5b976fd48b7ebb576c2024,cc4d532031d8b49a2bf7090f5ab4c8693f9b28e9449ac04ec1b81bdaf48362b1,travel_time,seconds,2598.9966687272768,3118.796002472732,66094,120689,1.1216635118077256,1.0439261358834786,40407,76015,True,351.0,1949.84287175962,4663937.996501701,4726063.976662392,2533166.2602223293,2564551.5658016745,0,0,False,False,False,6c9a928b81e9f356e9963f68819f878b34687b9659b42c863c2d9c5b23b21ce4,15.160668059252203,17453565,233908488,e10a5d4bb2a927d1bdcf21a41d30971a9301a82e08656c0419ef45e3f92de7a7,7424eea357d98b54c4652062440a1d287d509f1b7250f7eabbcc5185cde923b5,37f0f75e71de97e0b045d53af23b181e034e6c3262a1a4079d582f37471bb1b8,373bc096448cdc507d5c00c27fc9560494f830151f5b976fd48b7ebb576c2024,cc4d532031d8b49a2bf7090f5ab4c8693f9b28e9449ac04ec1b81bdaf48362b1,3118.796002472732,3118.796002472732,373bc096448cdc507d5c00c27fc9560494f830151f5b976fd48b7ebb576c2024,cc4d532031d8b49a2bf7090f5ab4c8693f9b28e9449ac04ec1b81bdaf48362b1,6c9a928b81e9f356e9963f68819f878b34687b9659b42c863c2d9c5b23b21ce4,f5813a8cda35bb54b0d3123e62701165e10068f532b0aa0fda70926f2d7ddc32
20,Ljubljana,Novo_mesto,1.4,travel_time,seconds,2598.9966687272768,3638.595336218187,3.7385953362181873e-07,134866,6.072536704433349,255904,5.813891143121722,5.617566057480872,6.0261327074840665,6622513,88514776,3084.1604269321865,False,7fae267d1b5f691bcdf4d543dab907175dc77b740960042b48a751bf15a2d693,923d90961262f4c4cc257099ce612a8470aa7f633416aef8d32c7ce75b0b6229,58e10b01925eabb867e4d5c253fa01fc8c347bdeca028c5810736c1c15620c74,373bc096448cdc507d5c00c27fc9560494f830151f5b976fd48b7ebb576c2024,cc4d532031d8b49a2bf7090f5ab4c8693f9b28e9449ac04ec1b81bdaf48362b1,travel_time,seconds,2598.9966687272768,3638.595336218187,134866,255904,2.288774641926056,2.21349811397166,68772,135215,True,804.0,3084.1604269321865,4658829.979585481,4733395.966460211,2530123.115311509,2571484.6067394107,0,0,False,False,False,6c9a928b81e9f356e9963f68819f878b34687b9659b42c863c2d9c5b23b21ce4,14.998288010247052,17453565,233908488,e10a5d4bb2a927d1bdcf21a41d30971a9301a82e08656c0419ef45e3f92de7a7,7424eea357d98b54c4652062440a1d287d509f1b7250f7eabbcc5185cde923b5,37f0f75e71de97e0b045d53af23b181e034e6c3262a1a4079d582f37471bb1b8,373bc096448cdc507d5c00c27fc9560494f830151f5b976fd48b7ebb576c2024,cc4d532031d8b49a2bf7090f5ab4c8693f9b28e9449ac04ec1b81bdaf48362b1,3638.595336218187,3638.595336218187,373bc096448cdc507d5c00c27fc9560494f830151f5b976fd48b7ebb576c2024,cc4d532031d8b49a2bf7090f5ab4c8693f9b28e9449ac04ec1b81bdaf48362b1,6c9a928b81e9f356e9963f68819f878b34687b9659b42c863c2d9c5b23b21ce4,f5813a8cda35bb54b0d3123e62701165e10068f532b0aa0fda70926f2d7ddc32
20,Ljubljana,Novo_mesto,1.6,travel_time,seconds,2598.9966687272768,4158.394669963643,4.258394669963643e-07,220193,9.914508286442041,426189,9.682601492731273,5.589278996922076,5.9606369119137526,6622513,88514776,4146.590146841888,False,7fae267d1b5f691bcdf4d543dab907175dc77b740960042b48a751bf15a2d693,923d90961262f4c4cc257099ce612a8470aa7f633416aef8d32c7ce75b0b6229,58e10b01925eabb867e4d5c253fa01fc8c347bdeca028c5810736c1c15620c74,373bc096448cdc507d5c00c27fc9560494f830151f5b976fd48b7ebb576c2024,cc4d532031d8b49a2bf7090f5ab4c8693f9b28e9449ac04ec1b81bdaf48362b1,travel_time,seconds,2598.9966687272768,4158.394669963643,220193,426189,3.736836228030964,3.686415795358681,85327,170285,True,1408.0,4146.590146841888,4653277.237514043,4738941.94691149,2527273.4519827086,2575678.3339464534,0,0,False,False,False,6c9a928b81e9f356e9963f68819f878b34687b9659b42c863c2d9c5b23b21ce4,15.084053040482104,17453565,233908488,e10a5d4bb2a927d1bdcf21a41d30971a9301a82e08656c0419ef45e3f92de7a7,7424eea357d98b54c4652062440a1d287d509f1b7250f7eabbcc5185cde923b5,37f0f75e71de97e0b045d53af23b181e034e6c3262a1a4079d582f37471bb1b8,373bc096448cdc507d5c00c27fc9560494f830151f5b976fd48b7ebb576c2024,cc4d532031d8b49a2bf7090f5ab4c8693f9b28e9449ac04ec1b81bdaf48362b1,4158.394669963643,4158.394669963643,373bc096448cdc507d5c00c27fc9560494f830151f5b976fd48b7ebb576c2024,cc4d532031d8b49a2bf7090f5ab4c8693f9b28e9449ac04ec1b81bdaf48362b1,6c9a928b81e9f356e9963f68819f878b34687b9659b42c863c2d9c5b23b21ce4,f5813a8cda35bb54b0d3123e62701165e10068f532b0aa0fda70926f2d7ddc32
20,Ljubljana,Novo_mesto,2.0,travel_time,seconds,2598.9966687272768,5197.9933374545535,5.297993337454554e-07,428286,19.284196572857066,840268,19.090075508974472,5.633420078083873,5.95153677277267,6622513,88514776,6489.3701503899065,True,7fae267d1b5f691bcdf4d543dab907175dc77b740960042b48a751bf15a2d693,923d90961262f4c4cc257099ce612a8470aa7f633416aef8d32c7ce75b0b6229,58e10b01925eabb867e4d5c253fa01fc8c347bdeca028c5810736c1c15620c74,373bc096448cdc507d5c00c27fc9560494f830151f5b976fd48b7ebb576c2024,cc4d532031d8b49a2bf7090f5ab4c8693f9b28e9449ac04ec1b81bdaf48362b1,travel_time,seconds,2598.9966687272768,5197.9933374545535,428286,840268,7.2683266078325355,7.268083473610178,208093,414079,True,2869.0,6489.3701503899065,4646522.25155283,4749605.285496853,2521781.012821926,2584733.8567779334,0,0,False,False,False,6c9a928b81e9f356e9963f68819f878b34687b9659b42c863c2d9c5b23b21ce4,15.16471803188324,17453565,233908488,e10a5d4bb2a927d1bdcf21a41d30971a9301a82e08656c0419ef45e3f92de7a7,7424eea357d98b54c4652062440a1d287d509f1b7250f7eabbcc5185cde923b5,37f0f75e71de97e0b045d53af23b181e034e6c3262a1a4079d582f37471bb1b8,373bc096448cdc507d5c00c27fc9560494f830151f5b976fd48b7ebb576c2024,cc4d532031d8b49a2bf7090f5ab4c8693f9b28e9449ac04ec1b81bdaf48362b1,5197.9933374545535,5197.9933374545535,373bc096448cdc507d5c00c27fc9560494f830151f5b976fd48b7ebb576c2024,cc4d532031d8b49a2bf7090f5ab4c8693f9b28e9449ac04ec1b81bdaf48362b1,6c9a928b81e9f356e9963f68819f878b34687b9659b42c863c2d9c5b23b21ce4,f5813a8cda35bb54b0d3123e62701165e10068f532b0aa0fda70926f2d7ddc32
21,Nova_Gorica,Bled,1.0,travel_time,seconds,6400.974250168851,6400.974250168851,6.500974250168851e-07,2712,0.12211172232010471,2711,0.0615912955209883,5.975847947411239,6.1501492047682405,6622513,88514776,4471.746046061317,True,7fae267d1b5f691bcdf4d543dab907175dc77b740960042b48a751bf15a2d693,923d90961262f4c4cc257099ce612a8470aa7f633416aef8d32c7ce75b0b6229,58e10b01925eabb867e4d5c253fa01fc8c347bdeca028c5810736c1c15620c74,373bc096448cdc507d5c00c27fc9560494f830151f5b976fd48b7ebb576c2024,cc4d532031d8b49a2bf7090f5ab4c8693f9b28e9449ac04ec1b81bdaf48362b1,travel_time,seconds,6266.794014740277,6266.794014740277,2652,2651,0.045006379297880116,0.022930409450961576,2652,2651,False,190.0,4484.216687089401,4602281.212350399,4667612.515960299,2524440.9598094877,2593079.0619031657,0,0,False,False,False,6c9a928b81e9f356e9963f68819f878b34687b9659b42c863c2d9c5b23b21ce4,16.024527023546398,17453565,233908488,e10a5d4bb2a927d1bdcf21a41d30971a9301a82e08656c0419ef45e3f92de7a7,7424eea357d98b54c4652062440a1d287d509f1b7250f7eabbcc5185cde923b5,37f0f75e71de97e0b045d53af23b181e034e6c3262a1a4079d582f37471bb1b8,373bc096448cdc507d5c00c27fc9560494f830151f5b976fd48b7ebb576c2024,cc4d532031d8b49a2bf7090f5ab4c8693f9b28e9449ac04ec1b81bdaf48362b1,6400.974250168851,6266.794014740277,373bc096448cdc507d5c00c27fc9560494f830151f5b976fd48b7ebb576c2024,cc4d532031d8b49a2bf7090f5ab4c8693f9b28e9449ac04ec1b81bdaf48362b1,6c9a928b81e9f356e9963f68819f878b34687b9659b42c863c2d9c5b23b21ce4,f5813a8cda35bb54b0d3123e62701165e10068f532b0aa0fda70926f2d7ddc32
21,Nova_Gorica,Bled,1.05,travel_time,seconds,6400.974250168851,6721.022962677293,6.821022962677294e-07,43695,1.9674305703454924,80346,1.8253833382254983,5.842732032760978,5.939090496394783,6622513,88514776,4830.346249599539,True,7fae267d1b5f691bcdf4d543dab907175dc77b740960042b48a751bf15a2d693,923d90961262f4c4cc257099ce612a8470aa7f633416aef8d32c7ce75b0b6229,58e10b01925eabb867e4d5c253fa01fc8c347bdeca028c5810736c1c15620c74,373bc096448cdc507d5c00c27fc9560494f830151f5b976fd48b7ebb576c2024,cc4d532031d8b49a2bf7090f5ab4c8693f9b28e9449ac04ec1b81bdaf48362b1,travel_time,seconds,6266.794014740277,6580.133715477291,43379,79029,0.7361733512680021,0.683578773481721,40727,76378,True,422.0,4985.006886282771,4599874.936662639,4668976.7342235325,2523019.0579729145,2595159.1044295914,0,0,False,False,False,6c9a928b81e9f356e9963f68819f878b34687b9659b42c863c2d9c5b23b21ce4,15.589349903166294,17453565,233908488,e10a5d4bb2a927d1bdcf21a41d30971a9301a82e08656c0419ef45e3f92de7a7,7424eea357d98b54c4652062440a1d287d509f1b7250f7eabbcc5185cde923b5,37f0f75e71de97e0b045d53af23b181e034e6c3262a1a4079d582f37471bb1b8,373bc096448cdc507d5c00c27fc9560494f830151f5b976fd48b7ebb576c2024,cc4d532031d8b49a2bf7090f5ab4c8693f9b28e9449ac04ec1b81bdaf48362b1,6721.022962677293,6580.133715477291,373bc096448cdc507d5c00c27fc9560494f830151f5b976fd48b7ebb576c2024,cc4d532031d8b49a2bf7090f5ab4c8693f9b28e9449ac04ec1b81bdaf48362b1,6c9a928b81e9f356e9963f68819f878b34687b9659b42c863c2d9c5b23b21ce4,f5813a8cda35bb54b0d3123e62701165e10068f532b0aa0fda70926f2d7ddc32
21,Nova_Gorica,Bled,1.1,travel_time,seconds,6400.974250168851,7041.071675185736,7.141071675185736e-07,126192,5.68197730937266,239319,5.437095998814975,5.542836035601795,5.878302012570202,6622513,88514776,5830.10988759427,True,7fae267d1b5f691bcdf4d543dab907175dc77b740960042b48a751bf15a2d693,923d90961262f4c4cc257099ce612a8470aa7f633416aef8d32c7ce75b0b6229,58e10b01925eabb867e4d5c253fa01fc8c347bdeca028c5810736c1c15620c74,373bc096448cdc507d5c00c27fc9560494f830151f5b976fd48b7ebb576c2024,cc4d532031d8b49a2bf7090f5ab4c8693f9b28e9449ac04ec1b81bdaf48362b1,travel_time,seconds,6266.794014740277,6893.473416214305,119764,225496,2.0324826584582634,1.9504774083568583,76385,146467,True,899.0,5953.306192645643,4596998.906409252,4673283.2179210335,2520153.5832460513,2598194.612583076,0,0,False,False,False,6c9a928b81e9f356e9963f68819f878b34687b9659b42c863c2d9c5b23b21ce4,15.486543998122215,17453565,233908488,e10a5d4bb2a927d1bdcf21a41d30971a9301a82e08656c0419ef45e3f92de7a7,7424eea357d98b54c4652062440a1d287d509f1b7250f7eabbcc5185cde923b5,37f0f75e71de97e0b045d53af23b181e034e6c3262a1a4079d582f37471bb1b8,373bc096448cdc507d5c00c27fc9560494f830151f5b976fd48b7ebb576c2024,cc4d532031d8b49a2bf7090f5ab4c8693f9b28e9449ac04ec1b81bdaf48362b1,7041.071675185736,6893.473416214305,373bc096448cdc507d5c00c27fc9560494f830151f5b976fd48b7ebb576c2024,cc4d532031d8b49a2bf7090f5ab4c8693f9b28e9449ac04ec1b81bdaf48362b1,6c9a928b81e9f356e9963f68819f878b34687b9659b42c863c2d9c5b23b21ce4,f5813a8cda35bb54b0d3123e62701165e10068f532b0aa0fda70926f2d7ddc32
21,Nova_Gorica,Bled,1.2,travel_time,seconds,6400.974250168851,7681.16910020262,7.78116910020262e-07,286468,12.898636013862742,552803,12.559148999590148,5.484728026203811,5.666572053451091,6622513,88514776,7316.021957123578,True,7fae267d1b5f691bcdf4d543dab907175dc77b740960042b48a751bf15a2d693,923d90961262f4c4cc257099ce612a8470aa7f633416aef8d32c7ce75b0b6229,58e10b01925eabb867e4d5c253fa01fc8c347bdeca028c5810736c1c15620c74,373bc096448cdc507d5c00c27fc9560494f830151f5b976fd48b7ebb576c2024,cc4d532031d8b49a2bf7090f5ab4c8693f9b28e9449ac04ec1b81bdaf48362b1,travel_time,seconds,6266.794014740277,7520.152817688332,315335,602967,5.3514655414393015,5.215496112945284,195571,377471,True,2404.0,8425.722993126676,4587254.873838705,4680135.652792302,2511564.519527011,2602279.9838895155,0,0,False,False,False,6c9a928b81e9f356e9963f68819f878b34687b9659b42c863c2d9c5b23b21ce4,15.638378099538386,17453565,233908488,e10a5d4bb2a927d1bdcf21a41d30971a9301a82e08656c0419ef45e3f92de7a7,7424eea357d98b54c4652062440a1d287d509f1b7250f7eabbcc5185cde923b5,37f0f75e71de97e0b045d53af23b181e034e6c3262a1a4079d582f37471bb1b8,373bc096448cdc507d5c00c27fc9560494f830151f5b976fd48b7ebb576c2024,cc4d532031d8b49a2bf7090f5ab4c8693f9b28e9449ac04ec1b81bdaf48362b1,7681.16910020262,7520.152817688332,373bc096448cdc507d5c00c27fc9560494f830151f5b976fd48b7ebb576c2024,cc4d532031d8b49a2bf7090f5ab4c8693f9b28e9449ac04ec1b81bdaf48362b1,6c9a928b81e9f356e9963f68819f878b34687b9659b42c863c2d9c5b23b21ce4,f5813a8cda35bb54b0d3123e62701165e10068f532b0aa0fda70926f2d7ddc32
21,Nova_Gorica,Bled,1.4,travel_time,seconds,6400.974250168851,8961.36395023639,9.06136395023639e-07,548643,24.703444568167114,1075273,24.429161604109055,5.91271196026355,6.100150488782674,6622513,88514776,11025.849463641933,True,7fae267d1b5f691bcdf4d543dab907175dc77b740960042b48a751bf15a2d693,923d90961262f4c4cc257099ce612a8470aa7f633416aef8d32c7ce75b0b6229,58e10b01925eabb867e4d5c253fa01fc8c347bdeca028c5810736c1c15620c74,373bc096448cdc507d5c00c27fc9560494f830151f5b976fd48b7ebb576c2024,cc4d532031d8b49a2bf7090f5ab4c8693f9b28e9449ac04ec1b81bdaf48362b1,travel_time,seconds,6266.794014740277,8773.511620636387,732869,1405605,12.437322846779074,12.15809059838508,417534,802638,True,5802.0,17835.73813397285,4553412.421336088,4694861.164580615,2499421.8986886498,2625515.193862999,0,0,False,False,False,6c9a928b81e9f356e9963f68819f878b34687b9659b42c863c2d9c5b23b21ce4,15.492200967855752,17453565,233908488,e10a5d4bb2a927d1bdcf21a41d30971a9301a82e08656c0419ef45e3f92de7a7,7424eea357d98b54c4652062440a1d287d509f1b7250f7eabbcc5185cde923b5,37f0f75e71de97e0b045d53af23b181e034e6c3262a1a4079d582f37471bb1b8,373bc096448cdc507d5c00c27fc9560494f830151f5b976fd48b7ebb576c2024,cc4d532031d8b49a2bf7090f5ab4c8693f9b28e9449ac04ec1b81bdaf48362b1,8961.36395023639,8773.511620636387,373bc096448cdc507d5c00c27fc9560494f830151f5b976fd48b7ebb576c2024,cc4d532031d8b49a2bf7090f5ab4c8693f9b28e9449ac04ec1b81bdaf48362b1,6c9a928b81e9f356e9963f68819f878b34687b9659b42c863c2d9c5b23b21ce4,f5813a8cda35bb54b0d3123e62701165e10068f532b0aa0fda70926f2d7ddc32
21,Nova_Gorica,Bled,1.6,travel_time,seconds,6400.974250168851,10241.558800270162,1.0341558800270161e-06,728805,32.8154991834454,1431299,32.51772766060311,5.553661030717194,5.632420955225825,6622513,88514776,14622.893997113897,True,7fae267d1b5f691bcdf4d543dab907175dc77b740960042b48a751bf15a2d693,923d90961262f4c4cc257099ce612a8470aa7f633416aef8d32c7ce75b0b6229,58e10b01925eabb867e4d5c253fa01fc8c347bdeca028c5810736c1c15620c74,373bc096448cdc507d5c00c27fc9560494f830151f5b976fd48b7ebb576c2024,cc4d532031d8b49a2bf7090f5ab4c8693f9b28e9449ac04ec1b81bdaf48362b1,travel_time,seconds,6266.794014740277,10026.870423584443,1120690,2164140,19.01892881423125,18.71920645386797,387821,758535,True,9244.0,23572.056913614175,4544866.158455471,4713654.626223418,2492545.2705309293,2632199.6984982556,0,0,False,False,False,6c9a928b81e9f356e9963f68819f878b34687b9659b42c863c2d9c5b23b21ce4,15.498835942707956,17453565,233908488,e10a5d4bb2a927d1bdcf21a41d30971a9301a82e08656c0419ef45e3f92de7a7,7424eea357d98b54c4652062440a1d287d509f1b7250f7eabbcc5185cde923b5,37f0f75e71de97e0b045d53af23b181e034e6c3262a1a4079d582f37471bb1b8,373bc096448cdc507d5c00c27fc9560494f830151f5b976fd48b7ebb576c2024,cc4d532031d8b49a2bf7090f5ab4c8693f9b28e9449ac04ec1b81bdaf48362b1,10241.558800270162,10026.870423584443,373bc096448cdc507d5c00c27fc9560494f830151f5b976fd48b7ebb576c2024,cc4d532031d8b49a2bf7090f5ab4c8693f9b28e9449ac04ec1b81bdaf48362b1,6c9a928b81e9f356e9963f68819f878b34687b9659b42c863c2d9c5b23b21ce4,f5813a8cda35bb54b0d3123e62701165e10068f532b0aa0fda70926f2d7ddc32
21,Nova_Gorica,Bled,2.0,travel_time,seconds,6400.974250168851,12801.948500337701,1.29019485003377e-06,1102009,49.6195490421299,2176229,49.44181610488559,5.944699980318546,6.06494362000376,6622513,88514776,20254.37637431311,True,7fae267d1b5f691bcdf4d543dab907175dc77b740960042b48a751bf15a2d693,923d90961262f4c4cc257099ce612a8470aa7f633416aef8d32c7ce75b0b6229,58e10b01925eabb867e4d5c253fa01fc8c347bdeca028c5810736c1c15620c74,373bc096448cdc507d5c00c27fc9560494f830151f5b976fd48b7ebb576c2024,cc4d532031d8b49a2bf7090f5ab4c8693f9b28e9449ac04ec1b81bdaf48362b1,travel_time,seconds,6266.794014740277,12533.588029480554,1926533,3748041,32.69467380387741,32.41950764579082,805843,1583901,True,16434.0,40170.72247077746,4518021.173664527,4740584.0033924505,2474298.1437724438,2654789.749310911,0,0,False,False,False,6c9a928b81e9f356e9963f68819f878b34687b9659b42c863c2d9c5b23b21ce4,15.647596912458539,17453565,233908488,e10a5d4bb2a927d1bdcf21a41d30971a9301a82e08656c0419ef45e3f92de7a7,7424eea357d98b54c4652062440a1d287d509f1b7250f7eabbcc5185cde923b5,37f0f75e71de97e0b045d53af23b181e034e6c3262a1a4079d582f37471bb1b8,373bc096448cdc507d5c00c27fc9560494f830151f5b976fd48b7ebb576c2024,cc4d532031d8b49a2bf7090f5ab4c8693f9b28e9449ac04ec1b81bdaf48362b1,12801.948500337701,12533.588029480554,373bc096448cdc507d5c00c27fc9560494f830151f5b976fd48b7ebb576c2024,cc4d532031d8b49a2bf7090f5ab4c8693f9b28e9449ac04ec1b81bdaf48362b1,6c9a928b81e9f356e9963f68819f878b34687b9659b42c863c2d9c5b23b21ce4,f5813a8cda35bb54b0d3123e62701165e10068f532b0aa0fda70926f2d7ddc32
22,Nova_Gorica,Maribor,1.0,travel_time,seconds,8987.138419064959,8987.138419064959,9.087138419064959e-07,3867,0.17411726777722897,3866,0.0878317773825676,5.942604038864374,6.174858927261084,6622513,88514776,14840.245847475224,True,7fae267d1b5f691bcdf4d543dab907175dc77b740960042b48a751bf15a2d693,923d90961262f4c4cc257099ce612a8470aa7f633416aef8d32c7ce75b0b6229,58e10b01925eabb867e4d5c253fa01fc8c347bdeca028c5810736c1c15620c74,373bc096448cdc507d5c00c27fc9560494f830151f5b976fd48b7ebb576c2024,cc4d532031d8b49a2bf7090f5ab4c8693f9b28e9449ac04ec1b81bdaf48362b1,travel_time,seconds,8987.138419064959,8987.138419064959,3867,3866,0.06562581777711253,0.03343982004429176,3867,3866,False,282.0,14840.245847475224,4603304.595022382,4757164.310217839,2524440.9598094877,2620894.0555962753,0,0,False,False,False,6c9a928b81e9f356e9963f68819f878b34687b9659b42c863c2d9c5b23b21ce4,16.212747897952795,17453565,233908488,e10a5d4bb2a927d1bdcf21a41d30971a9301a82e08656c0419ef45e3f92de7a7,7424eea357d98b54c4652062440a1d287d509f1b7250f7eabbcc5185cde923b5,37f0f75e71de97e0b045d53af23b181e034e6c3262a1a4079d582f37471bb1b8,373bc096448cdc507d5c00c27fc9560494f830151f5b976fd48b7ebb576c2024,cc4d532031d8b49a2bf7090f5ab4c8693f9b28e9449ac04ec1b81bdaf48362b1,8987.138419064959,8987.138419064959,373bc096448cdc507d5c00c27fc9560494f830151f5b976fd48b7ebb576c2024,cc4d532031d8b49a2bf7090f5ab4c8693f9b28e9449ac04ec1b81bdaf48362b1,6c9a928b81e9f356e9963f68819f878b34687b9659b42c863c2d9c5b23b21ce4,f5813a8cda35bb54b0d3123e62701165e10068f532b0aa0fda70926f2d7ddc32
22,Nova_Gorica,Maribor,1.05,travel_time,seconds,8987.138419064959,9436.495340018208,9.536495340018208e-07,127706,5.750147349045462,233802,5.311755099741094,5.848668981343508,5.958918982651085,6622513,88514776,16397.45875806621,True,7fae267d1b5f691bcdf4d543dab907175dc77b740960042b48a751bf15a2d693,923d90961262f4c4cc257099ce612a8470aa7f633416aef8d32c7ce75b0b6229,58e10b01925eabb867e4d5c253fa01fc8c347bdeca028c5810736c1c15620c74,373bc096448cdc507d5c00c27fc9560494f830151f5b976fd48b7ebb576c2024,cc4d532031d8b49a2bf7090f5ab4c8693f9b28e9449ac04ec1b81bdaf48362b1,travel_time,seconds,8987.138419064959,9436.495340018208,130978,239541,2.222792438792512,2.071962734927494,127111,235675,True,939.0,16570.44384197976,4600158.801839608,4759560.620167367,2522222.8449336276,2626176.7647559717,0,0,False,False,False,6c9a928b81e9f356e9963f68819f878b34687b9659b42c863c2d9c5b23b21ce4,15.721558011136949,17453565,233908488,e10a5d4bb2a927d1bdcf21a41d30971a9301a82e08656c0419ef45e3f92de7a7,7424eea357d98b54c4652062440a1d287d509f1b7250f7eabbcc5185cde923b5,37f0f75e71de97e0b045d53af23b181e034e6c3262a1a4079d582f37471bb1b8,373bc096448cdc507d5c00c27fc9560494f830151f5b976fd48b7ebb576c2024,cc4d532031d8b49a2bf7090f5ab4c8693f9b28e9449ac04ec1b81bdaf48362b1,9436.495340018208,9436.495340018208,373bc096448cdc507d5c00c27fc9560494f830151f5b976fd48b7ebb576c2024,cc4d532031d8b49a2bf7090f5ab4c8693f9b28e9449ac04ec1b81bdaf48362b1,6c9a928b81e9f356e9963f68819f878b34687b9659b42c863c2d9c5b23b21ce4,f5813a8cda35bb54b0d3123e62701165e10068f532b0aa0fda70926f2d7ddc32
22,Nova_Gorica,Maribor,1.1,travel_time,seconds,8987.138419064959,9885.852260971455,9.985852260971454e-07,270351,12.172944779116014,513744,11.671766332030472,5.851950030773878,5.857796408236027,6622513,88514776,18472.58166402,True,7fae267d1b5f691bcdf4d543dab907175dc77b740960042b48a751bf15a2d693,923d90961262f4c4cc257099ce612a8470aa7f633416aef8d32c7ce75b0b6229,58e10b01925eabb867e4d5c253fa01fc8c347bdeca028c5810736c1c15620c74,373bc096448cdc507d5c00c27fc9560494f830151f5b976fd48b7ebb576c2024,cc4d532031d8b49a2bf7090f5ab4c8693f9b28e9449ac04ec1b81bdaf48362b1,travel_time,seconds,8987.138419064959,9885.852260971455,277556,526414,4.710328285219613,4.553334047800259,146578,286873,True,2042.0,19146.75798960217,4596474.586801708,4765792.938905591,2516437.326901197,2629518.7368705953,0,0,False,False,False,6c9a928b81e9f356e9963f68819f878b34687b9659b42c863c2d9c5b23b21ce4,16.067967051640153,17453565,233908488,e10a5d4bb2a927d1bdcf21a41d30971a9301a82e08656c0419ef45e3f92de7a7,7424eea357d98b54c4652062440a1d287d509f1b7250f7eabbcc5185cde923b5,37f0f75e71de97e0b045d53af23b181e034e6c3262a1a4079d582f37471bb1b8,373bc096448cdc507d5c00c27fc9560494f830151f5b976fd48b7ebb576c2024,cc4d532031d8b49a2bf7090f5ab4c8693f9b28e9449ac04ec1b81bdaf48362b1,9885.852260971455,9885.852260971455,373bc096448cdc507d5c00c27fc9560494f830151f5b976fd48b7ebb576c2024,cc4d532031d8b49a2bf7090f5ab4c8693f9b28e9449ac04ec1b81bdaf48362b1,6c9a928b81e9f356e9963f68819f878b34687b9659b42c863c2d9c5b23b21ce4,f5813a8cda35bb54b0d3123e62701165e10068f532b0aa0fda70926f2d7ddc32
22,Nova_Gorica,Maribor,1.2,travel_time,seconds,8987.138419064959,10784.56610287795,1.088456610287795e-06,583138,26.25663183270694,1134030,25.76406376232621,5.823106970638037,5.921603029128164,6622513,88514776,23151.369004179498,True,7fae267d1b5f691bcdf4d543dab907175dc77b740960042b48a751bf15a2d693,923d90961262f4c4cc257099ce612a8470aa7f633416aef8d32c7ce75b0b6229,58e10b01925eabb867e4d5c253fa01fc8c347bdeca028c5810736c1c15620c74,373bc096448cdc507d5c00c27fc9560494f830151f5b976fd48b7ebb576c2024,cc4d532031d8b49a2bf7090f5ab4c8693f9b28e9449ac04ec1b81bdaf48362b1,travel_time,seconds,8987.138419064959,10784.56610287795,653231,1262820,11.085807750804497,10.923040234954092,375675,736406,True,4775.0,26886.053264969414,4577701.614394134,4774620.455495557,2505646.5310507515,2642180.2071306435,0,0,False,False,False,6c9a928b81e9f356e9963f68819f878b34687b9659b42c863c2d9c5b23b21ce4,15.528168994933367,17453565,233908488,e10a5d4bb2a927d1bdcf21a41d30971a9301a82e08656c0419ef45e3f92de7a7,7424eea357d98b54c4652062440a1d287d509f1b7250f7eabbcc5185cde923b5,37f0f75e71de97e0b045d53af23b181e034e6c3262a1a4079d582f37471bb1b8,373bc096448cdc507d5c00c27fc9560494f830151f5b976fd48b7ebb576c2024,cc4d532031d8b49a2bf7090f5ab4c8693f9b28e9449ac04ec1b81bdaf48362b1,10784.56610287795,10784.56610287795,373bc096448cdc507d5c00c27fc9560494f830151f5b976fd48b7ebb576c2024,cc4d532031d8b49a2bf7090f5ab4c8693f9b28e9449ac04ec1b81bdaf48362b1,6c9a928b81e9f356e9963f68819f878b34687b9659b42c863c2d9c5b23b21ce4,f5813a8cda35bb54b0d3123e62701165e10068f532b0aa0fda70926f2d7ddc32
22,Nova_Gorica,Maribor,1.4,travel_time,seconds,8987.138419064959,12581.993786690942,1.2681993786690943e-06,1369759,61.675380034463245,2702437,61.396752450701975,5.459445994347334,5.9100022073835135,6622513,88514776,28669.371656211224,True,7fae267d1b5f691bcdf4d543dab907175dc77b740960042b48a751bf15a2d693,923d90961262f4c4cc257099ce612a8470aa7f633416aef8d32c7ce75b0b6229,58e10b01925eabb867e4d5c253fa01fc8c347bdeca028c5810736c1c15620c74,373bc096448cdc507d5c00c27fc9560494f830151f5b976fd48b7ebb576c2024,cc4d532031d8b49a2bf7090f5ab4c8693f9b28e9449ac04ec1b81bdaf48362b1,travel_time,seconds,8987.138419064959,12581.993786690942,1568961,3071559,26.626415486267454,26.56812731904417,915730,1808739,True,11813.0,36950.931003360995,4564449.048924615,4793059.47604785,2494681.855574678,2656314.6011512484,0,0,False,False,False,6c9a928b81e9f356e9963f68819f878b34687b9659b42c863c2d9c5b23b21ce4,16.025085002183914,17453565,233908488,e10a5d4bb2a927d1bdcf21a41d30971a9301a82e08656c0419ef45e3f92de7a7,7424eea357d98b54c4652062440a1d287d509f1b7250f7eabbcc5185cde923b5,37f0f75e71de97e0b045d53af23b181e034e6c3262a1a4079d582f37471bb1b8,373bc096448cdc507d5c00c27fc9560494f830151f5b976fd48b7ebb576c2024,cc4d532031d8b49a2bf7090f5ab4c8693f9b28e9449ac04ec1b81bdaf48362b1,12581.993786690942,12581.993786690942,373bc096448cdc507d5c00c27fc9560494f830151f5b976fd48b7ebb576c2024,cc4d532031d8b49a2bf7090f5ab4c8693f9b28e9449ac04ec1b81bdaf48362b1,6c9a928b81e9f356e9963f68819f878b34687b9659b42c863c2d9c5b23b21ce4,f5813a8cda35bb54b0d3123e62701165e10068f532b0aa0fda70926f2d7ddc32
22,Nova_Gorica,Maribor,1.6,travel_time,seconds,8987.138419064959,14379.421470503934,1.4479421470503934e-06,1916216,86.28039679105522,3794911,86.21670412277729,5.67664997652173,6.0146306292153895,6622513,88514776,36986.58213350675,True,7fae267d1b5f691bcdf4d543dab907175dc77b740960042b48a751bf15a2d693,923d90961262f4c4cc257099ce612a8470aa7f633416aef8d32c7ce75b0b6229,58e10b01925eabb867e4d5c253fa01fc8c347bdeca028c5810736c1c15620c74,373bc096448cdc507d5c00c27fc9560494f830151f5b976fd48b7ebb576c2024,cc4d532031d8b49a2bf7090f5ab4c8693f9b28e9449ac04ec1b81bdaf48362b1,travel_time,seconds,8987.138419064959,14379.421470503934,2590479,5071260,43.9623229401181,43.86498235846224,1021518,1999701,True,20277.0,53516.172488900345,4529518.337652662,4816844.865650481,2483126.552782117,2669382.1445014677,0,0,False,False,False,6c9a928b81e9f356e9963f68819f878b34687b9659b42c863c2d9c5b23b21ce4,15.679094940423965,17453565,233908488,e10a5d4bb2a927d1bdcf21a41d30971a9301a82e08656c0419ef45e3f92de7a7,7424eea357d98b54c4652062440a1d287d509f1b7250f7eabbcc5185cde923b5,37f0f75e71de97e0b045d53af23b181e034e6c3262a1a4079d582f37471bb1b8,373bc096448cdc507d5c00c27fc9560494f830151f5b976fd48b7ebb576c2024,cc4d532031d8b49a2bf7090f5ab4c8693f9b28e9449ac04ec1b81bdaf48362b1,14379.421470503934,14379.421470503934,373bc096448cdc507d5c00c27fc9560494f830151f5b976fd48b7ebb576c2024,cc4d532031d8b49a2bf7090f5ab4c8693f9b28e9449ac04ec1b81bdaf48362b1,6c9a928b81e9f356e9963f68819f878b34687b9659b42c863c2d9c5b23b21ce4,f5813a8cda35bb54b0d3123e62701165e10068f532b0aa0fda70926f2d7ddc32
22,Nova_Gorica,Maribor,2.0,travel_time,seconds,8987.138419064959,17974.276838129917,1.8074276838129917e-06,2138451,96.28684908080761,4241440,96.36141072465533,5.617704940959811,5.761897668708116,6622513,88514776,42443.28523665953,True,7fae267d1b5f691bcdf4d543dab907175dc77b740960042b48a751bf15a2d693,923d90961262f4c4cc257099ce612a8470aa7f633416aef8d32c7ce75b0b6229,58e10b01925eabb867e4d5c253fa01fc8c347bdeca028c5810736c1c15620c74,373bc096448cdc507d5c00c27fc9560494f830151f5b976fd48b7ebb576c2024,cc4d532031d8b49a2bf7090f5ab4c8693f9b28e9449ac04ec1b81bdaf48362b1,travel_time,seconds,8987.138419064959,17974.276838129917,4595423,8998716,77.98768875271574,77.8363796352015,2004944,3927456,True,40416.0,89837.11436785905,4503303.542965318,4861877.174814238,2450094.99037197,2700635.2041200646,6741,0,True,False,True,6c9a928b81e9f356e9963f68819f878b34687b9659b42c863c2d9c5b23b21ce4,15.707101090811193,17453565,233908488,e10a5d4bb2a927d1bdcf21a41d30971a9301a82e08656c0419ef45e3f92de7a7,7424eea357d98b54c4652062440a1d287d509f1b7250f7eabbcc5185cde923b5,37f0f75e71de97e0b045d53af23b181e034e6c3262a1a4079d582f37471bb1b8,373bc096448cdc507d5c00c27fc9560494f830151f5b976fd48b7ebb576c2024,cc4d532031d8b49a2bf7090f5ab4c8693f9b28e9449ac04ec1b81bdaf48362b1,17974.276838129917,17974.276838129917,373bc096448cdc507d5c00c27fc9560494f830151f5b976fd48b7ebb576c2024,cc4d532031d8b49a2bf7090f5ab4c8693f9b28e9449ac04ec1b81bdaf48362b1,6c9a928b81e9f356e9963f68819f878b34687b9659b42c863c2d9c5b23b21ce4,f5813a8cda35bb54b0d3123e62701165e10068f532b0aa0fda70926f2d7ddc32
23,Piran,Slovenj_Gradec,1.0,travel_time,seconds,9194.94114628573,9194.94114628573,9.29494114628573e-07,3979,0.17916022976095008,3978,0.09037630895702377,6.16316101513803,6.307039526291192,6622513,88514776,14133.751478831713,False,7fae267d1b5f691bcdf4d543dab907175dc77b740960042b48a751bf15a2d693,923d90961262f4c4cc257099ce612a8470aa7f633416aef8d32c7ce75b0b6229,58e10b01925eabb867e4d5c253fa01fc8c347bdeca028c5810736c1c15620c74,373bc096448cdc507d5c00c27fc9560494f830151f5b976fd48b7ebb576c2024,cc4d532031d8b49a2bf7090f5ab4c8693f9b28e9449ac04ec1b81bdaf48362b1,travel_time,seconds,9194.94114628573,9194.94114628573,3979,3978,0.0675265396780788,0.03440858875742178,3979,3978,False,277.0,14133.751478831713,4599875.10498224,4721228.398050124,2496134.582879896,2612602.3862787327,0,0,False,False,False,6c9a928b81e9f356e9963f68819f878b34687b9659b42c863c2d9c5b23b21ce4,16.332315048202872,17453565,233908488,e10a5d4bb2a927d1bdcf21a41d30971a9301a82e08656c0419ef45e3f92de7a7,7424eea357d98b54c4652062440a1d287d509f1b7250f7eabbcc5185cde923b5,37f0f75e71de97e0b045d53af23b181e034e6c3262a1a4079d582f37471bb1b8,373bc096448cdc507d5c00c27fc9560494f830151f5b976fd48b7ebb576c2024,cc4d532031d8b49a2bf7090f5ab4c8693f9b28e9449ac04ec1b81bdaf48362b1,9194.94114628573,9194.94114628573,373bc096448cdc507d5c00c27fc9560494f830151f5b976fd48b7ebb576c2024,cc4d532031d8b49a2bf7090f5ab4c8693f9b28e9449ac04ec1b81bdaf48362b1,6c9a928b81e9f356e9963f68819f878b34687b9659b42c863c2d9c5b23b21ce4,f5813a8cda35bb54b0d3123e62701165e10068f532b0aa0fda70926f2d7ddc32
23,Piran,Slovenj_Gradec,1.05,travel_time,seconds,9194.94114628573,9654.688203600017,9.754688203600017e-07,131394,5.916204882937993,242558,5.510682943186971,6.021523964591324,6.056346790865064,6622513,88514776,15277.720408508028,True,7fae267d1b5f691bcdf4d543dab907175dc77b740960042b48a751bf15a2d693,923d90961262f4c4cc257099ce612a8470aa7f633416aef8d32c7ce75b0b6229,58e10b01925eabb867e4d5c253fa01fc8c347bdeca028c5810736c1c15620c74,373bc096448cdc507d5c00c27fc9560494f830151f5b976fd48b7ebb576c2024,cc4d532031d8b49a2bf7090f5ab4c8693f9b28e9449ac04ec1b81bdaf48362b1,travel_time,seconds,9194.94114628573,9654.688203600017,131509,242748,2.231803897090843,2.099702389061494,127530,238770,True,892.0,15277.720408508028,4599863.109548703,4723921.458648268,2493241.224461546,2616390.6982325264,0,0,False,False,False,6c9a928b81e9f356e9963f68819f878b34687b9659b42c863c2d9c5b23b21ce4,15.414118999615312,17453565,233908488,e10a5d4bb2a927d1bdcf21a41d30971a9301a82e08656c0419ef45e3f92de7a7,7424eea357d98b54c4652062440a1d287d509f1b7250f7eabbcc5185cde923b5,37f0f75e71de97e0b045d53af23b181e034e6c3262a1a4079d582f37471bb1b8,373bc096448cdc507d5c00c27fc9560494f830151f5b976fd48b7ebb576c2024,cc4d532031d8b49a2bf7090f5ab4c8693f9b28e9449ac04ec1b81bdaf48362b1,9654.688203600017,9654.688203600017,373bc096448cdc507d5c00c27fc9560494f830151f5b976fd48b7ebb576c2024,cc4d532031d8b49a2bf7090f5ab4c8693f9b28e9449ac04ec1b81bdaf48362b1,6c9a928b81e9f356e9963f68819f878b34687b9659b42c863c2d9c5b23b21ce4,f5813a8cda35bb54b0d3123e62701165e10068f532b0aa0fda70926f2d7ddc32
23,Piran,Slovenj_Gradec,1.1,travel_time,seconds,9194.94114628573,10114.435260914304,1.0214435260914304e-06,244170,10.994107388974914,464505,10.553103919578263,6.047364906407893,6.219968828372657,6622513,88514776,17172.552275773625,True,7fae267d1b5f691bcdf4d543dab907175dc77b740960042b48a751bf15a2d693,923d90961262f4c4cc257099ce612a8470aa7f633416aef8d32c7ce75b0b6229,58e10b01925eabb867e4d5c253fa01fc8c347bdeca028c5810736c1c15620c74,373bc096448cdc507d5c00c27fc9560494f830151f5b976fd48b7ebb576c2024,cc4d532031d8b49a2bf7090f5ab4c8693f9b28e9449ac04ec1b81bdaf48362b1,travel_time,seconds,9194.94114628573,10114.435260914304,253753,481313,4.306373969070503,4.1632229966317125,122244,238565,True,1788.0,17188.87367805365,4599863.109548703,4731673.176501716,2489143.391199394,2619549.771192973,0,0,False,False,False,6c9a928b81e9f356e9963f68819f878b34687b9659b42c863c2d9c5b23b21ce4,15.641102101653814,17453565,233908488,e10a5d4bb2a927d1bdcf21a41d30971a9301a82e08656c0419ef45e3f92de7a7,7424eea357d98b54c4652062440a1d287d509f1b7250f7eabbcc5185cde923b5,37f0f75e71de97e0b045d53af23b181e034e6c3262a1a4079d582f37471bb1b8,373bc096448cdc507d5c00c27fc9560494f830151f5b976fd48b7ebb576c2024,cc4d532031d8b49a2bf7090f5ab4c8693f9b28e9449ac04ec1b81bdaf48362b1,10114.435260914304,10114.435260914304,373bc096448cdc507d5c00c27fc9560494f830151f5b976fd48b7ebb576c2024,cc4d532031d8b49a2bf7090f5ab4c8693f9b28e9449ac04ec1b81bdaf48362b1,6c9a928b81e9f356e9963f68819f878b34687b9659b42c863c2d9c5b23b21ce4,f5813a8cda35bb54b0d3123e62701165e10068f532b0aa0fda70926f2d7ddc32
23,Piran,Slovenj_Gradec,1.2,travel_time,seconds,9194.94114628573,11033.929375542875,1.1133929375542875e-06,478514,21.545784916770867,929981,21.128268019145782,5.713457008823752,6.010516372043639,6622513,88514776,19541.30615236341,True,7fae267d1b5f691bcdf4d543dab907175dc77b740960042b48a751bf15a2d693,923d90961262f4c4cc257099ce612a8470aa7f633416aef8d32c7ce75b0b6229,58e10b01925eabb867e4d5c253fa01fc8c347bdeca028c5810736c1c15620c74,373bc096448cdc507d5c00c27fc9560494f830151f5b976fd48b7ebb576c2024,cc4d532031d8b49a2bf7090f5ab4c8693f9b28e9449ac04ec1b81bdaf48362b1,travel_time,seconds,9194.94114628573,11033.929375542875,527427,1017903,8.950821875544124,8.804576601796356,273674,536590,True,3861.0,20729.48921839828,4598864.646529654,4744610.967511608,2481982.7703336095,2624212.7016192502,0,0,False,False,False,6c9a928b81e9f356e9963f68819f878b34687b9659b42c863c2d9c5b23b21ce4,15.797544969245791,17453565,233908488,e10a5d4bb2a927d1bdcf21a41d30971a9301a82e08656c0419ef45e3f92de7a7,7424eea357d98b54c4652062440a1d287d509f1b7250f7eabbcc5185cde923b5,37f0f75e71de97e0b045d53af23b181e034e6c3262a1a4079d582f37471bb1b8,373bc096448cdc507d5c00c27fc9560494f830151f5b976fd48b7ebb576c2024,cc4d532031d8b49a2bf7090f5ab4c8693f9b28e9449ac04ec1b81bdaf48362b1,11033.929375542875,11033.929375542875,373bc096448cdc507d5c00c27fc9560494f830151f5b976fd48b7ebb576c2024,cc4d532031d8b49a2bf7090f5ab4c8693f9b28e9449ac04ec1b81bdaf48362b1,6c9a928b81e9f356e9963f68819f878b34687b9659b42c863c2d9c5b23b21ce4,f5813a8cda35bb54b0d3123e62701165e10068f532b0aa0fda70926f2d7ddc32
23,Piran,Slovenj_Gradec,1.4,travel_time,seconds,9194.94114628573,12872.91760480002,1.297291760480002e-06,1026393,46.21482927997759,2022197,45.94235818098708,5.916203954257071,6.078814237844199,6622513,88514776,23897.634941477834,True,7fae267d1b5f691bcdf4d543dab907175dc77b740960042b48a751bf15a2d693,923d90961262f4c4cc257099ce612a8470aa7f633416aef8d32c7ce75b0b6229,58e10b01925eabb867e4d5c253fa01fc8c347bdeca028c5810736c1c15620c74,373bc096448cdc507d5c00c27fc9560494f830151f5b976fd48b7ebb576c2024,cc4d532031d8b49a2bf7090f5ab4c8693f9b28e9449ac04ec1b81bdaf48362b1,travel_time,seconds,9194.94114628573,12872.91760480002,1246152,2442585,21.148110699401172,21.1276779210777,718725,1424682,True,9981.0,31614.299098774245,4589513.357854756,4765654.586939875,2462571.0205416204,2642053.6962500815,0,0,False,False,False,6c9a928b81e9f356e9963f68819f878b34687b9659b42c863c2d9c5b23b21ce4,15.614631935022771,17453565,233908488,e10a5d4bb2a927d1bdcf21a41d30971a9301a82e08656c0419ef45e3f92de7a7,7424eea357d98b54c4652062440a1d287d509f1b7250f7eabbcc5185cde923b5,37f0f75e71de97e0b045d53af23b181e034e6c3262a1a4079d582f37471bb1b8,373bc096448cdc507d5c00c27fc9560494f830151f5b976fd48b7ebb576c2024,cc4d532031d8b49a2bf7090f5ab4c8693f9b28e9449ac04ec1b81bdaf48362b1,12872.91760480002,12872.91760480002,373bc096448cdc507d5c00c27fc9560494f830151f5b976fd48b7ebb576c2024,cc4d532031d8b49a2bf7090f5ab4c8693f9b28e9449ac04ec1b81bdaf48362b1,6c9a928b81e9f356e9963f68819f878b34687b9659b42c863c2d9c5b23b21ce4,f5813a8cda35bb54b0d3123e62701165e10068f532b0aa0fda70926f2d7ddc32
23,Piran,Slovenj_Gradec,1.6,travel_time,seconds,9194.94114628573,14711.905834057168,1.4811905834057169e-06,1610629,72.52090015070351,3184093,72.33951048665075,5.912503111176193,6.152174831368029,6622513,88514776,27875.622490031867,True,7fae267d1b5f691bcdf4d543dab907175dc77b740960042b48a751bf15a2d693,923d90961262f4c4cc257099ce612a8470aa7f633416aef8d32c7ce75b0b6229,58e10b01925eabb867e4d5c253fa01fc8c347bdeca028c5810736c1c15620c74,373bc096448cdc507d5c00c27fc9560494f830151f5b976fd48b7ebb576c2024,cc4d532031d8b49a2bf7090f5ab4c8693f9b28e9449ac04ec1b81bdaf48362b1,travel_time,seconds,9194.94114628573,14711.905834057168,2220698,4354158,37.68686896457156,37.66225037879289,974546,1911573,True,18062.0,49144.539734396756,4552375.035227141,4781099.442659071,2447879.7814703956,2662743.338386693,0,0,False,False,False,6c9a928b81e9f356e9963f68819f878b34687b9659b42c863c2d9c5b23b21ce4,15.22687601391226,17453565,233908488,e10a5d4bb2a927d1bdcf21a41d30971a9301a82e08656c0419ef45e3f92de7a7,7424eea357d98b54c4652062440a1d287d509f1b7250f7eabbcc5185cde923b5,37f0f75e71de97e0b045d53af23b181e034e6c3262a1a4079d582f37471bb1b8,373bc096448cdc507d5c00c27fc9560494f830151f5b976fd48b7ebb576c2024,cc4d532031d8b49a2bf7090f5ab4c8693f9b28e9449ac04ec1b81bdaf48362b1,14711.905834057168,14711.905834057168,373bc096448cdc507d5c00c27fc9560494f830151f5b976fd48b7ebb576c2024,cc4d532031d8b49a2bf7090f5ab4c8693f9b28e9449ac04ec1b81bdaf48362b1,6c9a928b81e9f356e9963f68819f878b34687b9659b42c863c2d9c5b23b21ce4,f5813a8cda35bb54b0d3123e62701165e10068f532b0aa0fda70926f2d7ddc32
23,Piran,Slovenj_Gradec,2.0,travel_time,seconds,9194.94114628573,18389.88229257146,1.8489882292571458e-06,2100852,94.59389972700465,4165830,94.64362472157826,5.908103077672422,6.138975475914776,6622513,88514776,38319.3348819558,True,7fae267d1b5f691bcdf4d543dab907175dc77b740960042b48a751bf15a2d693,923d90961262f4c4cc257099ce612a8470aa7f633416aef8d32c7ce75b0b6229,58e10b01925eabb867e4d5c253fa01fc8c347bdeca028c5810736c1c15620c74,373bc096448cdc507d5c00c27fc9560494f830151f5b976fd48b7ebb576c2024,cc4d532031d8b49a2bf7090f5ab4c8693f9b28e9449ac04ec1b81bdaf48362b1,travel_time,seconds,9194.94114628573,18389.88229257146,4111286,8053052,69.7715298333576,69.65665020365334,1890588,3698894,True,35296.0,84628.02839602818,4511155.084350743,4822157.103186132,2415573.766913075,2687687.847435559,24,0,True,False,True,6c9a928b81e9f356e9963f68819f878b34687b9659b42c863c2d9c5b23b21ce4,15.692575019784272,17453565,233908488,e10a5d4bb2a927d1bdcf21a41d30971a9301a82e08656c0419ef45e3f92de7a7,7424eea357d98b54c4652062440a1d287d509f1b7250f7eabbcc5185cde923b5,37f0f75e71de97e0b045d53af23b181e034e6c3262a1a4079d582f37471bb1b8,373bc096448cdc507d5c00c27fc9560494f830151f5b976fd48b7ebb576c2024,cc4d532031d8b49a2bf7090f5ab4c8693f9b28e9449ac04ec1b81bdaf48362b1,18389.88229257146,18389.88229257146,373bc096448cdc507d5c00c27fc9560494f830151f5b976fd48b7ebb576c2024,cc4d532031d8b49a2bf7090f5ab4c8693f9b28e9449ac04ec1b81bdaf48362b1,6c9a928b81e9f356e9963f68819f878b34687b9659b42c863c2d9c5b23b21ce4,f5813a8cda35bb54b0d3123e62701165e10068f532b0aa0fda70926f2d7ddc32
24,Postojna,Slovenj_Gradec,1.0,travel_time,seconds,6374.824381051945,6374.824381051945,6.474824381051946e-07,2897,0.13044161488250125,2896,0.06579431642522394,6.084031076170504,6.351611705031246,6622513,88514776,6353.120260898768,False,7fae267d1b5f691bcdf4d543dab907175dc77b740960042b48a751bf15a2d693,923d90961262f4c4cc257099ce612a8470aa7f633416aef8d32c7ce75b0b6229,58e10b01925eabb867e4d5c253fa01fc8c347bdeca028c5810736c1c15620c74,373bc096448cdc507d5c00c27fc9560494f830151f5b976fd48b7ebb576c2024,cc4d532031d8b49a2bf7090f5ab4c8693f9b28e9449ac04ec1b81bdaf48362b1,travel_time,seconds,6374.824381051945,6374.824381051945,2897,2896,0.049164208456243856,0.025049591010933507,2897,2896,False,194.0,6353.120260898768,4647588.486958667,4721228.398050124,2525372.4143670304,2611645.1999629894,0,0,False,False,False,6c9a928b81e9f356e9963f68819f878b34687b9659b42c863c2d9c5b23b21ce4,16.28712797537446,17453565,233908488,e10a5d4bb2a927d1bdcf21a41d30971a9301a82e08656c0419ef45e3f92de7a7,7424eea357d98b54c4652062440a1d287d509f1b7250f7eabbcc5185cde923b5,37f0f75e71de97e0b045d53af23b181e034e6c3262a1a4079d582f37471bb1b8,373bc096448cdc507d5c00c27fc9560494f830151f5b976fd48b7ebb576c2024,cc4d532031d8b49a2bf7090f5ab4c8693f9b28e9449ac04ec1b81bdaf48362b1,6374.824381051945,6374.824381051945,373bc096448cdc507d5c00c27fc9560494f830151f5b976fd48b7ebb576c2024,cc4d532031d8b49a2bf7090f5ab4c8693f9b28e9449ac04ec1b81bdaf48362b1,6c9a928b81e9f356e9963f68819f878b34687b9659b42c863c2d9c5b23b21ce4,f5813a8cda35bb54b0d3123e62701165e10068f532b0aa0fda70926f2d7ddc32
24,Postojna,Slovenj_Gradec,1.05,travel_time,seconds,6374.824381051945,6693.565600104543,6.793565600104543e-07,66510,2.994708942297258,120820,2.744913435944598,6.110290996730328,6.162085081450641,6622513,88514776,7139.088703846437,False,7fae267d1b5f691bcdf4d543dab907175dc77b740960042b48a751bf15a2d693,923d90961262f4c4cc257099ce612a8470aa7f633416aef8d32c7ce75b0b6229,58e10b01925eabb867e4d5c253fa01fc8c347bdeca028c5810736c1c15620c74,373bc096448cdc507d5c00c27fc9560494f830151f5b976fd48b7ebb576c2024,cc4d532031d8b49a2bf7090f5ab4c8693f9b28e9449ac04ec1b81bdaf48362b1,travel_time,seconds,6374.824381051945,6693.565600104543,66510,120820,1.1287233360113147,1.0450592492890145,63613,117924,True,517.0,7139.088703846437,4645436.666604678,4723788.444351104,2523068.983309645,2614184.8317202716,0,0,False,False,False,6c9a928b81e9f356e9963f68819f878b34687b9659b42c863c2d9c5b23b21ce4,15.491572092287242,17453565,233908488,e10a5d4bb2a927d1bdcf21a41d30971a9301a82e08656c0419ef45e3f92de7a7,7424eea357d98b54c4652062440a1d287d509f1b7250f7eabbcc5185cde923b5,37f0f75e71de97e0b045d53af23b181e034e6c3262a1a4079d582f37471bb1b8,373bc096448cdc507d5c00c27fc9560494f830151f5b976fd48b7ebb576c2024,cc4d532031d8b49a2bf7090f5ab4c8693f9b28e9449ac04ec1b81bdaf48362b1,6693.565600104543,6693.565600104543,373bc096448cdc507d5c00c27fc9560494f830151f5b976fd48b7ebb576c2024,cc4d532031d8b49a2bf7090f5ab4c8693f9b28e9449ac04ec1b81bdaf48362b1,6c9a928b81e9f356e9963f68819f878b34687b9659b42c863c2d9c5b23b21ce4,f5813a8cda35bb54b0d3123e62701165e10068f532b0aa0fda70926f2d7ddc32
24,Postojna,Slovenj_Gradec,1.1,travel_time,seconds,6374.824381051945,7012.30681915714,7.112306819157141e-07,145298,6.542252592059946,275640,6.262273956991963,6.064196000806987,6.169607548508793,6622513,88514776,8186.84147382711,False,7fae267d1b5f691bcdf4d543dab907175dc77b740960042b48a751bf15a2d693,923d90961262f4c4cc257099ce612a8470aa7f633416aef8d32c7ce75b0b6229,58e10b01925eabb867e4d5c253fa01fc8c347bdeca028c5810736c1c15620c74,373bc096448cdc507d5c00c27fc9560494f830151f5b976fd48b7ebb576c2024,cc4d532031d8b49a2bf7090f5ab4c8693f9b28e9449ac04ec1b81bdaf48362b1,travel_time,seconds,6374.824381051945,7012.30681915714,145298,275640,2.465813310416058,2.3842090007782155,78788,154820,True,966.0,8186.84147382711,4642998.368071488,4728571.011034513,2520766.701185369,2616437.9483310785,0,0,False,False,False,6c9a928b81e9f356e9963f68819f878b34687b9659b42c863c2d9c5b23b21ce4,15.901817008852959,17453565,233908488,e10a5d4bb2a927d1bdcf21a41d30971a9301a82e08656c0419ef45e3f92de7a7,7424eea357d98b54c4652062440a1d287d509f1b7250f7eabbcc5185cde923b5,37f0f75e71de97e0b045d53af23b181e034e6c3262a1a4079d582f37471bb1b8,373bc096448cdc507d5c00c27fc9560494f830151f5b976fd48b7ebb576c2024,cc4d532031d8b49a2bf7090f5ab4c8693f9b28e9449ac04ec1b81bdaf48362b1,7012.30681915714,7012.30681915714,373bc096448cdc507d5c00c27fc9560494f830151f5b976fd48b7ebb576c2024,cc4d532031d8b49a2bf7090f5ab4c8693f9b28e9449ac04ec1b81bdaf48362b1,6c9a928b81e9f356e9963f68819f878b34687b9659b42c863c2d9c5b23b21ce4,f5813a8cda35bb54b0d3123e62701165e10068f532b0aa0fda70926f2d7ddc32
24,Postojna,Slovenj_Gradec,1.2,travel_time,seconds,6374.824381051945,7649.789257262334,7.749789257262334e-07,271161,12.209416200605425,523922,11.903000638859178,6.0472950572147965,6.097956956364214,6622513,88514776,11085.575919200073,False,7fae267d1b5f691bcdf4d543dab907175dc77b740960042b48a751bf15a2d693,923d90961262f4c4cc257099ce612a8470aa7f633416aef8d32c7ce75b0b6229,58e10b01925eabb867e4d5c253fa01fc8c347bdeca028c5810736c1c15620c74,373bc096448cdc507d5c00c27fc9560494f830151f5b976fd48b7ebb576c2024,cc4d532031d8b49a2bf7090f5ab4c8693f9b28e9449ac04ec1b81bdaf48362b1,travel_time,seconds,6374.824381051945,7649.789257262334,271161,523922,4.601800458820691,4.531778943933117,125863,248282,True,1984.0,11085.575919200073,4632099.827405911,4737531.297531793,2515849.9761281563,2620994.824302655,0,0,False,False,False,6c9a928b81e9f356e9963f68819f878b34687b9659b42c863c2d9c5b23b21ce4,15.680631971918046,17453565,233908488,e10a5d4bb2a927d1bdcf21a41d30971a9301a82e08656c0419ef45e3f92de7a7,7424eea357d98b54c4652062440a1d287d509f1b7250f7eabbcc5185cde923b5,37f0f75e71de97e0b045d53af23b181e034e6c3262a1a4079d582f37471bb1b8,373bc096448cdc507d5c00c27fc9560494f830151f5b976fd48b7ebb576c2024,cc4d532031d8b49a2bf7090f5ab4c8693f9b28e9449ac04ec1b81bdaf48362b1,7649.789257262334,7649.789257262334,373bc096448cdc507d5c00c27fc9560494f830151f5b976fd48b7ebb576c2024,cc4d532031d8b49a2bf7090f5ab4c8693f9b28e9449ac04ec1b81bdaf48362b1,6c9a928b81e9f356e9963f68819f878b34687b9659b42c863c2d9c5b23b21ce4,f5813a8cda35bb54b0d3123e62701165e10068f532b0aa0fda70926f2d7ddc32
24,Postojna,Slovenj_Gradec,1.4,travel_time,seconds,6374.824381051945,8924.754133472723,9.024754133472723e-07,592921,26.697125556695724,1162703,26.415486564418906,5.980107933282852,6.1255588894709945,6622513,88514776,16481.741173022256,True,7fae267d1b5f691bcdf4d543dab907175dc77b740960042b48a751bf15a2d693,923d90961262f4c4cc257099ce612a8470aa7f633416aef8d32c7ce75b0b6229,58e10b01925eabb867e4d5c253fa01fc8c347bdeca028c5810736c1c15620c74,373bc096448cdc507d5c00c27fc9560494f830151f5b976fd48b7ebb576c2024,cc4d532031d8b49a2bf7090f5ab4c8693f9b28e9449ac04ec1b81bdaf48362b1,travel_time,seconds,6374.824381051945,8924.754133472723,593837,1164515,10.077848138429577,10.072729446166171,322676,640593,True,4475.0,16842.799384028873,4618072.687036085,4755437.139157191,2504740.7699481887,2627354.729556746,0,0,False,False,False,6c9a928b81e9f356e9963f68819f878b34687b9659b42c863c2d9c5b23b21ce4,15.58362296782434,17453565,233908488,e10a5d4bb2a927d1bdcf21a41d30971a9301a82e08656c0419ef45e3f92de7a7,7424eea357d98b54c4652062440a1d287d509f1b7250f7eabbcc5185cde923b5,37f0f75e71de97e0b045d53af23b181e034e6c3262a1a4079d582f37471bb1b8,373bc096448cdc507d5c00c27fc9560494f830151f5b976fd48b7ebb576c2024,cc4d532031d8b49a2bf7090f5ab4c8693f9b28e9449ac04ec1b81bdaf48362b1,8924.754133472723,8924.754133472723,373bc096448cdc507d5c00c27fc9560494f830151f5b976fd48b7ebb576c2024,cc4d532031d8b49a2bf7090f5ab4c8693f9b28e9449ac04ec1b81bdaf48362b1,6c9a928b81e9f356e9963f68819f878b34687b9659b42c863c2d9c5b23b21ce4,f5813a8cda35bb54b0d3123e62701165e10068f532b0aa0fda70926f2d7ddc32
24,Postojna,Slovenj_Gradec,1.6,travel_time,seconds,6374.824381051945,10199.719009683113,1.0299719009683111e-06,1021044,45.97398281880863,2012810,45.72909462840297,6.028088973835111,6.03581991745159,6622513,88514776,20610.97975844437,True,7fae267d1b5f691bcdf4d543dab907175dc77b740960042b48a751bf15a2d693,923d90961262f4c4cc257099ce612a8470aa7f633416aef8d32c7ce75b0b6229,58e10b01925eabb867e4d5c253fa01fc8c347bdeca028c5810736c1c15620c74,373bc096448cdc507d5c00c27fc9560494f830151f5b976fd48b7ebb576c2024,cc4d532031d8b49a2bf7090f5ab4c8693f9b28e9449ac04ec1b81bdaf48362b1,travel_time,seconds,6374.824381051945,10199.719009683113,1172047,2307922,19.89049465948058,19.962880588789943,578210,1143407,True,9131.0,22878.320859168616,4609352.795561377,4767333.789211424,2497166.747054071,2641983.6666757297,0,0,False,False,False,6c9a928b81e9f356e9963f68819f878b34687b9659b42c863c2d9c5b23b21ce4,15.701863099820912,17453565,233908488,e10a5d4bb2a927d1bdcf21a41d30971a9301a82e08656c0419ef45e3f92de7a7,7424eea357d98b54c4652062440a1d287d509f1b7250f7eabbcc5185cde923b5,37f0f75e71de97e0b045d53af23b181e034e6c3262a1a4079d582f37471bb1b8,373bc096448cdc507d5c00c27fc9560494f830151f5b976fd48b7ebb576c2024,cc4d532031d8b49a2bf7090f5ab4c8693f9b28e9449ac04ec1b81bdaf48362b1,10199.719009683113,10199.719009683113,373bc096448cdc507d5c00c27fc9560494f830151f5b976fd48b7ebb576c2024,cc4d532031d8b49a2bf7090f5ab4c8693f9b28e9449ac04ec1b81bdaf48362b1,6c9a928b81e9f356e9963f68819f878b34687b9659b42c863c2d9c5b23b21ce4,f5813a8cda35bb54b0d3123e62701165e10068f532b0aa0fda70926f2d7ddc32
24,Postojna,Slovenj_Gradec,2.0,travel_time,seconds,6374.824381051945,12749.64876210389,1.284964876210389e-06,1790777,80.63232439573383,3545302,80.54582928555915,5.678187008015811,6.079337769187987,6622513,88514776,29272.610197611448,True,7fae267d1b5f691bcdf4d543dab907175dc77b740960042b48a751bf15a2d693,923d90961262f4c4cc257099ce612a8470aa7f633416aef8d32c7ce75b0b6229,58e10b01925eabb867e4d5c253fa01fc8c347bdeca028c5810736c1c15620c74,373bc096448cdc507d5c00c27fc9560494f830151f5b976fd48b7ebb576c2024,cc4d532031d8b49a2bf7090f5ab4c8693f9b28e9449ac04ec1b81bdaf48362b1,travel_time,seconds,6374.824381051945,12749.64876210389,2341062,4620320,39.729534061785,39.964477327222475,1169015,2312398,True,18541.0,39181.97508610488,4576276.456238171,4789487.78503708,2482684.0785638094,2666454.684501262,0,0,False,False,False,6c9a928b81e9f356e9963f68819f878b34687b9659b42c863c2d9c5b23b21ce4,15.818845946341753,17453565,233908488,e10a5d4bb2a927d1bdcf21a41d30971a9301a82e08656c0419ef45e3f92de7a7,7424eea357d98b54c4652062440a1d287d509f1b7250f7eabbcc5185cde923b5,37f0f75e71de97e0b045d53af23b181e034e6c3262a1a4079d582f37471bb1b8,373bc096448cdc507d5c00c27fc9560494f830151f5b976fd48b7ebb576c2024,cc4d532031d8b49a2bf7090f5ab4c8693f9b28e9449ac04ec1b81bdaf48362b1,12749.64876210389,12749.64876210389,373bc096448cdc507d5c00c27fc9560494f830151f5b976fd48b7ebb576c2024,cc4d532031d8b49a2bf7090f5ab4c8693f9b28e9449ac04ec1b81bdaf48362b1,6c9a928b81e9f356e9963f68819f878b34687b9659b42c863c2d9c5b23b21ce4,f5813a8cda35bb54b0d3123e62701165e10068f532b0aa0fda70926f2d7ddc32
25,Kranj,Slovenj_Gradec,1.0,travel_time,seconds,5796.550021480506,5796.550021480506,5.896550021480506e-07,2972,0.13381859835374307,2971,0.06749824381883299,5.96174004022032,6.408587261103094,6622513,88514776,2940.4360744420765,False,7fae267d1b5f691bcdf4d543dab907175dc77b740960042b48a751bf15a2d693,923d90961262f4c4cc257099ce612a8470aa7f633416aef8d32c7ce75b0b6229,58e10b01925eabb867e4d5c253fa01fc8c347bdeca028c5810736c1c15620c74,373bc096448cdc507d5c00c27fc9560494f830151f5b976fd48b7ebb576c2024,cc4d532031d8b49a2bf7090f5ab4c8693f9b28e9449ac04ec1b81bdaf48362b1,travel_time,seconds,5796.550021480506,5796.550021480506,2972,2971,0.05043701330064092,0.025698320059904505,2972,2971,False,146.0,2940.4360744420765,4655567.526625091,4721228.398050124,2568876.9814303173,2613659.147896068,0,0,False,False,False,6c9a928b81e9f356e9963f68819f878b34687b9659b42c863c2d9c5b23b21ce4,16.175523051060736,17453565,233908488,e10a5d4bb2a927d1bdcf21a41d30971a9301a82e08656c0419ef45e3f92de7a7,7424eea357d98b54c4652062440a1d287d509f1b7250f7eabbcc5185cde923b5,37f0f75e71de97e0b045d53af23b181e034e6c3262a1a4079d582f37471bb1b8,373bc096448cdc507d5c00c27fc9560494f830151f5b976fd48b7ebb576c2024,cc4d532031d8b49a2bf7090f5ab4c8693f9b28e9449ac04ec1b81bdaf48362b1,5796.550021480506,5796.550021480506,373bc096448cdc507d5c00c27fc9560494f830151f5b976fd48b7ebb576c2024,cc4d532031d8b49a2bf7090f5ab4c8693f9b28e9449ac04ec1b81bdaf48362b1,6c9a928b81e9f356e9963f68819f878b34687b9659b42c863c2d9c5b23b21ce4,f5813a8cda35bb54b0d3123e62701165e10068f532b0aa0fda70926f2d7ddc32
25,Kranj,Slovenj_Gradec,1.05,travel_time,seconds,5796.550021480506,6086.377522554531,6.186377522554532e-07,69261,3.1185766960224086,128046,2.9090811605608513,5.915854009799659,5.934963701292872,6622513,88514776,4075.7053517759555,False,7fae267d1b5f691bcdf4d543dab907175dc77b740960042b48a751bf15a2d693,923d90961262f4c4cc257099ce612a8470aa7f633416aef8d32c7ce75b0b6229,58e10b01925eabb867e4d5c253fa01fc8c347bdeca028c5810736c1c15620c74,373bc096448cdc507d5c00c27fc9560494f830151f5b976fd48b7ebb576c2024,cc4d532031d8b49a2bf7090f5ab4c8693f9b28e9449ac04ec1b81bdaf48362b1,travel_time,seconds,5796.550021480506,6086.377522554531,69261,128046,1.175409817703799,1.107562130727207,66289,125075,True,525.0,4075.7053517759555,4652238.970617905,4723788.444351104,2558667.2403455954,2615630.697085667,0,0,False,False,False,6c9a928b81e9f356e9963f68819f878b34687b9659b42c863c2d9c5b23b21ce4,15.622662962414324,17453565,233908488,e10a5d4bb2a927d1bdcf21a41d30971a9301a82e08656c0419ef45e3f92de7a7,7424eea357d98b54c4652062440a1d287d509f1b7250f7eabbcc5185cde923b5,37f0f75e71de97e0b045d53af23b181e034e6c3262a1a4079d582f37471bb1b8,373bc096448cdc507d5c00c27fc9560494f830151f5b976fd48b7ebb576c2024,cc4d532031d8b49a2bf7090f5ab4c8693f9b28e9449ac04ec1b81bdaf48362b1,6086.377522554531,6086.377522554531,373bc096448cdc507d5c00c27fc9560494f830151f5b976fd48b7ebb576c2024,cc4d532031d8b49a2bf7090f5ab4c8693f9b28e9449ac04ec1b81bdaf48362b1,6c9a928b81e9f356e9963f68819f878b34687b9659b42c863c2d9c5b23b21ce4,f5813a8cda35bb54b0d3123e62701165e10068f532b0aa0fda70926f2d7ddc32
25,Kranj,Slovenj_Gradec,1.1,travel_time,seconds,5796.550021480506,6376.205023628557,6.476205023628557e-07,149741,6.742305092896313,284526,6.464155274586764,5.880586104467511,6.046590115875006,6622513,88514776,4895.637832843942,False,7fae267d1b5f691bcdf4d543dab907175dc77b740960042b48a751bf15a2d693,923d90961262f4c4cc257099ce612a8470aa7f633416aef8d32c7ce75b0b6229,58e10b01925eabb867e4d5c253fa01fc8c347bdeca028c5810736c1c15620c74,373bc096448cdc507d5c00c27fc9560494f830151f5b976fd48b7ebb576c2024,cc4d532031d8b49a2bf7090f5ab4c8693f9b28e9449ac04ec1b81bdaf48362b1,travel_time,seconds,5796.550021480506,6376.205023628557,149741,284526,2.54121426939814,2.461070418500299,80480,156480,True,989.0,4895.637832843942,4650965.240701996,4728571.011034513,2554379.6654856633,2617463.091007601,0,0,False,False,False,6c9a928b81e9f356e9963f68819f878b34687b9659b42c863c2d9c5b23b21ce4,15.660098055377603,17453565,233908488,e10a5d4bb2a927d1bdcf21a41d30971a9301a82e08656c0419ef45e3f92de7a7,7424eea357d98b54c4652062440a1d287d509f1b7250f7eabbcc5185cde923b5,37f0f75e71de97e0b045d53af23b181e034e6c3262a1a4079d582f37471bb1b8,373bc096448cdc507d5c00c27fc9560494f830151f5b976fd48b7ebb576c2024,cc4d532031d8b49a2bf7090f5ab4c8693f9b28e9449ac04ec1b81bdaf48362b1,6376.205023628557,6376.205023628557,373bc096448cdc507d5c00c27fc9560494f830151f5b976fd48b7ebb576c2024,cc4d532031d8b49a2bf7090f5ab4c8693f9b28e9449ac04ec1b81bdaf48362b1,6c9a928b81e9f356e9963f68819f878b34687b9659b42c863c2d9c5b23b21ce4,f5813a8cda35bb54b0d3123e62701165e10068f532b0aa0fda70926f2d7ddc32
25,Kranj,Slovenj_Gradec,1.2,travel_time,seconds,5796.550021480506,6955.8600257766075,7.055860025776608e-07,275378,12.399292724581784,532121,12.089273981528518,5.657654022797942,6.086021556984633,6622513,88514776,6722.583715218616,False,7fae267d1b5f691bcdf4d543dab907175dc77b740960042b48a751bf15a2d693,923d90961262f4c4cc257099ce612a8470aa7f633416aef8d32c7ce75b0b6229,58e10b01925eabb867e4d5c253fa01fc8c347bdeca028c5810736c1c15620c74,373bc096448cdc507d5c00c27fc9560494f830151f5b976fd48b7ebb576c2024,cc4d532031d8b49a2bf7090f5ab4c8693f9b28e9449ac04ec1b81bdaf48362b1,travel_time,seconds,5796.550021480506,6955.8600257766075,315517,611216,5.354554214528371,5.286847658611442,165776,326690,True,2370.0,7745.721669134613,4643402.103683904,4737100.818731581,2549834.760221855,2632501.013064205,0,0,False,False,False,6c9a928b81e9f356e9963f68819f878b34687b9659b42c863c2d9c5b23b21ce4,15.662891906686127,17453565,233908488,e10a5d4bb2a927d1bdcf21a41d30971a9301a82e08656c0419ef45e3f92de7a7,7424eea357d98b54c4652062440a1d287d509f1b7250f7eabbcc5185cde923b5,37f0f75e71de97e0b045d53af23b181e034e6c3262a1a4079d582f37471bb1b8,373bc096448cdc507d5c00c27fc9560494f830151f5b976fd48b7ebb576c2024,cc4d532031d8b49a2bf7090f5ab4c8693f9b28e9449ac04ec1b81bdaf48362b1,6955.8600257766075,6955.8600257766075,373bc096448cdc507d5c00c27fc9560494f830151f5b976fd48b7ebb576c2024,cc4d532031d8b49a2bf7090f5ab4c8693f9b28e9449ac04ec1b81bdaf48362b1,6c9a928b81e9f356e9963f68819f878b34687b9659b42c863c2d9c5b23b21ce4,f5813a8cda35bb54b0d3123e62701165e10068f532b0aa0fda70926f2d7ddc32
25,Kranj,Slovenj_Gradec,1.4,travel_time,seconds,5796.550021480506,8115.170030072708,8.215170030072709e-07,511891,23.04863261436605,1003017,22.787575234074186,5.8789089089259505,5.95515426248312,6622513,88514776,10146.416837651675,True,7fae267d1b5f691bcdf4d543dab907175dc77b740960042b48a751bf15a2d693,923d90961262f4c4cc257099ce612a8470aa7f633416aef8d32c7ce75b0b6229,58e10b01925eabb867e4d5c253fa01fc8c347bdeca028c5810736c1c15620c74,373bc096448cdc507d5c00c27fc9560494f830151f5b976fd48b7ebb576c2024,cc4d532031d8b49a2bf7090f5ab4c8693f9b28e9449ac04ec1b81bdaf48362b1,travel_time,seconds,5796.550021480506,8115.170030072708,711742,1398811,12.078782207478051,12.09932439626896,396225,787595,True,5620.0,15566.28414538089,4610760.957525258,4753414.778008994,2541357.67947964,2650476.973253869,0,0,False,False,False,6c9a928b81e9f356e9963f68819f878b34687b9659b42c863c2d9c5b23b21ce4,15.73559595271945,17453565,233908488,e10a5d4bb2a927d1bdcf21a41d30971a9301a82e08656c0419ef45e3f92de7a7,7424eea357d98b54c4652062440a1d287d509f1b7250f7eabbcc5185cde923b5,37f0f75e71de97e0b045d53af23b181e034e6c3262a1a4079d582f37471bb1b8,373bc096448cdc507d5c00c27fc9560494f830151f5b976fd48b7ebb576c2024,cc4d532031d8b49a2bf7090f5ab4c8693f9b28e9449ac04ec1b81bdaf48362b1,8115.170030072708,8115.170030072708,373bc096448cdc507d5c00c27fc9560494f830151f5b976fd48b7ebb576c2024,cc4d532031d8b49a2bf7090f5ab4c8693f9b28e9449ac04ec1b81bdaf48362b1,6c9a928b81e9f356e9963f68819f878b34687b9659b42c863c2d9c5b23b21ce4,f5813a8cda35bb54b0d3123e62701165e10068f532b0aa0fda70926f2d7ddc32
25,Kranj,Slovenj_Gradec,1.6,travel_time,seconds,5796.550021480506,9274.48003436881,9.374480034368809e-07,790172,35.578637112508034,1557638,35.388027433685416,5.979968933388591,6.044459401164204,6622513,88514776,15193.970753035726,True,7fae267d1b5f691bcdf4d543dab907175dc77b740960042b48a751bf15a2d693,923d90961262f4c4cc257099ce612a8470aa7f633416aef8d32c7ce75b0b6229,58e10b01925eabb867e4d5c253fa01fc8c347bdeca028c5810736c1c15620c74,373bc096448cdc507d5c00c27fc9560494f830151f5b976fd48b7ebb576c2024,cc4d532031d8b49a2bf7090f5ab4c8693f9b28e9449ac04ec1b81bdaf48362b1,travel_time,seconds,5796.550021480506,9274.48003436881,1076005,2124856,18.260591687939478,18.379410827737612,364263,726045,True,8562.0,22721.757685519482,4596705.978444773,4763990.386666017,2523843.099571841,2659670.209385139,0,0,False,False,False,6c9a928b81e9f356e9963f68819f878b34687b9659b42c863c2d9c5b23b21ce4,15.620568068698049,17453565,233908488,e10a5d4bb2a927d1bdcf21a41d30971a9301a82e08656c0419ef45e3f92de7a7,7424eea357d98b54c4652062440a1d287d509f1b7250f7eabbcc5185cde923b5,37f0f75e71de97e0b045d53af23b181e034e6c3262a1a4079d582f37471bb1b8,373bc096448cdc507d5c00c27fc9560494f830151f5b976fd48b7ebb576c2024,cc4d532031d8b49a2bf7090f5ab4c8693f9b28e9449ac04ec1b81bdaf48362b1,9274.48003436881,9274.48003436881,373bc096448cdc507d5c00c27fc9560494f830151f5b976fd48b7ebb576c2024,cc4d532031d8b49a2bf7090f5ab4c8693f9b28e9449ac04ec1b81bdaf48362b1,6c9a928b81e9f356e9963f68819f878b34687b9659b42c863c2d9c5b23b21ce4,f5813a8cda35bb54b0d3123e62701165e10068f532b0aa0fda70926f2d7ddc32
25,Kranj,Slovenj_Gradec,2.0,travel_time,seconds,5796.550021480506,11593.100042961012,1.1693100042961012e-06,1492827,67.2166947256471,2955189,67.13903320522829,6.091225077398121,6.151819322258234,6622513,88514776,23810.832482458976,True,7fae267d1b5f691bcdf4d543dab907175dc77b740960042b48a751bf15a2d693,923d90961262f4c4cc257099ce612a8470aa7f633416aef8d32c7ce75b0b6229,58e10b01925eabb867e4d5c253fa01fc8c347bdeca028c5810736c1c15620c74,373bc096448cdc507d5c00c27fc9560494f830151f5b976fd48b7ebb576c2024,cc4d532031d8b49a2bf7090f5ab4c8693f9b28e9449ac04ec1b81bdaf48362b1,travel_time,seconds,5796.550021480506,11593.100042961012,2023889,4009821,34.346876316292345,34.6838315183192,947884,1884965,True,16414.0,36304.35236609998,4573051.146341437,4783541.054531323,2504711.5574812526,2677187.0584603744,0,0,False,False,False,6c9a928b81e9f356e9963f68819f878b34687b9659b42c863c2d9c5b23b21ce4,15.85299801081419,17453565,233908488,e10a5d4bb2a927d1bdcf21a41d30971a9301a82e08656c0419ef45e3f92de7a7,7424eea357d98b54c4652062440a1d287d509f1b7250f7eabbcc5185cde923b5,37f0f75e71de97e0b045d53af23b181e034e6c3262a1a4079d582f37471bb1b8,373bc096448cdc507d5c00c27fc9560494f830151f5b976fd48b7ebb576c2024,cc4d532031d8b49a2bf7090f5ab4c8693f9b28e9449ac04ec1b81bdaf48362b1,11593.100042961012,11593.100042961012,373bc096448cdc507d5c00c27fc9560494f830151f5b976fd48b7ebb576c2024,cc4d532031d8b49a2bf7090f5ab4c8693f9b28e9449ac04ec1b81bdaf48362b1,6c9a928b81e9f356e9963f68819f878b34687b9659b42c863c2d9c5b23b21ce4,f5813a8cda35bb54b0d3123e62701165e10068f532b0aa0fda70926f2d7ddc32
26,Koper,Novo_mesto,1.0,travel_time,seconds,5977.325082454534,5977.325082454534,6.077325082454534e-07,2650,0.11932008265054479,2649,0.06018271554227148,5.963556002825499,6.288336310535669,6622513,88514776,6503.840307669952,False,7fae267d1b5f691bcdf4d543dab907175dc77b740960042b48a751bf15a2d693,923d90961262f4c4cc257099ce612a8470aa7f633416aef8d32c7ce75b0b6229,58e10b01925eabb867e4d5c253fa01fc8c347bdeca028c5810736c1c15620c74,373bc096448cdc507d5c00c27fc9560494f830151f5b976fd48b7ebb576c2024,cc4d532031d8b49a2bf7090f5ab4c8693f9b28e9449ac04ec1b81bdaf48362b1,travel_time,seconds,5977.325082454534,5977.325082454534,2650,2649,0.044972437835362866,0.022913110009655683,2650,2649,False,206.0,6503.840307669952,4612225.048949932,4722869.101314604,2498676.5127922962,2557458.1659283717,0,0,False,False,False,6c9a928b81e9f356e9963f68819f878b34687b9659b42c863c2d9c5b23b21ce4,16.059376997873187,17453565,233908488,e10a5d4bb2a927d1bdcf21a41d30971a9301a82e08656c0419ef45e3f92de7a7,7424eea357d98b54c4652062440a1d287d509f1b7250f7eabbcc5185cde923b5,37f0f75e71de97e0b045d53af23b181e034e6c3262a1a4079d582f37471bb1b8,373bc096448cdc507d5c00c27fc9560494f830151f5b976fd48b7ebb576c2024,cc4d532031d8b49a2bf7090f5ab4c8693f9b28e9449ac04ec1b81bdaf48362b1,5977.325082454534,5977.325082454534,373bc096448cdc507d5c00c27fc9560494f830151f5b976fd48b7ebb576c2024,cc4d532031d8b49a2bf7090f5ab4c8693f9b28e9449ac04ec1b81bdaf48362b1,6c9a928b81e9f356e9963f68819f878b34687b9659b42c863c2d9c5b23b21ce4,f5813a8cda35bb54b0d3123e62701165e10068f532b0aa0fda70926f2d7ddc32
26,Koper,Novo_mesto,1.05,travel_time,seconds,5977.325082454534,6276.191336577261,6.37619133657726e-07,34359,1.547063667845309,60503,1.3745695879403743,5.866128019988537,6.089332548435777,6622513,88514776,7298.59716419956,False,7fae267d1b5f691bcdf4d543dab907175dc77b740960042b48a751bf15a2d693,923d90961262f4c4cc257099ce612a8470aa7f633416aef8d32c7ce75b0b6229,58e10b01925eabb867e4d5c253fa01fc8c347bdeca028c5810736c1c15620c74,373bc096448cdc507d5c00c27fc9560494f830151f5b976fd48b7ebb576c2024,cc4d532031d8b49a2bf7090f5ab4c8693f9b28e9449ac04ec1b81bdaf48362b1,travel_time,seconds,5977.325082454534,6276.191336577261,34359,60503,0.5830973553151821,0.5233340486652314,31709,57854,True,355.0,7298.59716419956,4610335.759649331,4725369.436738553,2496585.032583257,2560032.5146500836,0,0,False,False,False,6c9a928b81e9f356e9963f68819f878b34687b9659b42c863c2d9c5b23b21ce4,15.73105703573674,17453565,233908488,e10a5d4bb2a927d1bdcf21a41d30971a9301a82e08656c0419ef45e3f92de7a7,7424eea357d98b54c4652062440a1d287d509f1b7250f7eabbcc5185cde923b5,37f0f75e71de97e0b045d53af23b181e034e6c3262a1a4079d582f37471bb1b8,373bc096448cdc507d5c00c27fc9560494f830151f5b976fd48b7ebb576c2024,cc4d532031d8b49a2bf7090f5ab4c8693f9b28e9449ac04ec1b81bdaf48362b1,6276.191336577261,6276.191336577261,373bc096448cdc507d5c00c27fc9560494f830151f5b976fd48b7ebb576c2024,cc4d532031d8b49a2bf7090f5ab4c8693f9b28e9449ac04ec1b81bdaf48362b1,6c9a928b81e9f356e9963f68819f878b34687b9659b42c863c2d9c5b23b21ce4,f5813a8cda35bb54b0d3123e62701165e10068f532b0aa0fda70926f2d7ddc32
26,Koper,Novo_mesto,1.1,travel_time,seconds,5977.325082454534,6575.0575906999875,6.675057590699988e-07,104647,4.711882524200589,194838,4.426530740213322,5.900210002437234,5.9148557018488646,6622513,88514776,8365.7039402823,True,7fae267d1b5f691bcdf4d543dab907175dc77b740960042b48a751bf15a2d693,923d90961262f4c4cc257099ce612a8470aa7f633416aef8d32c7ce75b0b6229,58e10b01925eabb867e4d5c253fa01fc8c347bdeca028c5810736c1c15620c74,373bc096448cdc507d5c00c27fc9560494f830151f5b976fd48b7ebb576c2024,cc4d532031d8b49a2bf7090f5ab4c8693f9b28e9449ac04ec1b81bdaf48362b1,travel_time,seconds,5977.325082454534,6575.0575906999875,105304,195951,1.7870858844585098,1.6949214116655495,70945,135448,True,755.0,8365.7039402823,4607690.763324629,4729066.064872188,2495632.389978623,2564556.6590318647,0,0,False,False,False,6c9a928b81e9f356e9963f68819f878b34687b9659b42c863c2d9c5b23b21ce4,15.8218489959836,17453565,233908488,e10a5d4bb2a927d1bdcf21a41d30971a9301a82e08656c0419ef45e3f92de7a7,7424eea357d98b54c4652062440a1d287d509f1b7250f7eabbcc5185cde923b5,37f0f75e71de97e0b045d53af23b181e034e6c3262a1a4079d582f37471bb1b8,373bc096448cdc507d5c00c27fc9560494f830151f5b976fd48b7ebb576c2024,cc4d532031d8b49a2bf7090f5ab4c8693f9b28e9449ac04ec1b81bdaf48362b1,6575.0575906999875,6575.0575906999875,373bc096448cdc507d5c00c27fc9560494f830151f5b976fd48b7ebb576c2024,cc4d532031d8b49a2bf7090f5ab4c8693f9b28e9449ac04ec1b81bdaf48362b1,6c9a928b81e9f356e9963f68819f878b34687b9659b42c863c2d9c5b23b21ce4,f5813a8cda35bb54b0d3123e62701165e10068f532b0aa0fda70926f2d7ddc32
26,Koper,Novo_mesto,1.2,travel_time,seconds,5977.325082454534,7172.79009894544,7.272790098945441e-07,244125,10.99208119889217,465282,10.570756607376051,5.862566991709173,5.920080572832376,6622513,88514776,10270.105004360705,True,7fae267d1b5f691bcdf4d543dab907175dc77b740960042b48a751bf15a2d693,923d90961262f4c4cc257099ce612a8470aa7f633416aef8d32c7ce75b0b6229,58e10b01925eabb867e4d5c253fa01fc8c347bdeca028c5810736c1c15620c74,373bc096448cdc507d5c00c27fc9560494f830151f5b976fd48b7ebb576c2024,cc4d532031d8b49a2bf7090f5ab4c8693f9b28e9449ac04ec1b81bdaf48362b1,travel_time,seconds,5977.325082454534,7172.79009894544,270720,513341,4.594316366335636,4.440256249704288,165416,317390,True,1812.0,10270.105004360705,4602819.319627185,4734834.918903102,2491988.3146469556,2569782.946953217,0,0,False,False,False,6c9a928b81e9f356e9963f68819f878b34687b9659b42c863c2d9c5b23b21ce4,15.539483050815761,17453565,233908488,e10a5d4bb2a927d1bdcf21a41d30971a9301a82e08656c0419ef45e3f92de7a7,7424eea357d98b54c4652062440a1d287d509f1b7250f7eabbcc5185cde923b5,37f0f75e71de97e0b045d53af23b181e034e6c3262a1a4079d582f37471bb1b8,373bc096448cdc507d5c00c27fc9560494f830151f5b976fd48b7ebb576c2024,cc4d532031d8b49a2bf7090f5ab4c8693f9b28e9449ac04ec1b81bdaf48362b1,7172.79009894544,7172.79009894544,373bc096448cdc507d5c00c27fc9560494f830151f5b976fd48b7ebb576c2024,cc4d532031d8b49a2bf7090f5ab4c8693f9b28e9449ac04ec1b81bdaf48362b1,6c9a928b81e9f356e9963f68819f878b34687b9659b42c863c2d9c5b23b21ce4,f5813a8cda35bb54b0d3123e62701165e10068f532b0aa0fda70926f2d7ddc32
26,Koper,Novo_mesto,1.4,travel_time,seconds,5977.325082454534,8368.255115436346,8.468255115436346e-07,539027,24.270470260707626,1053049,23.924253838834822,5.898884031921625,5.988391756545752,6622513,88514776,13891.272784013217,True,7fae267d1b5f691bcdf4d543dab907175dc77b740960042b48a751bf15a2d693,923d90961262f4c4cc257099ce612a8470aa7f633416aef8d32c7ce75b0b6229,58e10b01925eabb867e4d5c253fa01fc8c347bdeca028c5810736c1c15620c74,373bc096448cdc507d5c00c27fc9560494f830151f5b976fd48b7ebb576c2024,cc4d532031d8b49a2bf7090f5ab4c8693f9b28e9449ac04ec1b81bdaf48362b1,travel_time,seconds,5977.325082454534,8368.255115436346,593030,1150258,10.064152758303864,9.949410378817111,322310,636917,True,4244.0,14458.743992756328,4599463.823267034,4748491.963808885,2485652.9153845683,2582673.142169831,0,0,False,False,False,6c9a928b81e9f356e9963f68819f878b34687b9659b42c863c2d9c5b23b21ce4,15.717508038505912,17453565,233908488,e10a5d4bb2a927d1bdcf21a41d30971a9301a82e08656c0419ef45e3f92de7a7,7424eea357d98b54c4652062440a1d287d509f1b7250f7eabbcc5185cde923b5,37f0f75e71de97e0b045d53af23b181e034e6c3262a1a4079d582f37471bb1b8,373bc096448cdc507d5c00c27fc9560494f830151f5b976fd48b7ebb576c2024,cc4d532031d8b49a2bf7090f5ab4c8693f9b28e9449ac04ec1b81bdaf48362b1,8368.255115436346,8368.255115436346,373bc096448cdc507d5c00c27fc9560494f830151f5b976fd48b7ebb576c2024,cc4d532031d8b49a2bf7090f5ab4c8693f9b28e9449ac04ec1b81bdaf48362b1,6c9a928b81e9f356e9963f68819f878b34687b9659b42c863c2d9c5b23b21ce4,f5813a8cda35bb54b0d3123e62701165e10068f532b0aa0fda70926f2d7ddc32
26,Koper,Novo_mesto,1.6,travel_time,seconds,5977.325082454534,9563.720131927255,9.663720131927254e-07,848542,38.206830782059846,1672707,38.002283717088076,5.917042028158903,5.949727259576321,6622513,88514776,17922.21395033065,True,7fae267d1b5f691bcdf4d543dab907175dc77b740960042b48a751bf15a2d693,923d90961262f4c4cc257099ce612a8470aa7f633416aef8d32c7ce75b0b6229,58e10b01925eabb867e4d5c253fa01fc8c347bdeca028c5810736c1c15620c74,373bc096448cdc507d5c00c27fc9560494f830151f5b976fd48b7ebb576c2024,cc4d532031d8b49a2bf7090f5ab4c8693f9b28e9449ac04ec1b81bdaf48362b1,travel_time,seconds,5977.325082454534,9563.720131927255,937724,1835538,15.91386199876521,15.876890947868393,344694,685280,True,7190.0,21082.78441512891,4589891.746108152,4765730.132840682,2474682.7911452684,2594581.4367532847,0,0,False,False,False,6c9a928b81e9f356e9963f68819f878b34687b9659b42c863c2d9c5b23b21ce4,15.753614949062467,17453565,233908488,e10a5d4bb2a927d1bdcf21a41d30971a9301a82e08656c0419ef45e3f92de7a7,7424eea357d98b54c4652062440a1d287d509f1b7250f7eabbcc5185cde923b5,37f0f75e71de97e0b045d53af23b181e034e6c3262a1a4079d582f37471bb1b8,373bc096448cdc507d5c00c27fc9560494f830151f5b976fd48b7ebb576c2024,cc4d532031d8b49a2bf7090f5ab4c8693f9b28e9449ac04ec1b81bdaf48362b1,9563.720131927255,9563.720131927255,373bc096448cdc507d5c00c27fc9560494f830151f5b976fd48b7ebb576c2024,cc4d532031d8b49a2bf7090f5ab4c8693f9b28e9449ac04ec1b81bdaf48362b1,6c9a928b81e9f356e9963f68819f878b34687b9659b42c863c2d9c5b23b21ce4,f5813a8cda35bb54b0d3123e62701165e10068f532b0aa0fda70926f2d7ddc32
26,Koper,Novo_mesto,2.0,travel_time,seconds,5977.325082454534,11954.650164909068,1.2054650164909067e-06,1344270,60.52770094515014,2662674,60.49337558467429,5.972704966552556,6.008910178206861,6622513,88514776,20601.17361119959,True,7fae267d1b5f691bcdf4d543dab907175dc77b740960042b48a751bf15a2d693,923d90961262f4c4cc257099ce612a8470aa7f633416aef8d32c7ce75b0b6229,58e10b01925eabb867e4d5c253fa01fc8c347bdeca028c5810736c1c15620c74,373bc096448cdc507d5c00c27fc9560494f830151f5b976fd48b7ebb576c2024,cc4d532031d8b49a2bf7090f5ab4c8693f9b28e9449ac04ec1b81bdaf48362b1,travel_time,seconds,5977.325082454534,11954.650164909068,1807213,3530636,30.669726150097972,30.539015127236958,869489,1695098,True,14658.0,39076.538305767775,4555720.237221022,4795922.954211196,2451228.939277784,2613910.4392849896,0,0,False,False,False,6c9a928b81e9f356e9963f68819f878b34687b9659b42c863c2d9c5b23b21ce4,15.688173938542604,17453565,233908488,e10a5d4bb2a927d1bdcf21a41d30971a9301a82e08656c0419ef45e3f92de7a7,7424eea357d98b54c4652062440a1d287d509f1b7250f7eabbcc5185cde923b5,37f0f75e71de97e0b045d53af23b181e034e6c3262a1a4079d582f37471bb1b8,373bc096448cdc507d5c00c27fc9560494f830151f5b976fd48b7ebb576c2024,cc4d532031d8b49a2bf7090f5ab4c8693f9b28e9449ac04ec1b81bdaf48362b1,11954.650164909068,11954.650164909068,373bc096448cdc507d5c00c27fc9560494f830151f5b976fd48b7ebb576c2024,cc4d532031d8b49a2bf7090f5ab4c8693f9b28e9449ac04ec1b81bdaf48362b1,6c9a928b81e9f356e9963f68819f878b34687b9659b42c863c2d9c5b23b21ce4,f5813a8cda35bb54b0d3123e62701165e10068f532b0aa0fda70926f2d7ddc32
27,Celje,Ljubljana,1.0,travel_time,seconds,2889.288080181815,2889.288080181815,2.989288080181815e-07,1196,0.053851629754736445,1195,0.02714924313817079,6.09841791447252,6.32130749290809,6622513,88514776,1567.035808978912,False,7fae267d1b5f691bcdf4d543dab907175dc77b740960042b48a751bf15a2d693,923d90961262f4c4cc257099ce612a8470aa7f633416aef8d32c7ce75b0b6229,58e10b01925eabb867e4d5c253fa01fc8c347bdeca028c5810736c1c15620c74,373bc096448cdc507d5c00c27fc9560494f830151f5b976fd48b7ebb576c2024,cc4d532031d8b49a2bf7090f5ab4c8693f9b28e9449ac04ec1b81bdaf48362b1,travel_time,seconds,2889.288080181815,2889.288080181815,1196,1195,0.020296994585318483,0.01033641618027125,1196,1195,False,87.0,1567.035808978912,4671301.03051882,4728571.011034513,2559498.676940306,2586860.9319099844,0,0,False,False,False,6c9a928b81e9f356e9963f68819f878b34687b9659b42c863c2d9c5b23b21ce4,16.435330035164952,17453565,233908488,e10a5d4bb2a927d1bdcf21a41d30971a9301a82e08656c0419ef45e3f92de7a7,7424eea357d98b54c4652062440a1d287d509f1b7250f7eabbcc5185cde923b5,37f0f75e71de97e0b045d53af23b181e034e6c3262a1a4079d582f37471bb1b8,373bc096448cdc507d5c00c27fc9560494f830151f5b976fd48b7ebb576c2024,cc4d532031d8b49a2bf7090f5ab4c8693f9b28e9449ac04ec1b81bdaf48362b1,2889.288080181815,2889.288080181815,373bc096448cdc507d5c00c27fc9560494f830151f5b976fd48b7ebb576c2024,cc4d532031d8b49a2bf7090f5ab4c8693f9b28e9449ac04ec1b81bdaf48362b1,6c9a928b81e9f356e9963f68819f878b34687b9659b42c863c2d9c5b23b21ce4,f5813a8cda35bb54b0d3123e62701165e10068f532b0aa0fda70926f2d7ddc32
27,Celje,Ljubljana,1.05,travel_time,seconds,2889.288080181815,3033.7524841909058,3.133752484190906e-07,11647,0.5244230198607152,18287,0.4154629366257149,5.991282989270985,6.065327778924257,6622513,88514776,1697.85998553346,False,7fae267d1b5f691bcdf4d543dab907175dc77b740960042b48a751bf15a2d693,923d90961262f4c4cc257099ce612a8470aa7f633416aef8d32c7ce75b0b6229,58e10b01925eabb867e4d5c253fa01fc8c347bdeca028c5810736c1c15620c74,373bc096448cdc507d5c00c27fc9560494f830151f5b976fd48b7ebb576c2024,cc4d532031d8b49a2bf7090f5ab4c8693f9b28e9449ac04ec1b81bdaf48362b1,travel_time,seconds,2889.288080181815,3033.7524841909058,11647,18287,0.19765810696923444,0.15817744158043545,10451,17092,True,138.0,1697.85998553346,4670575.685158327,4728955.543317834,2558665.7345326506,2587748.710049558,0,0,False,False,False,6c9a928b81e9f356e9963f68819f878b34687b9659b42c863c2d9c5b23b21ce4,15.65241499338299,17453565,233908488,e10a5d4bb2a927d1bdcf21a41d30971a9301a82e08656c0419ef45e3f92de7a7,7424eea357d98b54c4652062440a1d287d509f1b7250f7eabbcc5185cde923b5,37f0f75e71de97e0b045d53af23b181e034e6c3262a1a4079d582f37471bb1b8,373bc096448cdc507d5c00c27fc9560494f830151f5b976fd48b7ebb576c2024,cc4d532031d8b49a2bf7090f5ab4c8693f9b28e9449ac04ec1b81bdaf48362b1,3033.7524841909058,3033.7524841909058,373bc096448cdc507d5c00c27fc9560494f830151f5b976fd48b7ebb576c2024,cc4d532031d8b49a2bf7090f5ab4c8693f9b28e9449ac04ec1b81bdaf48362b1,6c9a928b81e9f356e9963f68819f878b34687b9659b42c863c2d9c5b23b21ce4,f5813a8cda35bb54b0d3123e62701165e10068f532b0aa0fda70926f2d7ddc32
27,Celje,Ljubljana,1.1,travel_time,seconds,2889.288080181815,3178.216888199997,3.278216888199997e-07,29449,1.325983816594677,51254,1.1644412617605069,5.832325085066259,5.9254795662127435,6622513,88514776,1900.565477985866,False,7fae267d1b5f691bcdf4d543dab907175dc77b740960042b48a751bf15a2d693,923d90961262f4c4cc257099ce612a8470aa7f633416aef8d32c7ce75b0b6229,58e10b01925eabb867e4d5c253fa01fc8c347bdeca028c5810736c1c15620c74,373bc096448cdc507d5c00c27fc9560494f830151f5b976fd48b7ebb576c2024,cc4d532031d8b49a2bf7090f5ab4c8693f9b28e9449ac04ec1b81bdaf48362b1,travel_time,seconds,2889.288080181815,3178.216888199997,29449,51254,0.49977106483532113,0.4433327823461277,17802,32967,True,221.0,1900.565477985866,4669520.517692793,4731145.751328645,2557852.90837139,2588693.6105619315,0,0,False,False,False,6c9a928b81e9f356e9963f68819f878b34687b9659b42c863c2d9c5b23b21ce4,15.486823045648634,17453565,233908488,e10a5d4bb2a927d1bdcf21a41d30971a9301a82e08656c0419ef45e3f92de7a7,7424eea357d98b54c4652062440a1d287d509f1b7250f7eabbcc5185cde923b5,37f0f75e71de97e0b045d53af23b181e034e6c3262a1a4079d582f37471bb1b8,373bc096448cdc507d5c00c27fc9560494f830151f5b976fd48b7ebb576c2024,cc4d532031d8b49a2bf7090f5ab4c8693f9b28e9449ac04ec1b81bdaf48362b1,3178.216888199997,3178.216888199997,373bc096448cdc507d5c00c27fc9560494f830151f5b976fd48b7ebb576c2024,cc4d532031d8b49a2bf7090f5ab4c8693f9b28e9449ac04ec1b81bdaf48362b1,6c9a928b81e9f356e9963f68819f878b34687b9659b42c863c2d9c5b23b21ce4,f5813a8cda35bb54b0d3123e62701165e10068f532b0aa0fda70926f2d7ddc32
27,Celje,Ljubljana,1.2,travel_time,seconds,2889.288080181815,3467.145696218178,3.567145696218178e-07,74218,3.3417727902483523,136894,3.1100991549428887,5.844199098646641,5.956523516215384,6622513,88514776,2467.386573581036,False,7fae267d1b5f691bcdf4d543dab907175dc77b740960042b48a751bf15a2d693,923d90961262f4c4cc257099ce612a8470aa7f633416aef8d32c7ce75b0b6229,58e10b01925eabb867e4d5c253fa01fc8c347bdeca028c5810736c1c15620c74,373bc096448cdc507d5c00c27fc9560494f830151f5b976fd48b7ebb576c2024,cc4d532031d8b49a2bf7090f5ab4c8693f9b28e9449ac04ec1b81bdaf48362b1,travel_time,seconds,2889.288080181815,3467.145696218178,74218,136894,1.2595337325528155,1.184094859064479,44769,85640,True,433.0,2467.386573581036,4666212.116192812,4732786.270672592,2554232.311757111,2591294.5409789695,0,0,False,False,False,6c9a928b81e9f356e9963f68819f878b34687b9659b42c863c2d9c5b23b21ce4,15.357478056102991,17453565,233908488,e10a5d4bb2a927d1bdcf21a41d30971a9301a82e08656c0419ef45e3f92de7a7,7424eea357d98b54c4652062440a1d287d509f1b7250f7eabbcc5185cde923b5,37f0f75e71de97e0b045d53af23b181e034e6c3262a1a4079d582f37471bb1b8,373bc096448cdc507d5c00c27fc9560494f830151f5b976fd48b7ebb576c2024,cc4d532031d8b49a2bf7090f5ab4c8693f9b28e9449ac04ec1b81bdaf48362b1,3467.145696218178,3467.145696218178,373bc096448cdc507d5c00c27fc9560494f830151f5b976fd48b7ebb576c2024,cc4d532031d8b49a2bf7090f5ab4c8693f9b28e9449ac04ec1b81bdaf48362b1,6c9a928b81e9f356e9963f68819f878b34687b9659b42c863c2d9c5b23b21ce4,f5813a8cda35bb54b0d3123e62701165e10068f532b0aa0fda70926f2d7ddc32
27,Celje,Ljubljana,1.4,travel_time,seconds,2889.288080181815,4045.003312254541,4.145003312254541e-07,147011,6.61938289454311,279080,6.340427426778832,5.898814066313207,5.928481603041291,6622513,88514776,3523.923910416253,False,7fae267d1b5f691bcdf4d543dab907175dc77b740960042b48a751bf15a2d693,923d90961262f4c4cc257099ce612a8470aa7f633416aef8d32c7ce75b0b6229,58e10b01925eabb867e4d5c253fa01fc8c347bdeca028c5810736c1c15620c74,373bc096448cdc507d5c00c27fc9560494f830151f5b976fd48b7ebb576c2024,cc4d532031d8b49a2bf7090f5ab4c8693f9b28e9449ac04ec1b81bdaf48362b1,travel_time,seconds,2889.288080181815,4045.003312254541,147011,279080,2.4948841730620868,2.413964039824352,72793,142186,True,962.0,3523.923910416253,4661263.383919964,4739186.792372998,2550117.9721509805,2595340.890146671,0,0,False,False,False,6c9a928b81e9f356e9963f68819f878b34687b9659b42c863c2d9c5b23b21ce4,15.298951999284327,17453565,233908488,e10a5d4bb2a927d1bdcf21a41d30971a9301a82e08656c0419ef45e3f92de7a7,7424eea357d98b54c4652062440a1d287d509f1b7250f7eabbcc5185cde923b5,37f0f75e71de97e0b045d53af23b181e034e6c3262a1a4079d582f37471bb1b8,373bc096448cdc507d5c00c27fc9560494f830151f5b976fd48b7ebb576c2024,cc4d532031d8b49a2bf7090f5ab4c8693f9b28e9449ac04ec1b81bdaf48362b1,4045.003312254541,4045.003312254541,373bc096448cdc507d5c00c27fc9560494f830151f5b976fd48b7ebb576c2024,cc4d532031d8b49a2bf7090f5ab4c8693f9b28e9449ac04ec1b81bdaf48362b1,6c9a928b81e9f356e9963f68819f878b34687b9659b42c863c2d9c5b23b21ce4,f5813a8cda35bb54b0d3123e62701165e10068f532b0aa0fda70926f2d7ddc32
27,Celje,Ljubljana,1.6,travel_time,seconds,2889.288080181815,4622.860928290905,4.722860928290905e-07,249295,11.22486792617644,482001,10.95059610195938,5.86668704636395,5.9130748035386205,6622513,88514776,4702.858994367946,False,7fae267d1b5f691bcdf4d543dab907175dc77b740960042b48a751bf15a2d693,923d90961262f4c4cc257099ce612a8470aa7f633416aef8d32c7ce75b0b6229,58e10b01925eabb867e4d5c253fa01fc8c347bdeca028c5810736c1c15620c74,373bc096448cdc507d5c00c27fc9560494f830151f5b976fd48b7ebb576c2024,cc4d532031d8b49a2bf7090f5ab4c8693f9b28e9449ac04ec1b81bdaf48362b1,travel_time,seconds,2889.288080181815,4622.860928290905,249295,482001,4.230718449119541,4.16917400444094,102284,202921,True,1662.0,4702.858994367946,4654545.086412594,4744012.70784522,2545748.9908102695,2598313.917865019,0,0,False,False,False,6c9a928b81e9f356e9963f68819f878b34687b9659b42c863c2d9c5b23b21ce4,15.299441060051322,17453565,233908488,e10a5d4bb2a927d1bdcf21a41d30971a9301a82e08656c0419ef45e3f92de7a7,7424eea357d98b54c4652062440a1d287d509f1b7250f7eabbcc5185cde923b5,37f0f75e71de97e0b045d53af23b181e034e6c3262a1a4079d582f37471bb1b8,373bc096448cdc507d5c00c27fc9560494f830151f5b976fd48b7ebb576c2024,cc4d532031d8b49a2bf7090f5ab4c8693f9b28e9449ac04ec1b81bdaf48362b1,4622.860928290905,4622.860928290905,373bc096448cdc507d5c00c27fc9560494f830151f5b976fd48b7ebb576c2024,cc4d532031d8b49a2bf7090f5ab4c8693f9b28e9449ac04ec1b81bdaf48362b1,6c9a928b81e9f356e9963f68819f878b34687b9659b42c863c2d9c5b23b21ce4,f5813a8cda35bb54b0d3123e62701165e10068f532b0aa0fda70926f2d7ddc32
27,Celje,Ljubljana,2.0,travel_time,seconds,2889.288080181815,5778.57616036363,5.87857616036363e-07,529254,23.830426801181673,1039130,23.6080276336129,5.868712090887129,5.912334972526878,6622513,88514776,8265.855841616367,False,7fae267d1b5f691bcdf4d543dab907175dc77b740960042b48a751bf15a2d693,923d90961262f4c4cc257099ce612a8470aa7f633416aef8d32c7ce75b0b6229,58e10b01925eabb867e4d5c253fa01fc8c347bdeca028c5810736c1c15620c74,373bc096448cdc507d5c00c27fc9560494f830151f5b976fd48b7ebb576c2024,cc4d532031d8b49a2bf7090f5ab4c8693f9b28e9449ac04ec1b81bdaf48362b1,travel_time,seconds,2889.288080181815,5778.57616036363,529254,1039130,8.981827401553636,8.988184222096455,279959,557129,True,3557.0,8265.855841616367,4647230.516039,4758704.377027383,2536706.061737651,2610856.6811593445,0,0,False,False,False,6c9a928b81e9f356e9963f68819f878b34687b9659b42c863c2d9c5b23b21ce4,15.392049099318683,17453565,233908488,e10a5d4bb2a927d1bdcf21a41d30971a9301a82e08656c0419ef45e3f92de7a7,7424eea357d98b54c4652062440a1d287d509f1b7250f7eabbcc5185cde923b5,37f0f75e71de97e0b045d53af23b181e034e6c3262a1a4079d582f37471bb1b8,373bc096448cdc507d5c00c27fc9560494f830151f5b976fd48b7ebb576c2024,cc4d532031d8b49a2bf7090f5ab4c8693f9b28e9449ac04ec1b81bdaf48362b1,5778.57616036363,5778.57616036363,373bc096448cdc507d5c00c27fc9560494f830151f5b976fd48b7ebb576c2024,cc4d532031d8b49a2bf7090f5ab4c8693f9b28e9449ac04ec1b81bdaf48362b1,6c9a928b81e9f356e9963f68819f878b34687b9659b42c863c2d9c5b23b21ce4,f5813a8cda35bb54b0d3123e62701165e10068f532b0aa0fda70926f2d7ddc32
28,Celje,Maribor,1.0,travel_time,seconds,2365.9188525974027,2365.9188525974027,2.4659188525974027e-07,1123,0.05056469917606106,1122,0.02549075380839132,6.065313937142491,6.3372319913469255,6622513,88514776,1182.956277500248,False,7fae267d1b5f691bcdf4d543dab907175dc77b740960042b48a751bf15a2d693,923d90961262f4c4cc257099ce612a8470aa7f633416aef8d32c7ce75b0b6229,58e10b01925eabb867e4d5c253fa01fc8c347bdeca028c5810736c1c15620c74,373bc096448cdc507d5c00c27fc9560494f830151f5b976fd48b7ebb576c2024,cc4d532031d8b49a2bf7090f5ab4c8693f9b28e9449ac04ec1b81bdaf48362b1,travel_time,seconds,2365.9188525974027,2365.9188525974027,1123,1122,0.019058131203438678,0.009704986572606144,1123,1122,False,72.0,1182.956277500248,4727327.634148158,4757164.310217839,2582626.242158258,2622273.9654749427,0,0,False,False,False,6c9a928b81e9f356e9963f68819f878b34687b9659b42c863c2d9c5b23b21ce4,16.12635503988713,17453565,233908488,e10a5d4bb2a927d1bdcf21a41d30971a9301a82e08656c0419ef45e3f92de7a7,7424eea357d98b54c4652062440a1d287d509f1b7250f7eabbcc5185cde923b5,37f0f75e71de97e0b045d53af23b181e034e6c3262a1a4079d582f37471bb1b8,373bc096448cdc507d5c00c27fc9560494f830151f5b976fd48b7ebb576c2024,cc4d532031d8b49a2bf7090f5ab4c8693f9b28e9449ac04ec1b81bdaf48362b1,2365.9188525974027,2365.9188525974027,373bc096448cdc507d5c00c27fc9560494f830151f5b976fd48b7ebb576c2024,cc4d532031d8b49a2bf7090f5ab4c8693f9b28e9449ac04ec1b81bdaf48362b1,6c9a928b81e9f356e9963f68819f878b34687b9659b42c863c2d9c5b23b21ce4,f5813a8cda35bb54b0d3123e62701165e10068f532b0aa0fda70926f2d7ddc32
28,Celje,Maribor,1.05,travel_time,seconds,2365.9188525974027,2484.214795227273,2.584214795227273e-07,11573,0.5210910628357566,18640,0.4234827548916348,5.90216601267457,6.246997299604118,6622513,88514776,1284.906805976872,False,7fae267d1b5f691bcdf4d543dab907175dc77b740960042b48a751bf15a2d693,923d90961262f4c4cc257099ce612a8470aa7f633416aef8d32c7ce75b0b6229,58e10b01925eabb867e4d5c253fa01fc8c347bdeca028c5810736c1c15620c74,373bc096448cdc507d5c00c27fc9560494f830151f5b976fd48b7ebb576c2024,cc4d532031d8b49a2bf7090f5ab4c8693f9b28e9449ac04ec1b81bdaf48362b1,travel_time,seconds,2365.9188525974027,2484.214795227273,11573,18640,0.19640227285609602,0.1612307929709256,10450,17518,True,115.0,1284.906805976872,4726841.658692348,4758278.444071193,2581810.3633588357,2622683.0795253403,0,0,False,False,False,6c9a928b81e9f356e9963f68819f878b34687b9659b42c863c2d9c5b23b21ce4,16.020196955651045,17453565,233908488,e10a5d4bb2a927d1bdcf21a41d30971a9301a82e08656c0419ef45e3f92de7a7,7424eea357d98b54c4652062440a1d287d509f1b7250f7eabbcc5185cde923b5,37f0f75e71de97e0b045d53af23b181e034e6c3262a1a4079d582f37471bb1b8,373bc096448cdc507d5c00c27fc9560494f830151f5b976fd48b7ebb576c2024,cc4d532031d8b49a2bf7090f5ab4c8693f9b28e9449ac04ec1b81bdaf48362b1,2484.214795227273,2484.214795227273,373bc096448cdc507d5c00c27fc9560494f830151f5b976fd48b7ebb576c2024,cc4d532031d8b49a2bf7090f5ab4c8693f9b28e9449ac04ec1b81bdaf48362b1,6c9a928b81e9f356e9963f68819f878b34687b9659b42c863c2d9c5b23b21ce4,f5813a8cda35bb54b0d3123e62701165e10068f532b0aa0fda70926f2d7ddc32
28,Celje,Maribor,1.1,travel_time,seconds,2365.9188525974027,2602.5107378571433,2.7025107378571433e-07,22510,1.0135453058353825,39280,0.8924035736128441,5.977315013296902,6.0695253778249025,6622513,88514776,1395.0852652314957,False,7fae267d1b5f691bcdf4d543dab907175dc77b740960042b48a751bf15a2d693,923d90961262f4c4cc257099ce612a8470aa7f633416aef8d32c7ce75b0b6229,58e10b01925eabb867e4d5c253fa01fc8c347bdeca028c5810736c1c15620c74,373bc096448cdc507d5c00c27fc9560494f830151f5b976fd48b7ebb576c2024,cc4d532031d8b49a2bf7090f5ab4c8693f9b28e9449ac04ec1b81bdaf48362b1,travel_time,seconds,2365.9188525974027,2602.5107378571433,22510,39280,0.3820111606317049,0.33976102724774454,10937,20640,True,156.0,1395.0852652314957,4725879.704883924,4758632.9808741165,2580687.7641318096,2623281.5268335687,0,0,False,False,False,6c9a928b81e9f356e9963f68819f878b34687b9659b42c863c2d9c5b23b21ce4,15.576079953461885,17453565,233908488,e10a5d4bb2a927d1bdcf21a41d30971a9301a82e08656c0419ef45e3f92de7a7,7424eea357d98b54c4652062440a1d287d509f1b7250f7eabbcc5185cde923b5,37f0f75e71de97e0b045d53af23b181e034e6c3262a1a4079d582f37471bb1b8,373bc096448cdc507d5c00c27fc9560494f830151f5b976fd48b7ebb576c2024,cc4d532031d8b49a2bf7090f5ab4c8693f9b28e9449ac04ec1b81bdaf48362b1,2602.5107378571433,2602.5107378571433,373bc096448cdc507d5c00c27fc9560494f830151f5b976fd48b7ebb576c2024,cc4d532031d8b49a2bf7090f5ab4c8693f9b28e9449ac04ec1b81bdaf48362b1,6c9a928b81e9f356e9963f68819f878b34687b9659b42c863c2d9c5b23b21ce4,f5813a8cda35bb54b0d3123e62701165e10068f532b0aa0fda70926f2d7ddc32
28,Celje,Maribor,1.2,travel_time,seconds,2365.9188525974027,2839.102623116883,2.9391026231168834e-07,44502,2.0037669124960544,81154,1.8437403160126464,5.87632495444268,5.920010071713477,6622513,88514776,1796.0338282096195,False,7fae267d1b5f691bcdf4d543dab907175dc77b740960042b48a751bf15a2d693,923d90961262f4c4cc257099ce612a8470aa7f633416aef8d32c7ce75b0b6229,58e10b01925eabb867e4d5c253fa01fc8c347bdeca028c5810736c1c15620c74,373bc096448cdc507d5c00c27fc9560494f830151f5b976fd48b7ebb576c2024,cc4d532031d8b49a2bf7090f5ab4c8693f9b28e9449ac04ec1b81bdaf48362b1,travel_time,seconds,2365.9188525974027,2839.102623116883,44502,81154,0.7552314824714408,0.7019594298692327,21992,41874,True,293.0,1796.0338282096195,4723397.839544494,4760908.121578798,2579582.237953615,2627463.3449676093,0,0,False,False,False,6c9a928b81e9f356e9963f68819f878b34687b9659b42c863c2d9c5b23b21ce4,15.774567029438913,17453565,233908488,e10a5d4bb2a927d1bdcf21a41d30971a9301a82e08656c0419ef45e3f92de7a7,7424eea357d98b54c4652062440a1d287d509f1b7250f7eabbcc5185cde923b5,37f0f75e71de97e0b045d53af23b181e034e6c3262a1a4079d582f37471bb1b8,373bc096448cdc507d5c00c27fc9560494f830151f5b976fd48b7ebb576c2024,cc4d532031d8b49a2bf7090f5ab4c8693f9b28e9449ac04ec1b81bdaf48362b1,2839.102623116883,2839.102623116883,373bc096448cdc507d5c00c27fc9560494f830151f5b976fd48b7ebb576c2024,cc4d532031d8b49a2bf7090f5ab4c8693f9b28e9449ac04ec1b81bdaf48362b1,6c9a928b81e9f356e9963f68819f878b34687b9659b42c863c2d9c5b23b21ce4,f5813a8cda35bb54b0d3123e62701165e10068f532b0aa0fda70926f2d7ddc32
28,Celje,Maribor,1.4,travel_time,seconds,2365.9188525974027,3312.2863936363638,3.412286393636364e-07,102520,4.616111272956171,195697,4.446046388628125,5.911174928769469,6.0229341965168715,6622513,88514776,2648.9352663544587,False,7fae267d1b5f691bcdf4d543dab907175dc77b740960042b48a751bf15a2d693,923d90961262f4c4cc257099ce612a8470aa7f633416aef8d32c7ce75b0b6229,58e10b01925eabb867e4d5c253fa01fc8c347bdeca028c5810736c1c15620c74,373bc096448cdc507d5c00c27fc9560494f830151f5b976fd48b7ebb576c2024,cc4d532031d8b49a2bf7090f5ab4c8693f9b28e9449ac04ec1b81bdaf48362b1,travel_time,seconds,2365.9188525974027,3312.2863936363638,102520,195697,1.7398393686344908,1.6927243826197012,58018,114543,True,694.0,2648.9352663544587,4718430.039835376,4766135.824478062,2575650.3524023537,2631176.8527250052,0,0,False,False,False,6c9a928b81e9f356e9963f68819f878b34687b9659b42c863c2d9c5b23b21ce4,16.00720698479563,17453565,233908488,e10a5d4bb2a927d1bdcf21a41d30971a9301a82e08656c0419ef45e3f92de7a7,7424eea357d98b54c4652062440a1d287d509f1b7250f7eabbcc5185cde923b5,37f0f75e71de97e0b045d53af23b181e034e6c3262a1a4079d582f37471bb1b8,373bc096448cdc507d5c00c27fc9560494f830151f5b976fd48b7ebb576c2024,cc4d532031d8b49a2bf7090f5ab4c8693f9b28e9449ac04ec1b81bdaf48362b1,3312.2863936363638,3312.2863936363638,373bc096448cdc507d5c00c27fc9560494f830151f5b976fd48b7ebb576c2024,cc4d532031d8b49a2bf7090f5ab4c8693f9b28e9449ac04ec1b81bdaf48362b1,6c9a928b81e9f356e9963f68819f878b34687b9659b42c863c2d9c5b23b21ce4,f5813a8cda35bb54b0d3123e62701165e10068f532b0aa0fda70926f2d7ddc32
28,Celje,Maribor,1.6,travel_time,seconds,2365.9188525974027,3785.4701641558445,3.885470164155845e-07,173741,7.8229398036937,336569,7.646521852528037,5.8562810299918056,5.889720527920872,6622513,88514776,3882.134124106375,True,7fae267d1b5f691bcdf4d543dab907175dc77b740960042b48a751bf15a2d693,923d90961262f4c4cc257099ce612a8470aa7f633416aef8d32c7ce75b0b6229,58e10b01925eabb867e4d5c253fa01fc8c347bdeca028c5810736c1c15620c74,373bc096448cdc507d5c00c27fc9560494f830151f5b976fd48b7ebb576c2024,cc4d532031d8b49a2bf7090f5ab4c8693f9b28e9449ac04ec1b81bdaf48362b1,travel_time,seconds,2365.9188525974027,3785.4701641558445,174569,337848,2.9625635850873433,2.922290823156721,72049,142151,True,1219.0,4039.4906964129095,4711184.168266719,4772248.923099863,2572982.2842008667,2639133.2203251594,0,0,False,False,False,6c9a928b81e9f356e9963f68819f878b34687b9659b42c863c2d9c5b23b21ce4,15.405807993374765,17453565,233908488,e10a5d4bb2a927d1bdcf21a41d30971a9301a82e08656c0419ef45e3f92de7a7,7424eea357d98b54c4652062440a1d287d509f1b7250f7eabbcc5185cde923b5,37f0f75e71de97e0b045d53af23b181e034e6c3262a1a4079d582f37471bb1b8,373bc096448cdc507d5c00c27fc9560494f830151f5b976fd48b7ebb576c2024,cc4d532031d8b49a2bf7090f5ab4c8693f9b28e9449ac04ec1b81bdaf48362b1,3785.4701641558445,3785.4701641558445,373bc096448cdc507d5c00c27fc9560494f830151f5b976fd48b7ebb576c2024,cc4d532031d8b49a2bf7090f5ab4c8693f9b28e9449ac04ec1b81bdaf48362b1,6c9a928b81e9f356e9963f68819f878b34687b9659b42c863c2d9c5b23b21ce4,f5813a8cda35bb54b0d3123e62701165e10068f532b0aa0fda70926f2d7ddc32
28,Celje,Maribor,2.0,travel_time,seconds,2365.9188525974027,4731.8377051948055,4.831837705194805e-07,353095,15.898613050375138,694185,15.771211169766604,5.8505539782345295,5.924096587114036,6622513,88514776,5785.906444998599,True,7fae267d1b5f691bcdf4d543dab907175dc77b740960042b48a751bf15a2d693,923d90961262f4c4cc257099ce612a8470aa7f633416aef8d32c7ce75b0b6229,58e10b01925eabb867e4d5c253fa01fc8c347bdeca028c5810736c1c15620c74,373bc096448cdc507d5c00c27fc9560494f830151f5b976fd48b7ebb576c2024,cc4d532031d8b49a2bf7090f5ab4c8693f9b28e9449ac04ec1b81bdaf48362b1,travel_time,seconds,2365.9188525974027,4731.8377051948055,363858,715256,6.174936334301683,6.186764595344011,189289,377408,True,2478.0,6598.0214385715,4700791.6050984375,4782155.9967496935,2566841.749692807,2647933.997845438,0,0,False,False,False,6c9a928b81e9f356e9963f68819f878b34687b9659b42c863c2d9c5b23b21ce4,15.823245979845524,17453565,233908488,e10a5d4bb2a927d1bdcf21a41d30971a9301a82e08656c0419ef45e3f92de7a7,7424eea357d98b54c4652062440a1d287d509f1b7250f7eabbcc5185cde923b5,37f0f75e71de97e0b045d53af23b181e034e6c3262a1a4079d582f37471bb1b8,373bc096448cdc507d5c00c27fc9560494f830151f5b976fd48b7ebb576c2024,cc4d532031d8b49a2bf7090f5ab4c8693f9b28e9449ac04ec1b81bdaf48362b1,4731.8377051948055,4731.8377051948055,373bc096448cdc507d5c00c27fc9560494f830151f5b976fd48b7ebb576c2024,cc4d532031d8b49a2bf7090f5ab4c8693f9b28e9449ac04ec1b81bdaf48362b1,6c9a928b81e9f356e9963f68819f878b34687b9659b42c863c2d9c5b23b21ce4,f5813a8cda35bb54b0d3123e62701165e10068f532b0aa0fda70926f2d7ddc32
29,Koper,Celje,1.0,travel_time,seconds,6424.177123064935,6424.177123064935,6.524177123064936e-07,2653,0.11945516198939447,2652,0.060250872638015845,6.064546061679721,6.6685980767942965,6622513,88514776,10133.476737196159,False,7fae267d1b5f691bcdf4d543dab907175dc77b740960042b48a751bf15a2d693,923d90961262f4c4cc257099ce612a8470aa7f633416aef8d32c7ce75b0b6229,58e10b01925eabb867e4d5c253fa01fc8c347bdeca028c5810736c1c15620c74,373bc096448cdc507d5c00c27fc9560494f830151f5b976fd48b7ebb576c2024,cc4d532031d8b49a2bf7090f5ab4c8693f9b28e9449ac04ec1b81bdaf48362b1,travel_time,seconds,6424.177123064935,6424.177123064935,2653,2652,0.045023350029138744,0.022939059171614522,2653,2652,False,215.0,10133.476737196159,4612506.813772062,4728995.35984279,2499858.1153910113,2586849.3010397996,0,0,False,False,False,6c9a928b81e9f356e9963f68819f878b34687b9659b42c863c2d9c5b23b21ce4,16.46550092846155,17453565,233908488,e10a5d4bb2a927d1bdcf21a41d30971a9301a82e08656c0419ef45e3f92de7a7,7424eea357d98b54c4652062440a1d287d509f1b7250f7eabbcc5185cde923b5,37f0f75e71de97e0b045d53af23b181e034e6c3262a1a4079d582f37471bb1b8,373bc096448cdc507d5c00c27fc9560494f830151f5b976fd48b7ebb576c2024,cc4d532031d8b49a2bf7090f5ab4c8693f9b28e9449ac04ec1b81bdaf48362b1,6424.177123064935,6424.177123064935,373bc096448cdc507d5c00c27fc9560494f830151f5b976fd48b7ebb576c2024,cc4d532031d8b49a2bf7090f5ab4c8693f9b28e9449ac04ec1b81bdaf48362b1,6c9a928b81e9f356e9963f68819f878b34687b9659b42c863c2d9c5b23b21ce4,f5813a8cda35bb54b0d3123e62701165e10068f532b0aa0fda70926f2d7ddc32
29,Koper,Celje,1.05,travel_time,seconds,6424.177123064935,6745.385979218182,6.845385979218182e-07,60184,2.7098716431095804,103777,2.357712975020879,6.052113953046501,6.08857125043869,6622513,88514776,11102.749251395566,False,7fae267d1b5f691bcdf4d543dab907175dc77b740960042b48a751bf15a2d693,923d90961262f4c4cc257099ce612a8470aa7f633416aef8d32c7ce75b0b6229,58e10b01925eabb867e4d5c253fa01fc8c347bdeca028c5810736c1c15620c74,373bc096448cdc507d5c00c27fc9560494f830151f5b976fd48b7ebb576c2024,cc4d532031d8b49a2bf7090f5ab4c8693f9b28e9449ac04ec1b81bdaf48362b1,travel_time,seconds,6424.177123064935,6745.385979218182,60184,103777,1.0213664900692372,0.8976420602008448,57531,101125,True,486.0,11102.749251395566,4610876.277952051,4731458.594892249,2496827.8993145004,2588903.997478229,0,0,False,False,False,6c9a928b81e9f356e9963f68819f878b34687b9659b42c863c2d9c5b23b21ce4,15.691597014665604,17453565,233908488,e10a5d4bb2a927d1bdcf21a41d30971a9301a82e08656c0419ef45e3f92de7a7,7424eea357d98b54c4652062440a1d287d509f1b7250f7eabbcc5185cde923b5,37f0f75e71de97e0b045d53af23b181e034e6c3262a1a4079d582f37471bb1b8,373bc096448cdc507d5c00c27fc9560494f830151f5b976fd48b7ebb576c2024,cc4d532031d8b49a2bf7090f5ab4c8693f9b28e9449ac04ec1b81bdaf48362b1,6745.385979218182,6745.385979218182,373bc096448cdc507d5c00c27fc9560494f830151f5b976fd48b7ebb576c2024,cc4d532031d8b49a2bf7090f5ab4c8693f9b28e9449ac04ec1b81bdaf48362b1,6c9a928b81e9f356e9963f68819f878b34687b9659b42c863c2d9c5b23b21ce4,f5813a8cda35bb54b0d3123e62701165e10068f532b0aa0fda70926f2d7ddc32
29,Koper,Celje,1.1,travel_time,seconds,6424.177123064935,7066.594835371428,7.166594835371429e-07,140695,6.334995859818264,260231,5.912196394217006,6.072158110328019,6.2533109448850155,6622513,88514776,12555.218619109366,True,7fae267d1b5f691bcdf4d543dab907175dc77b740960042b48a751bf15a2d693,923d90961262f4c4cc257099ce612a8470aa7f633416aef8d32c7ce75b0b6229,58e10b01925eabb867e4d5c253fa01fc8c347bdeca028c5810736c1c15620c74,373bc096448cdc507d5c00c27fc9560494f830151f5b976fd48b7ebb576c2024,cc4d532031d8b49a2bf7090f5ab4c8693f9b28e9449ac04ec1b81bdaf48362b1,travel_time,seconds,6424.177123064935,7066.594835371428,141706,261963,2.404854443735068,2.265906771407864,81522,158186,True,951.0,12555.218619109366,4606345.834887194,4736868.888401952,2495653.9324359414,2591845.511479025,0,0,False,False,False,6c9a928b81e9f356e9963f68819f878b34687b9659b42c863c2d9c5b23b21ce4,15.679933014325798,17453565,233908488,e10a5d4bb2a927d1bdcf21a41d30971a9301a82e08656c0419ef45e3f92de7a7,7424eea357d98b54c4652062440a1d287d509f1b7250f7eabbcc5185cde923b5,37f0f75e71de97e0b045d53af23b181e034e6c3262a1a4079d582f37471bb1b8,373bc096448cdc507d5c00c27fc9560494f830151f5b976fd48b7ebb576c2024,cc4d532031d8b49a2bf7090f5ab4c8693f9b28e9449ac04ec1b81bdaf48362b1,7066.594835371428,7066.594835371428,373bc096448cdc507d5c00c27fc9560494f830151f5b976fd48b7ebb576c2024,cc4d532031d8b49a2bf7090f5ab4c8693f9b28e9449ac04ec1b81bdaf48362b1,6c9a928b81e9f356e9963f68819f878b34687b9659b42c863c2d9c5b23b21ce4,f5813a8cda35bb54b0d3123e62701165e10068f532b0aa0fda70926f2d7ddc32
29,Koper,Celje,1.2,travel_time,seconds,6424.177123064935,7709.012547677921,7.809012547677922e-07,271540,12.226481223746768,518368,11.776819135604448,6.0416379710659385,6.103174656163901,6622513,88514776,14312.261637288208,True,7fae267d1b5f691bcdf4d543dab907175dc77b740960042b48a751bf15a2d693,923d90961262f4c4cc257099ce612a8470aa7f633416aef8d32c7ce75b0b6229,58e10b01925eabb867e4d5c253fa01fc8c347bdeca028c5810736c1c15620c74,373bc096448cdc507d5c00c27fc9560494f830151f5b976fd48b7ebb576c2024,cc4d532031d8b49a2bf7090f5ab4c8693f9b28e9449ac04ec1b81bdaf48362b1,travel_time,seconds,6424.177123064935,7709.012547677921,305316,578606,5.181435784959112,5.004780268118851,163610,316643,True,2121.0,14312.261637288208,4602053.0824542735,4739435.935960826,2491656.9408171056,2595834.8733027307,0,0,False,False,False,6c9a928b81e9f356e9963f68819f878b34687b9659b42c863c2d9c5b23b21ce4,15.500790905207396,17453565,233908488,e10a5d4bb2a927d1bdcf21a41d30971a9301a82e08656c0419ef45e3f92de7a7,7424eea357d98b54c4652062440a1d287d509f1b7250f7eabbcc5185cde923b5,37f0f75e71de97e0b045d53af23b181e034e6c3262a1a4079d582f37471bb1b8,373bc096448cdc507d5c00c27fc9560494f830151f5b976fd48b7ebb576c2024,cc4d532031d8b49a2bf7090f5ab4c8693f9b28e9449ac04ec1b81bdaf48362b1,7709.012547677921,7709.012547677921,373bc096448cdc507d5c00c27fc9560494f830151f5b976fd48b7ebb576c2024,cc4d532031d8b49a2bf7090f5ab4c8693f9b28e9449ac04ec1b81bdaf48362b1,6c9a928b81e9f356e9963f68819f878b34687b9659b42c863c2d9c5b23b21ce4,f5813a8cda35bb54b0d3123e62701165e10068f532b0aa0fda70926f2d7ddc32
29,Koper,Celje,1.4,travel_time,seconds,6424.177123064935,8993.847972290909,9.093847972290909e-07,637107,28.68666411216628,1246010,28.30814095614409,5.885335034690797,5.97729425644502,6622513,88514776,18256.37351377184,True,7fae267d1b5f691bcdf4d543dab907175dc77b740960042b48a751bf15a2d693,923d90961262f4c4cc257099ce612a8470aa7f633416aef8d32c7ce75b0b6229,58e10b01925eabb867e4d5c253fa01fc8c347bdeca028c5810736c1c15620c74,373bc096448cdc507d5c00c27fc9560494f830151f5b976fd48b7ebb576c2024,cc4d532031d8b49a2bf7090f5ab4c8693f9b28e9449ac04ec1b81bdaf48362b1,travel_time,seconds,6424.177123064935,8993.847972290909,694330,1349339,11.78328783480283,11.671405416126383,389014,770733,True,4952.0,18955.51483650707,4598254.508634903,4755624.471311003,2484947.1324817217,2605399.0568144573,0,0,False,False,False,6c9a928b81e9f356e9963f68819f878b34687b9659b42c863c2d9c5b23b21ce4,15.438772970810533,17453565,233908488,e10a5d4bb2a927d1bdcf21a41d30971a9301a82e08656c0419ef45e3f92de7a7,7424eea357d98b54c4652062440a1d287d509f1b7250f7eabbcc5185cde923b5,37f0f75e71de97e0b045d53af23b181e034e6c3262a1a4079d582f37471bb1b8,373bc096448cdc507d5c00c27fc9560494f830151f5b976fd48b7ebb576c2024,cc4d532031d8b49a2bf7090f5ab4c8693f9b28e9449ac04ec1b81bdaf48362b1,8993.847972290909,8993.847972290909,373bc096448cdc507d5c00c27fc9560494f830151f5b976fd48b7ebb576c2024,cc4d532031d8b49a2bf7090f5ab4c8693f9b28e9449ac04ec1b81bdaf48362b1,6c9a928b81e9f356e9963f68819f878b34687b9659b42c863c2d9c5b23b21ce4,f5813a8cda35bb54b0d3123e62701165e10068f532b0aa0fda70926f2d7ddc32
29,Koper,Celje,1.6,travel_time,seconds,6424.177123064935,10278.683396903896,1.0378683396903895e-06,1121248,50.48581284217285,2210163,50.212763733881985,5.861937068402767,6.0605022590607405,6622513,88514776,23630.32528086463,True,7fae267d1b5f691bcdf4d543dab907175dc77b740960042b48a751bf15a2d693,923d90961262f4c4cc257099ce612a8470aa7f633416aef8d32c7ce75b0b6229,58e10b01925eabb867e4d5c253fa01fc8c347bdeca028c5810736c1c15620c74,373bc096448cdc507d5c00c27fc9560494f830151f5b976fd48b7ebb576c2024,cc4d532031d8b49a2bf7090f5ab4c8693f9b28e9449ac04ec1b81bdaf48362b1,travel_time,seconds,6424.177123064935,10278.683396903896,1216564,2383590,20.6459807029209,20.617387651157113,522234,1034251,True,8968.0,27457.83752180164,4587254.873838705,4767765.522907101,2473800.049166453,2625912.0584219173,0,0,False,False,False,6c9a928b81e9f356e9963f68819f878b34687b9659b42c863c2d9c5b23b21ce4,15.532569028437138,17453565,233908488,e10a5d4bb2a927d1bdcf21a41d30971a9301a82e08656c0419ef45e3f92de7a7,7424eea357d98b54c4652062440a1d287d509f1b7250f7eabbcc5185cde923b5,37f0f75e71de97e0b045d53af23b181e034e6c3262a1a4079d582f37471bb1b8,373bc096448cdc507d5c00c27fc9560494f830151f5b976fd48b7ebb576c2024,cc4d532031d8b49a2bf7090f5ab4c8693f9b28e9449ac04ec1b81bdaf48362b1,10278.683396903896,10278.683396903896,373bc096448cdc507d5c00c27fc9560494f830151f5b976fd48b7ebb576c2024,cc4d532031d8b49a2bf7090f5ab4c8693f9b28e9449ac04ec1b81bdaf48362b1,6c9a928b81e9f356e9963f68819f878b34687b9659b42c863c2d9c5b23b21ce4,f5813a8cda35bb54b0d3123e62701165e10068f532b0aa0fda70926f2d7ddc32
29,Koper,Celje,2.0,travel_time,seconds,6424.177123064935,12848.35424612987,1.294835424612987e-06,1767753,79.59563549650888,3499389,79.50273037325552,5.986185045912862,6.091028719674796,6622513,88514776,29498.996893036052,True,7fae267d1b5f691bcdf4d543dab907175dc77b740960042b48a751bf15a2d693,923d90961262f4c4cc257099ce612a8470aa7f633416aef8d32c7ce75b0b6229,58e10b01925eabb867e4d5c253fa01fc8c347bdeca028c5810736c1c15620c74,373bc096448cdc507d5c00c27fc9560494f830151f5b976fd48b7ebb576c2024,cc4d532031d8b49a2bf7090f5ab4c8693f9b28e9449ac04ec1b81bdaf48362b1,travel_time,seconds,6424.177123064935,12848.35424612987,2128309,4168933,36.118960074318224,36.06010587085085,911745,1785343,True,16519.0,47838.034333105956,4553721.142619074,4789819.535271801,2449087.6083340463,2651706.668106597,0,0,False,False,False,6c9a928b81e9f356e9963f68819f878b34687b9659b42c863c2d9c5b23b21ce4,15.687895007431507,17453565,233908488,e10a5d4bb2a927d1bdcf21a41d30971a9301a82e08656c0419ef45e3f92de7a7,7424eea357d98b54c4652062440a1d287d509f1b7250f7eabbcc5185cde923b5,37f0f75e71de97e0b045d53af23b181e034e6c3262a1a4079d582f37471bb1b8,373bc096448cdc507d5c00c27fc9560494f830151f5b976fd48b7ebb576c2024,cc4d532031d8b49a2bf7090f5ab4c8693f9b28e9449ac04ec1b81bdaf48362b1,12848.35424612987,12848.35424612987,373bc096448cdc507d5c00c27fc9560494f830151f5b976fd48b7ebb576c2024,cc4d532031d8b49a2bf7090f5ab4c8693f9b28e9449ac04ec1b81bdaf48362b1,6c9a928b81e9f356e9963f68819f878b34687b9659b42c863c2d9c5b23b21ce4,f5813a8cda35bb54b0d3123e62701165e10068f532b0aa0fda70926f2d7ddc32
